Date,equity,npos,cash
2015-01-02,1.0,0,1.0
2015-01-05,1.0,0,1.0
2015-01-06,1.0,0,1.0
2015-01-07,1.0,0,1.0
2015-01-08,1.0,0,1.0
2015-01-09,1.0,0,1.0
2015-01-12,1.0,0,1.0
2015-01-13,1.0,0,1.0
2015-01-14,1.0,0,1.0
2015-01-15,1.0,0,1.0
2015-01-16,1.0,0,1.0
2015-01-19,1.0,0,1.0
2015-01-20,1.0,0,1.0
2015-01-21,1.0,0,1.0
2015-01-22,1.0,0,1.0
2015-01-23,1.0,0,1.0
2015-01-26,1.0,0,1.0
2015-01-27,1.0,0,1.0
2015-01-28,1.0,0,1.0
2015-01-29,1.0,0,1.0
2015-01-30,1.0,0,1.0
2015-02-02,1.0,0,1.0
2015-02-03,1.0,0,1.0
2015-02-04,1.0,0,1.0
2015-02-05,1.0,0,1.0
2015-02-06,1.0,0,1.0
2015-02-09,1.0,0,1.0
2015-02-10,1.0,0,1.0
2015-02-11,1.0,0,1.0
2015-02-12,1.0,0,1.0
2015-02-13,1.0,0,1.0
2015-02-16,1.0,0,1.0
2015-02-17,1.0,0,1.0
2015-02-23,1.0,0,1.0
2015-02-24,1.0,0,1.0
2015-02-25,1.0,0,1.0
2015-02-26,1.0,0,1.0
2015-02-27,1.0,0,1.0
2015-03-02,1.0,0,1.0
2015-03-03,1.0,0,1.0
2015-03-04,1.0,0,1.0
2015-03-05,1.0,0,1.0
2015-03-06,1.0,0,1.0
2015-03-09,1.0,0,1.0
2015-03-10,1.0,0,1.0
2015-03-11,1.0,0,1.0
2015-03-12,1.0,0,1.0
2015-03-13,1.0,0,1.0
2015-03-16,1.0,0,1.0
2015-03-17,1.0,0,1.0
2015-03-18,1.0,0,1.0
2015-03-19,1.0,0,1.0
2015-03-20,1.0,0,1.0
2015-03-23,1.0,0,1.0
2015-03-24,1.0,0,1.0
2015-03-25,1.0,0,1.0
2015-03-26,1.0,0,1.0
2015-03-27,1.0,0,1.0
2015-03-30,1.0,0,1.0
2015-03-31,1.0,0,1.0
2015-04-01,1.0,0,1.0
2015-04-02,1.0,0,1.0
2015-04-03,1.0,0,1.0
2015-04-06,1.0,0,1.0
2015-04-07,1.0,0,1.0
2015-04-08,1.0,0,1.0
2015-04-09,1.0,0,1.0
2015-04-10,1.0,0,1.0
2015-04-13,1.0,0,1.0
2015-04-14,1.0,0,1.0
2015-04-15,1.0,0,1.0
2015-04-16,1.0,0,1.0
2015-04-17,1.0,0,1.0
2015-04-20,1.0,0,1.0
2015-04-21,1.0,0,1.0
2015-04-22,1.0,0,1.0
2015-04-23,1.0,0,1.0
2015-04-24,1.0,0,1.0
2015-04-27,1.0,0,1.0
2015-04-28,1.0,0,1.0
2015-04-29,1.0,0,1.0
2015-04-30,1.0,0,1.0
2015-05-04,1.0,0,1.0
2015-05-06,1.0,0,1.0
2015-05-07,1.0,0,1.0
2015-05-08,1.0,0,1.0
2015-05-11,1.0,0,1.0
2015-05-12,1.0,0,1.0
2015-05-13,1.0,0,1.0
2015-05-14,1.0,0,1.0
2015-05-15,1.0,0,1.0
2015-05-18,1.0,0,1.0
2015-05-19,1.0,0,1.0
2015-05-20,1.0,0,1.0
2015-05-21,1.0,0,1.0
2015-05-22,1.0,0,1.0
2015-05-26,1.0,0,1.0
2015-05-27,1.0,0,1.0
2015-05-28,1.0,0,1.0
2015-05-29,1.0,0,1.0
2015-06-01,1.0,0,1.0
2015-06-02,1.0,0,1.0
2015-06-03,1.0,0,1.0
2015-06-04,1.0,0,1.0
2015-06-05,1.0,0,1.0
2015-06-08,1.0,0,1.0
2015-06-09,1.0,0,1.0
2015-06-10,1.0,0,1.0
2015-06-11,1.0,0,1.0
2015-06-12,0.9955111513067064,1,0.8
2015-06-15,1.0004435110330545,1,0.8
2015-06-16,1.0016576303503095,1,0.8
2015-06-17,1.0010885119203463,1,0.8
2015-06-18,1.0253708982654446,1,0.8
2015-06-19,1.0150129428401136,1,0.8
2015-06-22,1.0030993970395496,1,0.8
2015-06-23,1.0030993970395496,1,0.8
2015-06-24,1.0132676463215597,1,0.8
2015-06-25,1.0133814700075523,1,0.8
2015-06-26,1.0117120559463268,1,0.8
2015-06-29,1.0096739359488105,2,0.5990234730426465
2015-06-30,1.0179518316197422,2,0.5990234730426465
2015-07-01,1.0295038725917567,2,0.5990234730426465
2015-07-02,1.0357619294144385,2,0.5990234730426465
2015-07-03,1.032260196538588,2,0.5990234730426465
2015-07-06,1.0202238733229851,2,0.5990234730426465
2015-07-07,0.9939848476010131,1,0.7840389925147256
2015-07-08,0.9861510470380919,1,0.7840389925147256
2015-07-09,0.9874566804652455,1,0.7840389925147256
2015-07-10,0.9898068206341218,1,0.7840389925147256
2015-07-13,0.9937237209155825,1,0.7840389925147256
2015-07-14,0.9942459742864438,1,0.7840389925147256
2015-07-15,0.9942459742864438,1,0.7840389925147256
2015-07-16,0.9963349877698895,1,0.7840389925147256
2015-07-17,1.0012963947930729,1,0.7840389925147256
2015-07-20,1.0104358287831476,1,0.7840389925147256
2015-07-21,1.0093913220414248,1,0.7840389925147256
2015-07-22,1.0169639959189152,1,0.7840389925147256
2015-07-23,1.0138304756937468,1,0.7840389925147256
2015-07-24,1.0190530094023609,1,0.7840389925147256
2015-07-27,1.0125248422665933,1,0.7840389925147256
2015-07-28,1.0190530094023609,1,0.7840389925147256
2015-07-29,1.0321093436738962,1,0.7840389925147256
2015-07-30,1.0305425835613118,1,0.7840389925147256
2015-07-31,1.038637510809664,1,0.7840389925147256
2015-08-03,1.039420890865956,1,0.7840389925147256
2015-08-04,1.0355039905844952,1,0.7840389925147256
2015-08-05,1.0441211712037086,1,0.7840389925147256
2015-08-06,1.043860044518278,1,0.7840389925147256
2015-08-07,1.0451656779454312,1,0.7840389925147256
2015-08-10,1.054305111935506,1,0.7840389925147256
2015-08-11,1.049082578226892,1,0.7840389925147256
2015-08-12,1.046471311372585,1,0.7840389925147256
2015-08-13,1.0449045512600006,1,0.7840389925147256
2015-08-17,1.0451656779454312,1,0.7840389925147256
2015-08-18,1.0344594838427725,1,0.7840389925147256
2015-08-19,1.0185307560314993,1,0.7840389925147256
2015-08-20,1.0129082807698175,0,1.0129082807698175
2015-08-21,1.0129082807698175,0,1.0129082807698175
2015-08-24,1.0129082807698175,0,1.0129082807698175
2015-08-25,1.0129082807698175,0,1.0129082807698175
2015-08-26,1.0129082807698175,0,1.0129082807698175
2015-08-27,1.0129082807698175,0,1.0129082807698175
2015-08-28,1.0129082807698175,0,1.0129082807698175
2015-08-31,1.0129082807698175,0,1.0129082807698175
2015-09-01,1.0129082807698175,0,1.0129082807698175
2015-09-02,1.0129082807698175,0,1.0129082807698175
2015-09-03,1.0129082807698175,0,1.0129082807698175
2015-09-04,1.0129082807698175,0,1.0129082807698175
2015-09-07,1.0129082807698175,0,1.0129082807698175
2015-09-08,1.0129082807698175,0,1.0129082807698175
2015-09-09,1.0129082807698175,0,1.0129082807698175
2015-09-10,1.0129082807698175,0,1.0129082807698175
2015-09-11,1.0129082807698175,0,1.0129082807698175
2015-09-14,1.0129082807698175,0,1.0129082807698175
2015-09-15,1.0129082807698175,0,1.0129082807698175
2015-09-16,1.0129082807698175,0,1.0129082807698175
2015-09-17,1.0129082807698175,0,1.0129082807698175
2015-09-18,1.0129082807698175,0,1.0129082807698175
2015-09-21,1.0129082807698175,0,1.0129082807698175
2015-09-22,1.0129082807698175,0,1.0129082807698175
2015-09-23,1.0129082807698175,0,1.0129082807698175
2015-09-24,1.0129082807698175,0,1.0129082807698175
2015-09-25,1.0129082807698175,0,1.0129082807698175
2015-09-30,1.0129082807698175,0,1.0129082807698175
2015-10-01,1.0129082807698175,0,1.0129082807698175
2015-10-02,1.0129082807698175,0,1.0129082807698175
2015-10-05,1.0129082807698175,0,1.0129082807698175
2015-10-06,1.013666211668486,1,0.810326624615854
2015-10-07,1.0047216550532676,1,0.810326624615854
2015-10-08,1.0008456805200063,1,0.810326624615854
2015-10-12,0.9977303763600525,0,0.9977303763600525
2015-10-13,0.9977303763600525,0,0.9977303763600525
2015-10-14,0.9977303763600525,0,0.9977303763600525
2015-10-15,0.9977303763600525,0,0.9977303763600525
2015-10-16,0.9977303763600525,0,0.9977303763600525
2015-10-19,0.9977303763600525,0,0.9977303763600525
2015-10-20,0.9977303763600525,0,0.9977303763600525
2015-10-21,0.9977303763600525,0,0.9977303763600525
2015-10-22,0.9977303763600525,0,0.9977303763600525
2015-10-23,0.9977303763600525,0,0.9977303763600525
2015-10-26,0.9977303763600525,0,0.9977303763600525
2015-10-27,0.9977303763600525,0,0.9977303763600525
2015-10-28,0.9977303763600525,0,0.9977303763600525
2015-10-29,0.9977303763600525,0,0.9977303763600525
2015-10-30,0.9977303763600525,0,0.9977303763600525
2015-11-02,0.9977303763600525,0,0.9977303763600525
2015-11-03,0.9977303763600525,0,0.9977303763600525
2015-11-04,0.9977303763600525,0,0.9977303763600525
2015-11-05,0.9977303763600525,0,0.9977303763600525
2015-11-06,0.9977303763600525,0,0.9977303763600525
2015-11-09,0.9977303763600525,0,0.9977303763600525
2015-11-10,0.9977303763600525,0,0.9977303763600525
2015-11-11,0.9977303763600525,0,0.9977303763600525
2015-11-12,0.9973022131138234,1,0.798184301088042
2015-11-13,1.0073137282436113,1,0.798184301088042
2015-11-16,1.0100947046685524,1,0.798184301088042
2015-11-17,1.0073137282436113,1,0.798184301088042
2015-11-18,0.9827799049633701,0,0.9827799049633701
2015-11-19,0.9827799049633701,0,0.9827799049633701
2015-11-20,0.9827799049633701,0,0.9827799049633701
2015-11-23,0.9827799049633701,0,0.9827799049633701
2015-11-24,0.9827799049633701,0,0.9827799049633701
2015-11-25,0.9827799049633701,0,0.9827799049633701
2015-11-26,0.9827799049633701,0,0.9827799049633701
2015-11-27,0.9827799049633701,0,0.9827799049633701
2015-11-30,0.9827799049633701,0,0.9827799049633701
2015-12-01,0.9827799049633701,0,0.9827799049633701
2015-12-02,0.9827799049633701,0,0.9827799049633701
2015-12-03,0.9827799049633701,0,0.9827799049633701
2015-12-04,0.9827799049633701,0,0.9827799049633701
2015-12-07,0.9827799049633701,0,0.9827799049633701
2015-12-08,0.9827799049633701,0,0.9827799049633701
2015-12-09,0.9827799049633701,0,0.9827799049633701
2015-12-10,0.9827799049633701,0,0.9827799049633701
2015-12-11,0.9921106884709804,1,0.7862239239706961
2015-12-14,0.9936277488409824,1,0.7862239239706961
2015-12-15,0.9970953154009873,1,0.7862239239706961
2015-12-16,0.9949280863009843,1,0.7862239239706961
2015-12-17,0.9923274113809806,1,0.7862239239706961
2015-12-18,0.9903769051909779,1,0.7862239239706961
2015-12-21,1.0051140630709983,1,0.7862239239706961
2015-12-22,1.0083649067210028,1,0.7862239239706961
2015-12-23,1.0072812921710013,1,0.7862239239706961
2015-12-24,0.9975287612209878,1,0.7862239239706961
2015-12-28,0.9973120383109876,1,0.7862239239706961
2015-12-29,1.0009963277809926,1,0.7862239239706961
2015-12-30,1.0051140630709983,1,0.7862239239706961
2016-01-04,1.0116157503710073,1,0.7862239239706961
2016-01-05,1.0105321358210058,1,0.7862239239706961
2016-01-06,1.0009963277809926,1,0.7862239239706961
2016-01-07,0.9970953154009872,1,0.7862239239706961
2016-01-08,0.9964451466709863,1,0.7862239239706961
2016-01-11,0.9929921420917335,0,0.9929921420917335
2016-01-12,0.9929921420917335,0,0.9929921420917335
2016-01-13,0.9929921420917335,0,0.9929921420917335
2016-01-14,0.9929921420917335,0,0.9929921420917335
2016-01-15,0.9929921420917335,0,0.9929921420917335
2016-01-18,0.9929921420917335,0,0.9929921420917335
2016-01-19,0.9929921420917335,0,0.9929921420917335
2016-01-20,0.9929921420917335,0,0.9929921420917335
2016-01-21,0.9929921420917335,0,0.9929921420917335
2016-01-22,0.9929921420917335,0,0.9929921420917335
2016-01-25,0.9929921420917335,0,0.9929921420917335
2016-01-26,0.9929921420917335,0,0.9929921420917335
2016-01-27,0.9929921420917335,0,0.9929921420917335
2016-01-28,0.9929921420917335,0,0.9929921420917335
2016-01-29,0.9929921420917335,0,0.9929921420917335
2016-02-01,0.9929921420917335,0,0.9929921420917335
2016-02-02,0.9929921420917335,0,0.9929921420917335
2016-02-03,0.9929921420917335,0,0.9929921420917335
2016-02-04,0.9929921420917335,0,0.9929921420917335
2016-02-05,0.9929921420917335,0,0.9929921420917335
2016-02-11,0.9929921420917335,0,0.9929921420917335
2016-02-12,0.9929921420917335,0,0.9929921420917335
2016-02-15,0.9929921420917335,0,0.9929921420917335
2016-02-16,0.9929921420917335,0,0.9929921420917335
2016-02-17,0.9929921420917335,0,0.9929921420917335
2016-02-18,0.9929921420917335,0,0.9929921420917335
2016-02-19,0.9929921420917335,0,0.9929921420917335
2016-02-22,0.9929921420917335,0,0.9929921420917335
2016-02-23,0.9929921420917335,0,0.9929921420917335
2016-02-24,0.9929921420917335,0,0.9929921420917335
2016-02-25,0.9929921420917335,0,0.9929921420917335
2016-02-26,0.9929921420917335,0,0.9929921420917335
2016-02-29,0.9929921420917335,0,0.9929921420917335
2016-03-02,0.9929921420917335,0,0.9929921420917335
2016-03-03,0.9929921420917335,0,0.9929921420917335
2016-03-04,0.9929921420917335,0,0.9929921420917335
2016-03-07,0.9929921420917335,0,0.9929921420917335
2016-03-08,0.9929921420917335,0,0.9929921420917335
2016-03-09,0.9929921420917335,0,0.9929921420917335
2016-03-10,0.9929921420917335,0,0.9929921420917335
2016-03-11,0.9929921420917335,0,0.9929921420917335
2016-03-14,0.9929921420917335,0,0.9929921420917335
2016-03-15,0.9929921420917335,0,0.9929921420917335
2016-03-16,0.9929921420917335,0,0.9929921420917335
2016-03-17,0.9929921420917335,0,0.9929921420917335
2016-03-18,0.9905995836571753,1,0.7943937136733867
2016-03-21,0.9932214883785622,1,0.7943937136733867
2016-03-22,0.9925660121982154,1,0.7943937136733867
2016-03-23,0.9936584724987934,1,0.7943937136733867
2016-03-24,0.9934399804386778,1,0.7943937136733867
2016-03-25,1.0014133663288107,2,0.595618320761605
2016-03-28,1.0478246748558107,2,0.595618320761605
2016-03-29,1.0569196990277974,2,0.595618320761605
2016-03-30,1.0606940596779317,3,0.38427543586822
2016-03-31,1.07048610238538,3,0.38427543586822
2016-04-01,1.0960066334846483,3,0.38427543586822
2016-04-04,1.0864051944371114,3,0.38427543586822
2016-04-05,1.1027142473520375,3,0.38427543586822
2016-04-06,1.099115784752816,4,0.1623316854220998
2016-04-07,1.1495894184959057,3,0.3676468768339519
2016-04-08,1.1510966882660867,3,0.3676468768339519
2016-04-11,1.1435952840650296,3,0.3676468768339519
2016-04-12,1.1460822399809087,3,0.3676468768339519
2016-04-14,1.1578110328291022,3,0.3676468768339519
2016-04-15,1.1388997684512938,3,0.3676468768339519
2016-04-18,1.1423139990602755,3,0.3676468768339519
2016-04-19,1.1398581749464092,3,0.3676468768339519
2016-04-20,1.1208634693756843,4,0.14260908060174113
2016-04-21,1.1363824485742684,4,0.14260908060174113
2016-04-22,1.1797748590593566,4,0.14260908060174113
2016-04-25,1.3152211948467623,4,0.14260908060174113
2016-04-26,1.3655274976914025,4,0.14260908060174113
2016-04-27,1.3196642991199938,4,0.14260908060174113
2016-04-28,1.3254207190936222,4,0.14260908060174113
2016-04-29,1.3253753562820296,3,0.3381176487781285
2016-05-02,1.3436433728212216,3,0.3381176487781285
2016-05-03,1.3273286745986919,3,0.3381176487781285
2016-05-04,1.3453299085078916,1,0.7300140296326951
2016-05-09,1.331575788862446,1,0.7300140296326951
2016-05-10,1.443780449127923,1,0.7300140296326951
2016-05-11,1.4394370429240981,1,0.7300140296326951
2016-05-12,1.4611540739432225,1,0.7300140296326951
2016-05-13,1.446676053263806,1,0.7300140296326951
2016-05-16,1.522685661830742,1,0.7300140296326951
2016-05-17,1.5190661566608878,1,0.7300140296326951
2016-05-18,1.754333992701404,1,0.7300140296326951
2016-05-19,1.7941485495697993,1,0.7300140296326951
2016-05-20,1.8412021167779022,1,0.7300140296326951
2016-05-23,1.8412021167779022,1,0.7300140296326951
2016-05-24,1.996840839081629,1,0.7300140296326951
2016-05-25,1.6167927962469486,1,0.7300140296326951
2016-05-26,1.5552612083594288,1,0.7300140296326951
2016-05-27,1.598695270397678,1,0.7300140296326951
2016-05-30,1.5733587342086994,1,0.7300140296326951
2016-05-31,1.6023147755675322,1,0.7300140296326951
2016-06-01,1.638509827266073,1,0.7300140296326951
2016-06-02,1.638509827266073,1,0.7300140296326951
2016-06-03,1.710899930663155,1,0.7300140296326951
2016-06-07,1.7760510237205287,1,0.7300140296326951
2016-06-08,1.8194850857587779,1,0.7300140296326951
2016-06-09,1.8231045909286319,1,0.7300140296326951
2016-06-10,1.8158655805889234,1,0.7300140296326951
2016-06-13,1.7289974565124253,1,0.7300140296326951
2016-06-14,1.7398559720219877,1,0.7300140296326951
2016-06-15,1.6395711447478223,2,0.4001403610775681
2016-06-16,1.5901965570373187,2,0.4001403610775681
2016-06-17,1.5160682598643218,1,0.7052991018170045
2016-06-20,1.6029363839408202,1,0.7052991018170045
2016-06-21,1.6065558891106744,1,0.7052991018170045
2016-06-22,1.552263311562863,1,0.7052991018170045
2016-06-23,1.5884583632614038,1,0.7052991018170045
2016-06-24,1.5233072702040302,1,0.7052991018170045
2016-06-27,1.5414047960533006,1,0.7052991018170045
2016-06-28,1.5812193529216958,1,0.7052991018170045
2016-06-29,1.5667413322422794,1,0.7052991018170045
2016-06-30,1.552263311562863,1,0.7052991018170045
2016-07-01,1.548643806393009,1,0.7052991018170045
2016-07-04,1.5848388580915498,1,0.7052991018170045
2016-07-05,1.5595023219025712,1,0.7052991018170045
2016-07-06,1.5775998477518418,1,0.7052991018170045
2016-07-07,1.6029363839408202,1,0.7052991018170045
2016-07-08,1.5993168787709662,1,0.7052991018170045
2016-07-11,1.6101753942805281,1,0.7052991018170045
2016-07-12,1.66446797182834,1,0.7052991018170045
2016-07-13,1.6427509408092154,1,0.7052991018170045
2016-07-14,1.5993168787709662,1,0.7052991018170045
2016-07-15,1.5631218270724252,1,0.7052991018170045
2016-07-18,1.5703608374121334,1,0.7052991018170045
2016-07-19,1.563121827072425,1,0.7052991018170045
2016-07-20,1.5775998477518416,1,0.7052991018170045
2016-07-21,1.5739803425819874,1,0.7052991018170045
2016-07-22,1.5775998477518416,1,0.7052991018170045
2016-07-25,1.5522633115628626,1,0.7052991018170045
2016-07-26,1.540705006714969,0,1.540705006714969
2016-07-27,1.540705006714969,0,1.540705006714969
2016-07-28,1.540705006714969,0,1.540705006714969
2016-07-29,1.540705006714969,0,1.540705006714969
2016-08-01,1.540705006714969,0,1.540705006714969
2016-08-02,1.540705006714969,0,1.540705006714969
2016-08-03,1.540705006714969,0,1.540705006714969
2016-08-04,1.540705006714969,0,1.540705006714969
2016-08-05,1.540705006714969,0,1.540705006714969
2016-08-08,1.540705006714969,0,1.540705006714969
2016-08-09,1.540705006714969,0,1.540705006714969
2016-08-10,1.540705006714969,0,1.540705006714969
2016-08-11,1.5340148166170586,1,1.2325640053719753
2016-08-12,1.5346177182395488,1,1.2325640053719753
2016-08-16,1.5328090133720784,1,1.2325640053719753
2016-08-17,1.535220619862039,1,1.2325640053719753
2016-08-18,1.5328090133720784,1,1.2325640053719753
2016-08-19,1.5176567875762343,2,0.9257610420485636
2016-08-22,1.5083057414294636,2,0.9257610420485636
2016-08-23,1.5049993852430166,1,1.209577590222835
2016-08-24,1.5080138933554674,1,1.209577590222835
2016-08-25,1.5074109917329772,1,1.209577590222835
2016-08-26,1.5019848771305657,1,1.209577590222835
2016-08-29,1.494631927393438,0,1.494631927393438
2016-08-30,1.494631927393438,0,1.494631927393438
2016-08-31,1.494631927393438,0,1.494631927393438
2016-09-01,1.494631927393438,0,1.494631927393438
2016-09-02,1.494631927393438,0,1.494631927393438
2016-09-05,1.494631927393438,0,1.494631927393438
2016-09-06,1.494631927393438,0,1.494631927393438
2016-09-07,1.494631927393438,0,1.494631927393438
2016-09-08,1.494631927393438,0,1.494631927393438
2016-09-09,1.494631927393438,0,1.494631927393438
2016-09-12,1.494631927393438,0,1.494631927393438
2016-09-13,1.494631927393438,0,1.494631927393438
2016-09-19,1.494631927393438,0,1.494631927393438
2016-09-20,1.494631927393438,0,1.494631927393438
2016-09-21,1.494631927393438,0,1.494631927393438
2016-09-22,1.494631927393438,0,1.494631927393438
2016-09-23,1.494631927393438,0,1.494631927393438
2016-09-26,1.494631927393438,0,1.494631927393438
2016-09-27,1.494631927393438,0,1.494631927393438
2016-09-28,1.494631927393438,0,1.494631927393438
2016-09-29,1.494631927393438,0,1.494631927393438
2016-09-30,1.494631927393438,0,1.494631927393438
2016-10-04,1.494631927393438,0,1.494631927393438
2016-10-05,1.4979742979255009,1,1.1957055419147504
2016-10-06,1.4994682126998538,1,1.1957055419147504
2016-10-07,1.497996295506557,2,0.8974054084674229
2016-10-10,1.4965961432744055,2,0.8974054084674229
2016-10-11,1.4966664651810566,2,0.8974054084674229
2016-10-12,1.4848475755616355,1,1.1739355109336747
2016-10-13,1.4817894241062786,1,1.1739355109336747
2016-10-14,1.4736343535586598,1,1.1739355109336747
2016-10-17,1.476692505014017,1,1.1739355109336747
2016-10-18,1.485866959380088,1,1.1739355109336747
2016-10-19,1.4777118888324692,1,1.1739355109336747
2016-10-20,1.4808318332197499,2,0.877169872585038
2016-10-21,1.4842108096472404,2,0.877169872585038
2016-10-24,1.4962260940805487,2,0.877169872585038
2016-10-25,1.4962260940805487,2,0.877169872585038
2016-10-26,1.4714969663676127,2,0.877169872585038
2016-10-27,1.4769147104320073,2,0.877169872585038
2016-10-28,1.4675798435798697,2,0.877169872585038
2016-10-31,1.4687596398843887,2,0.877169872585038
2016-11-01,1.4551868252723752,2,0.877169872585038
2016-11-02,1.4445303305429429,1,1.153120643326777
2016-11-03,1.4433505342384239,1,1.153120643326777
2016-11-04,1.4468899231519807,1,1.153120643326777
2016-11-07,1.4468899231519807,1,1.153120643326777
2016-11-08,1.4468899231519807,1,1.153120643326777
2016-11-09,1.4398111453248674,1,1.153120643326777
2016-11-10,1.4480697194564995,1,1.153120643326777
2016-11-11,1.453968700979094,1,1.153120643326777
2016-11-14,1.4409909416293862,1,1.153120643326777
2016-11-15,1.4386313490203484,1,1.153120643326777
2016-11-16,1.4374515527158296,1,1.153120643326777
2016-11-17,1.4374515527158296,1,1.153120643326777
2016-11-18,1.4409909416293862,1,1.153120643326777
2016-11-21,1.4398111453248674,1,1.153120643326777
2016-11-22,1.4374515527158296,1,1.153120643326777
2016-11-23,1.4409909416293862,1,1.153120643326777
2016-11-24,1.4433505342384239,1,1.153120643326777
2016-11-25,1.442170737933905,1,1.153120643326777
2016-11-28,1.4409909416293862,1,1.153120643326777
2016-11-29,1.4386313490203484,1,1.153120643326777
2016-11-30,1.4362717564113106,1,1.153120643326777
2016-12-01,1.4468899231519807,1,1.153120643326777
2016-12-02,1.4457101268474617,1,1.153120643326777
2016-12-05,1.4433505342384239,1,1.153120643326777
2016-12-06,1.4492495157610183,1,1.153120643326777
2016-12-07,1.4504293120655374,1,1.153120643326777
2016-12-08,1.4598676825016885,1,1.153120643326777
2016-12-09,1.4580079838949005,2,0.8611471068264394
2016-12-12,1.4642152691772117,2,0.8611471068264394
2016-12-13,1.4512787199154782,2,0.8611471068264394
2016-12-14,1.4610910214920687,2,0.8611471068264394
2016-12-15,1.4551264125887517,2,0.8611471068264394
2016-12-16,1.4741987667731007,3,0.5672155269497559
2016-12-19,1.4678550922635476,3,0.5672155269497559
2016-12-20,1.4789875691998957,3,0.5672155269497559
2016-12-21,1.482942099341866,3,0.5672155269497559
2016-12-22,1.4764123067394654,3,0.5672155269497559
2016-12-23,1.4728166594990164,3,0.5672155269497559
2016-12-26,1.4748526001501652,3,0.5672155269497559
2016-12-27,1.4721264505405198,3,0.5672155269497559
2016-12-28,1.4535793407704487,3,0.5672155269497559
2016-12-29,1.4499836935299997,3,0.5672155269497559
2017-01-02,1.459312092543309,3,0.5672155269497559
2017-01-03,1.4680238784395312,3,0.5672155269497559
2017-01-04,1.4655048743059935,3,0.5672155269497559
2017-01-05,1.4413957882553907,3,0.5672155269497559
2017-01-06,1.4434402433611764,4,0.2782178077690967
2017-01-09,1.4410874619968541,4,0.2782178077690967
2017-01-10,1.4542995519116597,4,0.2782178077690967
2017-01-11,1.4733806820636648,4,0.2782178077690967
2017-01-12,1.4888973157141985,4,0.2782178077690967
2017-01-13,1.4704352734967872,4,0.2782178077690967
2017-01-16,1.469005030739877,4,0.2782178077690967
2017-01-17,1.4942257935300054,4,0.2782178077690967
2017-01-18,1.4789960584981887,4,0.2782178077690967
2017-01-19,1.4652902832614119,4,0.2782178077690967
2017-01-20,1.452267055866748,4,0.2782178077690967
2017-01-23,1.435804181723886,3,0.5455631234713751
2017-01-24,1.429306780472574,3,0.5455631234713751
2017-01-25,1.4326762441700007,3,0.5455631234713751
2017-01-26,1.4474864885634922,3,0.5455631234713751
2017-01-31,1.4417060028390245,3,0.5455631234713751
2017-02-01,1.4562977377885797,3,0.5455631234713751
2017-02-02,1.4565134076399722,3,0.5455631234713751
2017-02-03,1.4385274861433346,3,0.5455631234713751
2017-02-06,1.434969059162863,3,0.5455631234713751
2017-02-07,1.4431637008685168,3,0.5455631234713751
2017-02-08,1.4355896509126402,3,0.5455631234713751
2017-02-09,1.4543515858555582,3,0.5455631234713751
2017-02-10,1.466170281922406,3,0.5455631234713751
2017-02-13,1.4733797697916733,3,0.5455631234713751
2017-02-14,1.4745308646138464,3,0.5455631234713751
2017-02-15,1.4703396372372235,3,0.5455631234713751
2017-02-16,1.455761255571842,3,0.5455631234713751
2017-02-17,1.4613337455440036,3,0.5455631234713751
2017-02-20,1.4433106037873884,3,0.5455631234713751
2017-02-21,1.4485480778338322,3,0.5455631234713751
2017-02-22,1.4463029967925773,3,0.5455631234713751
2017-02-23,1.4454315042477754,3,0.5455631234713751
2017-02-24,1.439034411003874,3,0.5455631234713751
2017-02-27,1.4178890164761144,3,0.5455631234713751
2017-02-28,1.4306718389960889,3,0.5455631234713751
2017-03-02,1.4360163768056027,4,0.25899940320211956
2017-03-03,1.4263153899022178,3,0.5309089229027872
2017-03-06,1.4296051483916887,3,0.5309089229027872
2017-03-07,1.4540392388408176,3,0.5309089229027872
2017-03-08,1.450188918866903,3,0.5309089229027872
2017-03-09,1.4333994223306137,3,0.5309089229027872
2017-03-10,1.4475183951975072,3,0.5309089229027872
2017-03-13,1.4651705883036699,3,0.5309089229027872
2017-03-14,1.4591025546031011,3,0.5309089229027872
2017-03-15,1.4562551106376345,3,0.5309089229027872
2017-03-16,1.4656417755670732,3,0.5309089229027872
2017-03-17,1.4758412597056831,3,0.5309089229027872
2017-03-20,1.4650444594413061,3,0.5309089229027872
2017-03-21,1.4532474104691222,3,0.5309089229027872
2017-03-22,1.4405864131626138,4,0.24385277391699617
2017-03-23,1.4499086440992963,4,0.24385277391699617
2017-03-24,1.4480382670771728,4,0.24385277391699617
2017-03-27,1.4304031882215154,4,0.24385277391699617
2017-03-28,1.4368707888391445,4,0.24385277391699617
2017-03-29,1.4258685307526215,4,0.24385277391699617
2017-03-30,1.4086571195176425,4,0.24385277391699617
2017-03-31,1.4063028616000572,4,0.24385277391699617
2017-04-03,1.4051027027443932,4,0.24385277391699617
2017-04-04,1.4027206239192282,4,0.24385277391699617
2017-04-05,1.4081254453000536,3,0.5089464517543356
2017-04-06,1.4132453859570078,3,0.5089464517543356
2017-04-07,1.412250663853331,3,0.5089464517543356
2017-04-10,1.3983167023408145,5,0.0
2017-04-11,1.3981786648965293,5,0.0
2017-04-12,1.4123461309571501,5,0.0
2017-04-13,1.4165227111949836,5,0.0
2017-04-14,1.4113951739898027,5,0.0
2017-04-17,1.4155447642819452,5,0.0
2017-04-18,1.41954668839966,5,0.0
2017-04-19,1.4180293632429857,5,0.0
2017-04-20,1.4186990944077449,5,0.0
2017-04-21,1.4199055165382148,4,0.21115463092300155
2017-04-24,1.4385601565655044,4,0.21115463092300155
2017-04-25,1.4483829365775303,4,0.21115463092300155
2017-04-26,1.464965308016533,5,2.7755575615628914e-17
2017-04-27,1.461431272074394,5,2.7755575615628914e-17
2017-04-28,1.4549656355823966,5,2.7755575615628914e-17
2017-05-02,1.460369297240397,5,2.7755575615628914e-17
2017-05-04,1.4791037099559545,5,2.7755575615628914e-17
2017-05-08,1.5232265050672709,5,2.7755575615628914e-17
2017-05-10,1.5058579455025065,5,2.7755575615628914e-17
2017-05-11,1.522833849715866,5,2.7755575615628914e-17
2017-05-12,1.5125650145298877,5,2.7755575615628914e-17
2017-05-15,1.513543594809402,5,2.7755575615628914e-17
2017-05-16,1.5024591155759928,5,2.7755575615628914e-17
2017-05-17,1.4959831581474992,5,2.7755575615628914e-17
2017-05-18,1.484310068571758,5,2.7755575615628914e-17
2017-05-19,1.4786953755186465,5,2.7755575615628914e-17
2017-05-22,1.4854039789780413,5,2.7755575615628914e-17
2017-05-23,1.48558302449293,5,2.7755575615628914e-17
2017-05-24,1.4905565120580113,5,2.7755575615628914e-17
2017-05-25,1.498693187376076,5,2.7755575615628914e-17
2017-05-26,1.4857311388662138,5,2.7755575615628914e-17
2017-05-29,1.4929712358118925,5,2.7755575615628914e-17
2017-05-30,1.4815027225752981,4,0.360334430384072
2017-05-31,1.493938478952305,4,0.360334430384072
2017-06-01,1.4926848851880088,4,0.360334430384072
2017-06-02,1.519390070433099,4,0.360334430384072
2017-06-05,1.5146415343747983,4,0.360334430384072
2017-06-07,1.5150627757724306,4,0.360334430384072
2017-06-08,1.5016312491079191,5,0.05971374528877993
2017-06-09,1.515221597567599,5,0.05971374528877993
2017-06-12,1.4846526394410733,5,0.05971374528877993
2017-06-13,1.4930645147718085,5,0.05971374528877993
2017-06-14,1.4936809822911241,5,0.05971374528877993
2017-06-15,1.4783259967716007,5,0.05971374528877993
2017-06-16,1.4740025362770923,5,0.05971374528877993
2017-06-19,1.4804133941362223,5,0.05971374528877993
2017-06-20,1.4748983316619313,4,0.3378112063735689
2017-06-21,1.457682170731458,4,0.3378112063735689
2017-06-22,1.4630530026918716,4,0.3378112063735689
2017-06-23,1.4609028756103895,4,0.3378112063735689
2017-06-26,1.485036536997299,4,0.3378112063735689
2017-06-27,1.5029598030774793,4,0.3378112063735689
2017-06-28,1.5057571728775536,4,0.3378112063735689
2017-06-29,1.51220654412877,4,0.3378112063735689
2017-06-30,1.508925572714606,4,0.3378112063735689
2017-07-03,1.4979236551488717,4,0.3378112063735689
2017-07-04,1.4868963106225426,4,0.3378112063735689
2017-07-05,1.4968588235553861,4,0.3378112063735689
2017-07-06,1.5081486326168485,4,0.3378112063735689
2017-07-07,1.4947389070711332,4,0.3378112063735689
2017-07-10,1.5103402903791823,4,0.3378112063735689
2017-07-11,1.523983801295901,4,0.3378112063735689
2017-07-12,1.5114362487902588,4,0.3378112063735689
2017-07-13,1.524261677285757,4,0.3378112063735689
2017-07-14,1.5296185605809955,4,0.3378112063735689
2017-07-17,1.5301136137947582,4,0.3378112063735689
2017-07-18,1.533016017987562,4,0.3378112063735689
2017-07-19,1.550595095710039,5,0.02740391545001053
2017-07-20,1.55347144846415,5,0.02740391545001053
2017-07-21,1.564980166038932,5,0.02740391545001053
2017-07-24,1.5736411655859763,5,0.02740391545001053
2017-07-25,1.5592073657690286,5,0.02740391545001053
2017-07-26,1.5702188811749962,4,0.26414204806684005
2017-07-27,1.5560548256887092,5,0.0
2017-07-28,1.5492318717694484,5,0.0
2017-07-31,1.5622192327298121,4,0.32483481295339456
2017-08-01,1.5709778702243318,4,0.32483481295339456
2017-08-02,1.557385671473651,4,0.32483481295339456
2017-08-03,1.544272169961289,4,0.32483481295339456
2017-08-04,1.5648796004896837,4,0.32483481295339456
2017-08-07,1.5741381612816157,4,0.32483481295339456
2017-08-08,1.5666995561570918,4,0.32483481295339456
2017-08-09,1.5757244132551445,4,0.32483481295339456
2017-08-10,1.5632292135294734,4,0.32483481295339456
2017-08-11,1.5429398778141845,4,0.32483481295339456
2017-08-14,1.5155374633705063,3,0.5691867041409211
2017-08-16,1.5075535703253329,3,0.5691867041409211
2017-08-17,1.5210497549864483,3,0.5691867041409211
2017-08-18,1.507907502978347,3,0.5691867041409211
2017-08-21,1.4908121486096841,3,0.5691867041409211
2017-08-22,1.494553468192421,3,0.5691867041409211
2017-08-23,1.497852631539457,4,0.26965141284654276
2017-08-24,1.5066561899045143,4,0.26965141284654276
2017-08-25,1.5208504256078366,4,0.26965141284654276
2017-08-28,1.5113680312833206,4,0.26965141284654276
2017-08-29,1.5002394596806865,5,0.0
2017-08-30,1.525826033740806,5,0.0
2017-08-31,1.5057160344485323,5,0.0
2017-09-01,1.4849097373811477,5,0.0
2017-09-04,1.4825082811986765,5,0.0
2017-09-05,1.4527143251090888,5,0.0
2017-09-06,1.4259726712398497,4,0.25966032985099785
2017-09-07,1.4341107783696967,5,0.0
2017-09-08,1.4527685431934148,5,0.0
2017-09-11,1.4744996684431597,5,0.0
2017-09-12,1.48301132222543,5,0.0
2017-09-13,1.4808993618622637,5,0.0
2017-09-14,1.493507096229998,5,0.0
2017-09-15,1.5024586150392203,5,0.0
2017-09-18,1.5037998706695657,5,0.0
2017-09-19,1.5203650841257026,5,0.0
2017-09-20,1.5278681472361433,5,0.0
2017-09-21,1.5386730070062784,5,0.0
2017-09-22,1.495802518170111,5,0.0
2017-09-25,1.4797763371075936,5,0.0
2017-09-26,1.5004959408944119,5,0.0
2017-09-27,1.484652633816892,5,0.0
2017-09-28,1.4927120098774247,5,0.0
2017-09-29,1.5077487877180833,5,0.0
2017-10-10,1.5083031252478858,5,0.0
2017-10-11,1.5285146024461094,5,0.0
2017-10-12,1.5544582778171072,5,0.0
2017-10-13,1.5683539482539561,5,0.0
2017-10-16,1.5650213212108548,5,0.0
2017-10-17,1.5881242162470997,5,0.0
2017-10-18,1.5804488523331828,5,0.0
2017-10-19,1.5778072064681734,5,0.0
2017-10-20,1.5759197553598228,5,0.0
2017-10-23,1.567765441504572,5,0.0
2017-10-24,1.563718766777963,5,0.0
2017-10-25,1.5482164049607792,5,0.0
2017-10-26,1.545443844048171,5,0.0
2017-10-27,1.5435044146384076,4,0.29786939516732874
2017-10-30,1.535127730395735,4,0.29786939516732874
2017-10-31,1.5225779064352305,4,0.29786939516732874
2017-11-01,1.5253082706525154,3,0.5689286783844021
2017-11-02,1.5242261606962821,3,0.5689286783844021
2017-11-03,1.5255674163266277,3,0.5689286783844021
2017-11-06,1.513536457019213,3,0.5689286783844021
2017-11-07,1.5221261080213284,3,0.5689286783844021
2017-11-08,1.507837400353781,3,0.5689286783844021
2017-11-09,1.5044960259453097,3,0.5689286783844021
2017-11-10,1.490426716970337,4,0.2699061493504227
2017-11-13,1.476732182274063,3,0.5570569802411374
2017-11-14,1.4763276297371821,3,0.5570569802411374
2017-11-15,1.4752367880272206,3,0.5570569802411374
2017-11-16,1.4862939670636308,3,0.5570569802411374
2017-11-17,1.4894035967764898,3,0.5570569802411374
2017-11-20,1.4944340389336834,3,0.5570569802411374
2017-11-21,1.502922341525752,3,0.5570569802411374
2017-11-22,1.4900729449861196,3,0.5570569802411374
2017-11-23,1.4944370739474688,3,0.5570569802411374
2017-11-24,1.4840829475013706,3,0.5570569802411374
2017-11-27,1.478842698261733,3,0.5570569802411374
2017-11-28,1.478250931084418,3,0.5570569802411374
2017-11-29,1.4774758552198248,2,0.8336760229565202
2017-11-30,1.4739980437998876,2,0.8336760229565202
2017-12-01,1.4614782852139419,2,0.8336760229565202
2017-12-04,1.4735788231918383,2,0.8336760229565202
2017-12-05,1.4717485580617617,2,0.8336760229565202
2017-12-06,1.4663197859493033,2,0.8336760229565202
2017-12-07,1.4550527998304494,2,0.8336760229565202
2017-12-08,1.4572060367914113,2,0.8336760229565202
2017-12-11,1.4572011474343554,2,0.8336760229565202
2017-12-12,1.4487040057958966,2,0.8336760229565202
2017-12-13,1.4539353909969708,2,0.8336760229565202
2017-12-14,1.4579621730962042,3,0.5418387562312663
2017-12-15,1.461620564667908,3,0.5418387562312663
2017-12-18,1.4522180075422453,4,0.24983092341159036
2017-12-19,1.443202620278781,4,0.26997211752242284
2017-12-20,1.4367778632570452,4,0.26997211752242284
2017-12-21,1.4381189437971862,4,0.26997211752242284
2017-12-22,1.4401880875665192,5,0.0
2017-12-26,1.4382355541766154,5,0.0
2017-12-27,1.4195521058579879,4,0.26943223340028427
2017-12-28,1.4196694732432695,4,0.26943223340028427
2018-01-02,1.4165023293795467,4,0.26943223340028427
2018-01-03,1.415827768375628,4,0.26943223340028427
2018-01-04,1.3938014426700331,4,0.26943223340028427
2018-01-05,1.4215176301652972,4,0.26943223340028427
2018-01-08,1.441814653856607,4,0.26943223340028427
2018-01-09,1.4408588502745499,3,0.5005452237762074
2018-01-10,1.4363256400445383,3,0.5005452237762074
2018-01-11,1.4366865569576779,4,0.2124364079700638
2018-01-12,1.4509916892986796,4,0.2124364079700638
2018-01-15,1.4541880957783884,4,0.2124364079700638
2018-01-16,1.4458310828577268,5,2.7755575615628914e-17
2018-01-17,1.4456930498984464,5,2.7755575615628914e-17
2018-01-18,1.4300000262213872,5,2.7755575615628914e-17
2018-01-19,1.4373491246385581,5,2.7755575615628914e-17
2018-01-22,1.4291812119266596,5,2.7755575615628914e-17
2018-01-23,1.4496766981880627,5,2.7755575615628914e-17
2018-01-24,1.4594613415231499,5,2.7755575615628914e-17
2018-01-25,1.4597850754388126,5,2.7755575615628914e-17
2018-01-26,1.4530553709293903,5,2.7755575615628914e-17
2018-01-29,1.451882555617691,5,2.7755575615628914e-17
2018-01-30,1.4497352024341237,5,2.7755575615628914e-17
2018-01-31,1.444047736128254,5,2.7755575615628914e-17
2018-02-01,1.4228670541520732,5,2.7755575615628914e-17
2018-02-02,1.4020059856199785,3,0.6046117646681028
2018-02-05,1.3971668101367887,2,0.7992444338740694
2018-02-06,1.3726230366916408,2,0.7992444338740694
2018-02-07,1.363620217636448,2,0.7992444338740694
2018-02-08,1.3608446106203442,2,0.7992444338740694
2018-02-09,1.3412513445353318,1,1.0465129502460293
2018-02-12,1.3446426858922171,1,1.0465129502460293
2018-02-13,1.3418679520547656,1,1.0465129502460293
2018-02-14,1.3381683069381634,1,1.0465129502460293
2018-02-19,1.343101167093633,1,1.0465129502460293
2018-02-20,1.3437177746130666,1,1.0465129502460293
2018-02-21,1.3434094708533497,1,1.0465129502460293
2018-02-22,1.3409430407756149,1,1.0465129502460293
2018-02-23,1.3452592934116507,1,1.0465129502460293
2018-02-26,1.3390932182173139,1,1.0465129502460293
2018-02-27,1.3360101806201454,1,1.0465129502460293
2018-02-28,1.3387849144575972,1,1.0465129502460293
2018-03-02,1.332927143022977,1,1.0465129502460293
2018-03-05,1.324911245270339,1,1.0465129502460293
2018-03-06,1.3218282076731707,1,1.0465129502460293
2018-03-07,1.315197863643187,0,1.315197863643187
2018-03-08,1.315197863643187,0,1.315197863643187
2018-03-09,1.3268308389370342,1,1.0521582909145495
2018-03-12,1.3212725411692943,1,1.0521582909145495
2018-03-13,1.3200373638875742,1,1.0521582909145495
2018-03-14,1.3221864763039104,2,0.7883052152972496
2018-03-15,1.331371342709283,3,0.5237334879211583
2018-03-16,1.3461425657976798,3,0.5237334879211583
2018-03-19,1.349765569766621,3,0.5237334879211583
2018-03-20,1.3536337652454773,4,0.25269724120894543
2018-03-21,1.346868796716022,4,0.25269724120894543
2018-03-22,1.3378090469295274,4,0.25269724120894543
2018-03-23,1.2757388979910935,3,0.4929325539035574
2018-03-26,1.2953123995333602,2,0.7376819317941217
2018-03-27,1.3011515356809977,2,0.7376819317941217
2018-03-28,1.2867300491438507,2,0.7376819317941217
2018-03-29,1.2943048286412298,2,0.7376819317941217
2018-03-30,1.2918437927246338,2,0.7376819317941217
2018-04-02,1.2701656396573817,2,0.7376819317941217
2018-04-03,1.2621463059730456,2,0.7376819317941217
2018-04-04,1.252887914379864,1,0.9817665010423242
2018-04-05,1.259218197948679,1,0.9817665010423242
2018-04-06,1.256130254744379,1,0.9817665010423242
2018-04-09,1.2579830206669589,1,0.9817665010423242
2018-04-10,1.2570566377056689,1,0.9817665010423242
2018-04-11,1.247638410932554,1,0.9817665010423242
2018-04-12,1.239455361441159,1,0.9817665010423242
2018-04-13,1.2479472052529839,1,0.9817665010423242
2018-04-16,1.2447048648884689,1,0.9817665010423242
2018-04-17,1.2442416734078239,1,0.9817665010423242
2018-04-18,1.252733517219649,1,0.9817665010423242
2018-04-19,1.2487191910540592,1,0.9817665010423242
2018-04-20,1.2487191910540592,1,0.9817665010423242
2018-04-23,1.239146567120729,1,0.9817665010423242
2018-04-24,1.243160893286319,1,0.9817665010423242
2018-04-25,1.241616921684169,1,0.9817665010423242
2018-04-26,1.232044297750839,1,0.9817665010423242
2018-04-27,1.235749829595999,1,0.9817665010423242
2018-04-30,1.228801957386324,1,0.9817665010423242
2018-05-02,1.2250985169928372,0,1.2250985169928372
2018-05-03,1.2250985169928372,0,1.2250985169928372
2018-05-04,1.2250985169928372,0,1.2250985169928372
2018-05-08,1.2250985169928372,0,1.2250985169928372
2018-05-09,1.2250985169928372,0,1.2250985169928372
2018-05-10,1.2250985169928372,0,1.2250985169928372
2018-05-11,1.2250985169928372,0,1.2250985169928372
2018-05-14,1.2250985169928372,0,1.2250985169928372
2018-05-15,1.2250985169928372,0,1.2250985169928372
2018-05-16,1.2250985169928372,0,1.2250985169928372
2018-05-17,1.2250985169928372,0,1.2250985169928372
2018-05-18,1.2250985169928372,0,1.2250985169928372
2018-05-21,1.2250985169928372,0,1.2250985169928372
2018-05-23,1.2250985169928372,0,1.2250985169928372
2018-05-24,1.2250985169928372,0,1.2250985169928372
2018-05-25,1.2250985169928372,0,1.2250985169928372
2018-05-28,1.2250985169928372,0,1.2250985169928372
2018-05-29,1.2250985169928372,0,1.2250985169928372
2018-05-30,1.2250985169928372,0,1.2250985169928372
2018-05-31,1.2250985169928372,0,1.2250985169928372
2018-06-01,1.2327833999424065,1,0.9800788135942697
2018-06-04,1.2364325636441846,1,0.9800788135942697
2018-06-05,1.2336956908678511,1,0.9800788135942697
2018-06-07,1.2446431819731854,1,0.9800788135942697
2018-06-08,1.2464677638240746,1,0.9800788135942697
2018-06-11,1.24555547289863,1,0.9800788135942697
2018-06-12,1.2446431819731854,1,0.9800788135942697
2018-06-14,1.2464677638240746,1,0.9800788135942697
2018-06-15,1.247380054749519,1,0.9800788135942697
2018-06-18,1.2391694364205184,1,0.9800788135942697
2018-06-19,1.2391694364205184,1,0.9800788135942697
2018-06-20,1.2574152549294089,1,0.9800788135942697
2018-06-21,1.2619767095566317,1,0.9800788135942697
2018-06-22,1.2555906730785198,1,0.9800788135942697
2018-06-25,1.2601521277057426,1,0.9800788135942697
2018-06-26,1.2501169275258526,1,0.9800788135942697
2018-06-27,1.2519415093767416,1,0.9800788135942697
2018-06-28,1.2528538003021863,1,0.9800788135942697
2018-06-29,1.2510292184512972,1,0.9800788135942697
2018-07-02,1.2510292184512972,1,0.9800788135942697
2018-07-03,1.2565029640039644,1,0.9800788135942697
2018-07-04,1.2400817273459628,1,0.9800788135942697
2018-07-05,1.2409940182714072,1,0.9800788135942697
2018-07-06,1.2510292184512972,1,0.9800788135942697
2018-07-09,1.262889000482076,1,0.9800788135942697
2018-07-10,1.2619767095566317,1,0.9800788135942697
2018-07-11,1.262889000482076,1,0.9800788135942697
2018-07-12,1.2647135823329652,1,0.9800788135942697
2018-07-13,1.2765733643637442,1,0.9800788135942697
2018-07-16,1.2701873278856324,1,0.9800788135942697
2018-07-17,1.2656258732584098,1,0.9800788135942697
2018-07-18,1.2601521277057426,1,0.9800788135942697
2018-07-19,1.2610644186311872,1,0.9800788135942697
2018-07-20,1.2546783821530754,1,0.9800788135942697
2018-07-23,1.2532659243522795,0,1.2532659243522795
2018-07-24,1.2532659243522795,0,1.2532659243522795
2018-07-25,1.2532659243522795,0,1.2532659243522795
2018-07-26,1.2532659243522795,0,1.2532659243522795
2018-07-27,1.2532659243522795,0,1.2532659243522795
2018-07-30,1.2532659243522795,0,1.2532659243522795
2018-07-31,1.2532659243522795,0,1.2532659243522795
2018-08-01,1.2532659243522795,0,1.2532659243522795
2018-08-02,1.2532659243522795,0,1.2532659243522795
2018-08-03,1.2532659243522795,0,1.2532659243522795
2018-08-06,1.2532659243522795,0,1.2532659243522795
2018-08-07,1.2532659243522795,0,1.2532659243522795
2018-08-08,1.2532659243522795,0,1.2532659243522795
2018-08-09,1.2532659243522795,0,1.2532659243522795
2018-08-10,1.2532659243522795,0,1.2532659243522795
2018-08-13,1.2532659243522795,0,1.2532659243522795
2018-08-14,1.2532659243522795,0,1.2532659243522795
2018-08-16,1.2532659243522795,0,1.2532659243522795
2018-08-17,1.2532659243522795,0,1.2532659243522795
2018-08-20,1.2532659243522795,0,1.2532659243522795
2018-08-21,1.2532659243522795,0,1.2532659243522795
2018-08-22,1.2532659243522795,0,1.2532659243522795
2018-08-23,1.2532659243522795,0,1.2532659243522795
2018-08-24,1.2532659243522795,0,1.2532659243522795
2018-08-27,1.2532659243522795,0,1.2532659243522795
2018-08-28,1.2532659243522795,0,1.2532659243522795
2018-08-29,1.2532659243522795,0,1.2532659243522795
2018-08-30,1.2532659243522795,0,1.2532659243522795
2018-08-31,1.2532659243522795,0,1.2532659243522795
2018-09-03,1.2532659243522795,0,1.2532659243522795
2018-09-04,1.2532659243522795,0,1.2532659243522795
2018-09-05,1.2532659243522795,0,1.2532659243522795
2018-09-06,1.2532659243522795,0,1.2532659243522795
2018-09-07,1.2532659243522795,0,1.2532659243522795
2018-09-10,1.2532659243522795,0,1.2532659243522795
2018-09-11,1.2532659243522795,0,1.2532659243522795
2018-09-12,1.2532659243522795,0,1.2532659243522795
2018-09-13,1.2532659243522795,0,1.2532659243522795
2018-09-14,1.2532659243522795,0,1.2532659243522795
2018-09-17,1.2532659243522795,0,1.2532659243522795
2018-09-18,1.2532659243522795,0,1.2532659243522795
2018-09-19,1.2532659243522795,0,1.2532659243522795
2018-09-20,1.2532659243522795,0,1.2532659243522795
2018-09-21,1.2532659243522795,0,1.2532659243522795
2018-09-27,1.2532659243522795,0,1.2532659243522795
2018-09-28,1.2532659243522795,0,1.2532659243522795
2018-10-01,1.2532659243522795,0,1.2532659243522795
2018-10-02,1.2532659243522795,0,1.2532659243522795
2018-10-04,1.2532659243522795,0,1.2532659243522795
2018-10-05,1.2532659243522795,0,1.2532659243522795
2018-10-08,1.2532659243522795,0,1.2532659243522795
2018-10-10,1.2532659243522795,0,1.2532659243522795
2018-10-11,1.2532659243522795,0,1.2532659243522795
2018-10-12,1.2532659243522795,0,1.2532659243522795
2018-10-15,1.2532659243522795,0,1.2532659243522795
2018-10-16,1.2532659243522795,0,1.2532659243522795
2018-10-17,1.2532659243522795,0,1.2532659243522795
2018-10-18,1.2532659243522795,0,1.2532659243522795
2018-10-19,1.2532659243522795,0,1.2532659243522795
2018-10-22,1.2532659243522795,0,1.2532659243522795
2018-10-23,1.2532659243522795,0,1.2532659243522795
2018-10-24,1.2532659243522795,0,1.2532659243522795
2018-10-25,1.2532659243522795,0,1.2532659243522795
2018-10-26,1.2532659243522795,0,1.2532659243522795
2018-10-29,1.2532659243522795,0,1.2532659243522795
2018-10-30,1.2532659243522795,0,1.2532659243522795
2018-10-31,1.2532659243522795,0,1.2532659243522795
2018-11-01,1.2532659243522795,0,1.2532659243522795
2018-11-02,1.2532659243522795,0,1.2532659243522795
2018-11-05,1.2532659243522795,0,1.2532659243522795
2018-11-06,1.2532659243522795,0,1.2532659243522795
2018-11-07,1.2532659243522795,0,1.2532659243522795
2018-11-08,1.2532659243522795,0,1.2532659243522795
2018-11-09,1.2532659243522795,0,1.2532659243522795
2018-11-12,1.2532659243522795,0,1.2532659243522795
2018-11-13,1.2532659243522795,0,1.2532659243522795
2018-11-14,1.2532659243522795,0,1.2532659243522795
2018-11-15,1.2532659243522795,0,1.2532659243522795
2018-11-16,1.2532659243522795,0,1.2532659243522795
2018-11-19,1.2532659243522795,0,1.2532659243522795
2018-11-20,1.2532659243522795,0,1.2532659243522795
2018-11-21,1.2547917593905096,1,1.0026127394818236
2018-11-22,1.2547917593905096,1,1.0026127394818236
2018-11-23,1.2519026380494935,1,1.0026127394818236
2018-11-26,1.2473625902278969,1,1.0026127394818236
2018-11-27,1.247775321848042,1,1.0026127394818236
2018-11-28,1.2527281012897837,1,1.0026127394818236
2018-11-29,1.2498389799487677,1,1.0026127394818236
2018-11-30,1.2543790277703644,1,1.0026127394818236
2018-12-03,1.253140832909929,1,1.0026127394818236
2018-12-04,1.250664443189058,1,1.0026127394818236
2018-12-05,1.251077174809203,1,1.0026127394818236
2018-12-06,1.253553564530074,1,1.0026127394818236
2018-12-07,1.2527281012897837,1,1.0026127394818236
2018-12-10,1.2576808807315256,1,1.0026127394818236
2018-12-11,1.2597445388322512,1,1.0026127394818236
2018-12-12,1.2568554174912352,1,1.0026127394818236
2018-12-13,1.253140832909929,1,1.0026127394818236
2018-12-14,1.256029954250945,1,1.0026127394818236
2018-12-17,1.2593318072121062,1,1.0026127394818236
2018-12-18,1.2527281012897837,1,1.0026127394818236
2018-12-19,1.2572681491113804,1,1.0026127394818236
2018-12-20,1.2547917593905096,1,1.0026127394818236
2018-12-21,1.2552044910106548,1,1.0026127394818236
2018-12-24,1.2547917593905096,1,1.0026127394818236
2018-12-26,1.2519026380494935,1,1.0026127394818236
2018-12-27,1.2469498586077516,1,1.0026127394818236
2018-12-28,1.2486007850883323,1,1.0026127394818236
2019-01-02,1.2535535645300742,1,1.0026127394818236
2019-01-03,1.2543790277703644,1,1.0026127394818236
2019-01-04,1.2552044910106548,1,1.0026127394818236
2019-01-07,1.2539662961502192,1,1.0026127394818236
2019-01-08,1.2519026380494935,1,1.0026127394818236
2019-01-09,1.247775321848042,1,1.0026127394818236
2019-01-10,1.2452989321271712,1,1.0026127394818236
2019-01-11,1.2444734688868808,1,1.0026127394818236
2019-01-14,1.2436480056465906,1,1.0026127394818236
2019-01-15,1.2444734688868808,1,1.0026127394818236
2019-01-16,1.2440607372667356,1,1.0026127394818236
2019-01-17,1.2436480056465906,1,1.0026127394818236
2019-01-18,1.2444734688868808,1,1.0026127394818236
2019-01-21,1.24199707916601,1,1.0026127394818236
2019-01-22,1.2428225424063002,1,1.0026127394818236
2019-01-23,1.245298932127171,1,1.0026127394818236
2019-01-24,1.2436480056465904,1,1.0026127394818236
2019-01-25,1.2440607372667356,1,1.0026127394818236
2019-01-28,1.2444734688868808,1,1.0026127394818236
2019-01-29,1.2428225424063002,1,1.0026127394818236
2019-01-30,1.2411716159257196,1,1.0026127394818236
2019-01-31,1.2386952262048487,1,1.0026127394818236
2019-02-01,1.2386952262048487,1,1.0026127394818236
2019-02-07,1.2391079578249937,1,1.0026127394818236
2019-02-08,1.2399334210652841,1,1.0026127394818236
2019-02-11,1.239520689445139,1,1.0026127394818236
2019-02-12,1.2374570313444133,1,1.0026127394818236
2019-02-13,1.237044299724268,1,1.0026127394818236
2019-02-14,1.234486385512516,0,1.234486385512516
2019-02-15,1.234486385512516,0,1.234486385512516
2019-02-18,1.234486385512516,0,1.234486385512516
2019-02-19,1.234486385512516,0,1.234486385512516
2019-02-20,1.234486385512516,0,1.234486385512516
2019-02-21,1.234486385512516,0,1.234486385512516
2019-02-22,1.234486385512516,0,1.234486385512516
2019-02-25,1.234486385512516,0,1.234486385512516
2019-02-26,1.234486385512516,0,1.234486385512516
2019-02-27,1.234486385512516,0,1.234486385512516
2019-02-28,1.234486385512516,0,1.234486385512516
2019-03-04,1.234486385512516,0,1.234486385512516
2019-03-05,1.234486385512516,0,1.234486385512516
2019-03-06,1.234486385512516,0,1.234486385512516
2019-03-07,1.234486385512516,0,1.234486385512516
2019-03-08,1.2140764630263785,2,0.7406918313075097
2019-03-11,1.212144586122,1,0.9679597310056129
2019-03-12,1.216509901967656,1,0.9679597310056129
2019-03-13,1.2159642374869488,1,0.9679597310056129
2019-03-14,1.214872908525535,1,0.9679597310056129
2019-03-15,1.2091434314781113,1,0.9679597310056129
2019-03-18,1.226877527101089,1,0.9679597310056129
2019-03-19,1.223603540216847,1,0.9679597310056129
2019-03-20,1.230697178466038,1,0.9679597310056129
2019-03-21,1.2397006423977037,1,0.9679597310056129
2019-03-22,1.2407919713591178,1,0.9679597310056129
2019-03-25,1.2399734746380573,1,0.9679597310056129
2019-03-26,1.2448844549644205,1,0.9679597310056129
2019-03-27,1.236737914399017,2,0.7199104696299308
2019-03-28,1.2211161957624586,1,0.9493752843703677
2019-03-29,1.22357168592564,1,0.9493752843703677
2019-04-01,1.2344849755397802,1,0.9493752843703677
2019-04-02,1.2344849755397802,1,0.9493752843703677
2019-04-03,1.2344849755397802,1,0.9493752843703677
2019-04-04,1.2303924919344777,1,0.9493752843703677
2019-04-05,1.226300008329175,1,0.9493752843703677
2019-04-08,1.2276641695309427,1,0.9493752843703677
2019-04-09,1.2358491367415478,1,0.9493752843703677
2019-04-10,1.2399416203468503,1,0.9493752843703677
2019-04-11,1.2604040383733632,1,0.9493752843703677
2019-04-12,1.2958722296193188,1,0.9493752843703677
2019-04-15,1.2986005520228538,1,0.9493752843703677
2019-04-16,1.2754098115928059,1,0.9493752843703677
2019-04-17,1.2795022951981085,1,0.9493752843703677
2019-04-18,1.2740456503910385,1,0.9493752843703677
2019-04-19,1.2740456503910385,1,0.9493752843703677
2019-04-22,1.2672248443822007,1,0.9493752843703677
2019-04-23,1.2617681995751306,1,0.9493752843703677
2019-04-24,1.2617681995751306,1,0.9493752843703677
2019-04-25,1.2631323607768983,1,0.9493752843703677
2019-04-26,1.2549473935662931,1,0.9493752843703677
2019-04-29,1.257447055405604,0,1.257447055405604
2019-04-30,1.257447055405604,0,1.257447055405604
2019-05-02,1.257447055405604,0,1.257447055405604
2019-05-03,1.257447055405604,0,1.257447055405604
2019-05-07,1.257447055405604,0,1.257447055405604
2019-05-08,1.257447055405604,0,1.257447055405604
2019-05-09,1.257447055405604,0,1.257447055405604
2019-05-10,1.257447055405604,0,1.257447055405604
2019-05-13,1.257447055405604,0,1.257447055405604
2019-05-14,1.257447055405604,0,1.257447055405604
2019-05-15,1.257447055405604,0,1.257447055405604
2019-05-16,1.257447055405604,0,1.257447055405604
2019-05-17,1.257447055405604,0,1.257447055405604
2019-05-20,1.257447055405604,0,1.257447055405604
2019-05-21,1.257447055405604,0,1.257447055405604
2019-05-22,1.257447055405604,0,1.257447055405604
2019-05-23,1.257447055405604,0,1.257447055405604
2019-05-24,1.257447055405604,0,1.257447055405604
2019-05-27,1.257447055405604,0,1.257447055405604
2019-05-28,1.257447055405604,0,1.257447055405604
2019-05-29,1.257447055405604,0,1.257447055405604
2019-05-30,1.257447055405604,0,1.257447055405604
2019-05-31,1.257447055405604,0,1.257447055405604
2019-06-03,1.257447055405604,0,1.257447055405604
2019-06-04,1.257447055405604,0,1.257447055405604
2019-06-05,1.257447055405604,0,1.257447055405604
2019-06-07,1.257447055405604,0,1.257447055405604
2019-06-10,1.257447055405604,0,1.257447055405604
2019-06-11,1.270184491348052,2,0.7544682332433625
2019-06-12,1.2589741242184598,2,0.7544682332433625
2019-06-13,1.2858617388656115,3,0.497596234701484
2019-06-14,1.2590257188557537,3,0.497596234701484
2019-06-17,1.260839351773297,3,0.497596234701484
2019-06-18,1.2660588722356043,3,0.497596234701484
2019-06-19,1.2654366316757055,3,0.497596234701484
2019-06-20,1.2720307909934507,4,0.24406481314832534
2019-06-21,1.2757323758492238,4,0.24406481314832534
2019-06-24,1.256173944613108,4,0.24406481314832534
2019-06-25,1.2510705220721543,4,0.24406481314832534
2019-06-26,1.2422846035136703,4,0.24406481314832534
2019-06-27,1.2264072173880134,2,0.7145744444504927
2019-06-28,1.217152343802256,2,0.7145744444504927
2019-07-01,1.2174870055662979,2,0.7145744444504927
2019-07-02,1.219549727639706,2,0.7145744444504927
2019-07-03,1.1981401420192568,1,0.9473383558023192
2019-07-04,1.1819922327890788,0,1.1819922327890788
2019-07-05,1.1819922327890788,0,1.1819922327890788
2019-07-08,1.1819922327890788,0,1.1819922327890788
2019-07-09,1.1819922327890788,0,1.1819922327890788
2019-07-10,1.1819922327890788,0,1.1819922327890788
2019-07-11,1.1819922327890788,0,1.1819922327890788
2019-07-12,1.1819922327890788,0,1.1819922327890788
2019-07-15,1.1819922327890788,0,1.1819922327890788
2019-07-16,1.1819922327890788,0,1.1819922327890788
2019-07-17,1.1819922327890788,0,1.1819922327890788
2019-07-18,1.1819922327890788,0,1.1819922327890788
2019-07-19,1.1819922327890788,0,1.1819922327890788
2019-07-22,1.1819922327890788,0,1.1819922327890788
2019-07-23,1.1819922327890788,0,1.1819922327890788
2019-07-24,1.1819922327890788,0,1.1819922327890788
2019-07-25,1.1819922327890788,0,1.1819922327890788
2019-07-26,1.1819922327890788,0,1.1819922327890788
2019-07-29,1.1819922327890788,0,1.1819922327890788
2019-07-30,1.1819922327890788,0,1.1819922327890788
2019-07-31,1.1819922327890788,0,1.1819922327890788
2019-08-01,1.1819922327890788,0,1.1819922327890788
2019-08-02,1.1819922327890788,0,1.1819922327890788
2019-08-05,1.1819922327890788,0,1.1819922327890788
2019-08-06,1.1819922327890788,0,1.1819922327890788
2019-08-07,1.1819922327890788,0,1.1819922327890788
2019-08-08,1.1819922327890788,0,1.1819922327890788
2019-08-09,1.1819922327890788,0,1.1819922327890788
2019-08-12,1.1819922327890788,0,1.1819922327890788
2019-08-13,1.1819922327890788,0,1.1819922327890788
2019-08-14,1.1819922327890788,0,1.1819922327890788
2019-08-16,1.1819922327890788,0,1.1819922327890788
2019-08-19,1.1819922327890788,0,1.1819922327890788
2019-08-20,1.1819922327890788,0,1.1819922327890788
2019-08-21,1.1819922327890788,0,1.1819922327890788
2019-08-22,1.1819922327890788,0,1.1819922327890788
2019-08-23,1.1819922327890788,0,1.1819922327890788
2019-08-26,1.1819922327890788,0,1.1819922327890788
2019-08-27,1.1819922327890788,0,1.1819922327890788
2019-08-28,1.1819922327890788,0,1.1819922327890788
2019-08-29,1.1819922327890788,0,1.1819922327890788
2019-08-30,1.1819922327890788,0,1.1819922327890788
2019-09-02,1.1819922327890788,0,1.1819922327890788
2019-09-03,1.1819922327890788,0,1.1819922327890788
2019-09-04,1.1819922327890788,0,1.1819922327890788
2019-09-05,1.1819922327890788,0,1.1819922327890788
2019-09-06,1.1819922327890788,0,1.1819922327890788
2019-09-09,1.1819922327890788,0,1.1819922327890788
2019-09-10,1.1819922327890788,0,1.1819922327890788
2019-09-11,1.1819922327890788,0,1.1819922327890788
2019-09-16,1.1819922327890788,0,1.1819922327890788
2019-09-17,1.1819922327890788,0,1.1819922327890788
2019-09-18,1.1819922327890788,0,1.1819922327890788
2019-09-19,1.1819922327890788,0,1.1819922327890788
2019-09-20,1.1819922327890788,0,1.1819922327890788
2019-09-23,1.184986754769177,1,0.945593786231263
2019-09-24,1.1643903821664452,0,1.1643903821664452
2019-09-25,1.1643903821664452,0,1.1643903821664452
2019-09-26,1.1643903821664452,0,1.1643903821664452
2019-09-27,1.1643903821664452,0,1.1643903821664452
2019-09-30,1.1643903821664452,0,1.1643903821664452
2019-10-01,1.1643903821664452,0,1.1643903821664452
2019-10-02,1.1643903821664452,0,1.1643903821664452
2019-10-04,1.1643903821664452,0,1.1643903821664452
2019-10-07,1.1643903821664452,0,1.1643903821664452
2019-10-08,1.1643903821664452,0,1.1643903821664452
2019-10-10,1.1643903821664452,0,1.1643903821664452
2019-10-11,1.1643903821664452,0,1.1643903821664452
2019-10-14,1.1643903821664452,0,1.1643903821664452
2019-10-15,1.1643903821664452,0,1.1643903821664452
2019-10-16,1.1620464259459002,1,0.9315123057331562
2019-10-17,1.1631529897229214,1,0.9315123057331562
2019-10-18,1.1598332983918578,1,0.9315123057331562
2019-10-21,1.1642595534999427,1,0.9315123057331562
2019-10-22,1.1690546632003678,1,0.9315123057331562
2019-10-23,1.1705300815697293,1,0.9315123057331562
2019-10-24,1.167579244831006,1,0.9315123057331562
2019-10-25,1.1734809183084525,1,0.9315123057331562
2019-10-28,1.1801203009705794,1,0.9315123057331562
2019-10-29,1.1756940458624947,1,0.9315123057331562
2019-10-30,1.1745874820854736,1,0.9315123057331562
2019-10-31,1.176062900454835,1,0.9315123057331562
2019-11-01,1.1716366453467504,1,0.9315123057331562
2019-11-04,1.1819645739322813,1,0.9315123057331562
2019-11-05,1.176062900454835,1,0.9315123057331562
2019-11-06,1.1690546632003675,1,0.9315123057331562
2019-11-07,1.1708989361620696,1,0.9315123057331562
2019-11-08,1.1594644437995174,1,0.9315123057331562
2019-11-11,1.1635218443152617,1,0.9315123057331562
2019-11-12,1.164628408092283,1,0.9315123057331562
2019-11-13,1.1566085568454152,2,0.6993243332993804
2019-11-14,1.1685259952403384,2,0.6993243332993804
2019-11-15,1.1775535277920723,2,0.6993243332993804
2019-11-18,1.1719902434591996,2,0.6993243332993804
2019-11-19,1.1642669921167812,2,0.6993243332993804
2019-11-20,1.1497105258554599,2,0.6993243332993804
2019-11-21,1.1468433151090005,2,0.6993243332993804
2019-11-22,1.141807243760491,1,0.91422396028647
2019-11-25,1.142913807537512,1,0.91422396028647
2019-11-26,1.1407006799834698,1,0.91422396028647
2019-11-27,1.1373809886524062,1,0.91422396028647
2019-11-28,1.1377498432447466,1,0.91422396028647
2019-11-29,1.139225261614108,1,0.91422396028647
2019-12-02,1.1407006799834698,1,0.91422396028647
2019-12-03,1.1403318253911292,1,0.91422396028647
2019-12-04,1.139225261614108,1,0.91422396028647
2019-12-05,1.138118697837087,1,0.91422396028647
2019-12-06,1.1407006799834696,1,0.91422396028647
2019-12-09,1.1501898484822541,2,0.6845346350019464
2019-12-10,1.1498439295952352,2,0.6845346350019464
2019-12-11,1.1552439265211445,2,0.6845346350019464
2019-12-12,1.175017784695668,2,0.6845346350019464
2019-12-13,1.1898407755052482,2,0.6845346350019464
2019-12-16,1.2032342193561099,2,0.6845346350019464
2019-12-17,1.2363489743909235,2,0.6845346350019464
2019-12-18,1.2406882789504547,2,0.6845346350019464
2019-12-19,1.2286030279517752,2,0.6845346350019464
2019-12-20,1.2314554462892842,2,0.6845346350019464
2019-12-23,1.220689855995448,2,0.6845346350019464
2019-12-24,1.2274095136262004,2,0.6845346350019464
2019-12-26,1.2447456794661989,2,0.6845346350019464
2019-12-27,1.2666801182041931,2,0.6845346350019464
2019-12-30,1.2609970629286331,4,0.18150259200105867
2020-01-02,1.2662266790716943,5,0.0
2020-01-03,1.2596960236417105,5,0.0
2020-01-06,1.2656173151355148,5,0.0
2020-01-07,1.262684130086815,5,0.0
2020-01-08,1.2697930162453197,5,0.0
2020-01-09,1.3192118924718605,5,0.0
2020-01-10,1.2989221985880093,5,0.0
2020-01-13,1.3034712540833628,5,0.0
2020-01-14,1.3288882004300122,5,0.0
2020-01-15,1.3168903568616341,5,0.0
2020-01-16,1.3385827596779376,5,0.0
2020-01-17,1.3091073723519044,5,0.0
2020-01-20,1.3162212170218923,5,0.0
2020-01-21,1.2920797149260241,5,0.0
2020-01-22,1.3384905120505426,5,0.0
2020-01-23,1.3169719639855648,5,0.0
2020-01-28,1.2692182818515643,4,0.23278854040184385
2020-01-29,1.2706772884854407,2,0.6991871185094376
2020-01-30,1.2627985922179303,2,0.6991871185094376
2020-01-31,1.2377573096292898,1,0.9319756589112814
2020-02-03,1.2539687682596778,1,0.9319756589112814
2020-02-04,1.2578818789635644,1,0.9319756589112814
2020-02-05,1.2483786101112682,1,0.9319756589112814
2020-02-06,1.2539687682596776,1,0.9319756589112814
2020-02-07,1.2483786101112682,1,0.9319756589112814
2020-02-10,1.2567638473338825,1,0.9319756589112814
2020-02-11,1.2450245152222221,1,0.9319756589112814
2020-02-12,1.2528507366299957,1,0.9319756589112814
2020-02-13,1.265708100371338,1,0.9319756589112814
2020-02-14,1.2690621952603838,1,0.9319756589112814
2020-02-17,1.265708100371338,1,0.9319756589112814
2020-02-18,1.2528507366299957,1,0.9319756589112814
2020-02-19,1.2528507366299957,1,0.9319756589112814
2020-02-20,1.2511736891854728,1,0.9319756589112814
2020-02-21,1.2427884519628585,1,0.9319756589112814
2020-02-24,1.233844198925403,1,0.9319756589112814
2020-02-25,1.2422294361480173,1,0.9319756589112814
2020-02-26,1.2371982938144486,1,0.9319756589112814
2020-02-27,1.2193097877395378,1,0.9319756589112814
2020-02-28,1.2101853359541683,0,1.2101853359541683
2020-03-02,1.2101853359541683,0,1.2101853359541683
2020-03-03,1.2101853359541683,0,1.2101853359541683
2020-03-04,1.2101853359541683,0,1.2101853359541683
2020-03-05,1.2101853359541683,0,1.2101853359541683
2020-03-06,1.2101853359541683,0,1.2101853359541683
2020-03-09,1.2101853359541683,0,1.2101853359541683
2020-03-10,1.2101853359541683,0,1.2101853359541683
2020-03-11,1.2101853359541683,0,1.2101853359541683
2020-03-12,1.2101853359541683,0,1.2101853359541683
2020-03-13,1.2101853359541683,0,1.2101853359541683
2020-03-16,1.2101853359541683,0,1.2101853359541683
2020-03-17,1.2101853359541683,0,1.2101853359541683
2020-03-18,1.2101853359541683,0,1.2101853359541683
2020-03-19,1.2101853359541683,0,1.2101853359541683
2020-03-20,1.2101853359541683,0,1.2101853359541683
2020-03-23,1.2101853359541683,0,1.2101853359541683
2020-03-24,1.2101853359541683,0,1.2101853359541683
2020-03-25,1.2101853359541683,0,1.2101853359541683
2020-03-26,1.2101853359541683,0,1.2101853359541683
2020-03-27,1.2101853359541683,0,1.2101853359541683
2020-03-30,1.2101853359541683,0,1.2101853359541683
2020-03-31,1.2101853359541683,0,1.2101853359541683
2020-04-01,1.2101853359541683,0,1.2101853359541683
2020-04-02,1.2101853359541683,0,1.2101853359541683
2020-04-03,1.2101853359541683,0,1.2101853359541683
2020-04-06,1.2101853359541683,0,1.2101853359541683
2020-04-07,1.2101853359541683,0,1.2101853359541683
2020-04-08,1.2101853359541683,0,1.2101853359541683
2020-04-09,1.2101853359541683,0,1.2101853359541683
2020-04-10,1.2101853359541683,0,1.2101853359541683
2020-04-13,1.2101853359541683,0,1.2101853359541683
2020-04-14,1.2101853359541683,0,1.2101853359541683
2020-04-16,1.2101853359541683,0,1.2101853359541683
2020-04-17,1.2101853359541683,0,1.2101853359541683
2020-04-20,1.2101853359541683,0,1.2101853359541683
2020-04-21,1.2101853359541683,0,1.2101853359541683
2020-04-22,1.2101853359541683,0,1.2101853359541683
2020-04-23,1.2101853359541683,0,1.2101853359541683
2020-04-24,1.2101853359541683,0,1.2101853359541683
2020-04-27,1.2101853359541683,0,1.2101853359541683
2020-04-28,1.2101853359541683,0,1.2101853359541683
2020-04-29,1.2101853359541683,0,1.2101853359541683
2020-05-04,1.2101853359541683,0,1.2101853359541683
2020-05-06,1.2101853359541683,0,1.2101853359541683
2020-05-07,1.2101853359541683,0,1.2101853359541683
2020-05-08,1.2101853359541683,0,1.2101853359541683
2020-05-11,1.2101853359541683,0,1.2101853359541683
2020-05-12,1.2101853359541683,0,1.2101853359541683
2020-05-13,1.2101853359541683,0,1.2101853359541683
2020-05-14,1.2101853359541683,0,1.2101853359541683
2020-05-15,1.2101853359541683,0,1.2101853359541683
2020-05-18,1.2101853359541683,0,1.2101853359541683
2020-05-19,1.2101853359541683,0,1.2101853359541683
2020-05-20,1.2101853359541683,0,1.2101853359541683
2020-05-21,1.2101853359541683,0,1.2101853359541683
2020-05-22,1.2101853359541683,0,1.2101853359541683
2020-05-25,1.2101853359541683,0,1.2101853359541683
2020-05-26,1.2101853359541683,0,1.2101853359541683
2020-05-27,1.2101853359541683,0,1.2101853359541683
2020-05-28,1.2101853359541683,0,1.2101853359541683
2020-05-29,1.2101853359541683,0,1.2101853359541683
2020-06-01,1.2101853359541683,0,1.2101853359541683
2020-06-02,1.2101853359541683,0,1.2101853359541683
2020-06-03,1.1856450038653974,2,0.726111201572501
2020-06-04,1.1921739512183513,1,0.950126575457531
2020-06-05,1.187407153883893,1,0.950126575457531
2020-06-08,1.198529680997629,1,0.950126575457531
2020-06-09,1.203296478332087,1,0.950126575457531
2020-06-10,1.207533631518272,1,0.950126575457531
2020-06-11,1.211241140556184,1,0.950126575457531
2020-06-12,1.2022371900355409,1,0.950126575457531
2020-06-15,1.1741419493425609,0,1.1741419493425609
2020-06-16,1.1741419493425609,0,1.1741419493425609
2020-06-17,1.1741419493425609,0,1.1741419493425609
2020-06-18,1.1741419493425609,0,1.1741419493425609
2020-06-19,1.1741419493425609,0,1.1741419493425609
2020-06-22,1.1741419493425609,0,1.1741419493425609
2020-06-23,1.1741419493425609,0,1.1741419493425609
2020-06-24,1.1741419493425609,0,1.1741419493425609
2020-06-25,1.1741419493425609,0,1.1741419493425609
2020-06-26,1.1741419493425609,0,1.1741419493425609
2020-06-29,1.1741419493425609,0,1.1741419493425609
2020-06-30,1.1741419493425609,0,1.1741419493425609
2020-07-01,1.1741419493425609,0,1.1741419493425609
2020-07-02,1.1741419493425609,0,1.1741419493425609
2020-07-03,1.1741419493425609,0,1.1741419493425609
2020-07-06,1.1741419493425609,0,1.1741419493425609
2020-07-07,1.1741419493425609,0,1.1741419493425609
2020-07-08,1.1741419493425609,0,1.1741419493425609
2020-07-09,1.1741419493425609,0,1.1741419493425609
2020-07-10,1.1671769272281225,1,0.9393135594740487
2020-07-13,1.1749303121422499,1,0.9393135594740487
2020-07-14,1.1693306452598247,1,0.9393135594740487
2020-07-15,1.1736380813232286,1,0.9393135594740487
2020-07-16,1.163512476088635,3,0.4734765732380166
2020-07-17,1.1510096732965285,2,0.6908200163964064
2020-07-20,1.1431841270629373,2,0.6908200163964064
2020-07-21,1.154011903884275,2,0.6908200163964064
2020-07-22,1.1473894577498864,3,0.4604286596366802
2020-07-23,1.1479908538993544,3,0.4604286596366802
2020-07-24,1.12771272912816,3,0.4604286596366802
2020-07-27,1.128118873148534,2,0.6760044139050586
2020-07-28,1.130606929716358,3,0.44858548807666826
2020-07-29,1.1344727198730515,3,0.44858548807666826
2020-07-30,1.158449401026241,4,0.21935710475504613
2020-07-31,1.1547869271065911,4,0.21935710475504613
2020-08-03,1.2013648554229606,4,0.21935710475504613
2020-08-04,1.1998855265615096,4,0.21935710475504613
2020-08-05,1.2214400056639505,4,0.21935710475504613
2020-08-06,1.2298360194114226,4,0.21935710475504613
2020-08-07,1.242164973146956,3,0.4325938892006147
2020-08-10,1.255251372744745,4,0.18042890560329727
2020-08-11,1.2282672681300015,4,0.18042890560329727
2020-08-12,1.187084848506594,3,0.4138180874211673
2020-08-13,1.2043552006798595,3,0.4138180874211673
2020-08-14,1.1888147463920942,3,0.4138180874211673
2020-08-18,1.1539336886346825,2,0.6599567732615625
2020-08-19,1.1651902029533243,1,0.8962611382265976
2020-08-20,1.148602714709025,1,0.8962611382265976
2020-08-21,1.1443676113275016,1,0.8962611382265976
2020-08-24,1.1456742335400507,0,1.1456742335400507
2020-08-25,1.1456742335400507,0,1.1456742335400507
2020-08-26,1.1456742335400507,0,1.1456742335400507
2020-08-27,1.1456742335400507,0,1.1456742335400507
2020-08-28,1.1456742335400507,0,1.1456742335400507
2020-08-31,1.1456742335400507,0,1.1456742335400507
2020-09-01,1.1456742335400507,0,1.1456742335400507
2020-09-02,1.1456742335400507,0,1.1456742335400507
2020-09-03,1.1456742335400507,0,1.1456742335400507
2020-09-04,1.1607446843714957,1,0.9165393868320405
2020-09-07,1.1619417691633558,1,0.9165393868320405
2020-09-08,1.1706206339043415,1,0.9165393868320405
2020-09-09,1.1598468707776006,1,0.9165393868320405
2020-09-10,1.1595475995796356,1,0.9165393868320405
2020-09-11,1.160744684371496,1,0.9165393868320405
2020-09-14,1.1556570740060903,1,0.9165393868320405
2020-09-15,1.1562556164020203,1,0.9165393868320405
2020-09-16,1.1521062610770474,2,0.6852284093120433
2020-09-17,1.1435575349004776,2,0.6852284093120433
2020-09-18,1.1443935683014188,2,0.6852284093120433
2020-09-21,1.15310484893303,2,0.6852284093120433
2020-09-22,1.1440193605534843,2,0.6852284093120433
2020-09-23,1.111390173150108,0,1.111390173150108
2020-09-24,1.111390173150108,0,1.111390173150108
2020-09-25,1.111390173150108,0,1.111390173150108
2020-09-28,1.111390173150108,0,1.111390173150108
2020-09-29,1.111390173150108,0,1.111390173150108
2020-10-05,1.111390173150108,0,1.111390173150108
2020-10-06,1.111390173150108,0,1.111390173150108
2020-10-07,1.111390173150108,0,1.111390173150108
2020-10-08,1.111390173150108,0,1.111390173150108
2020-10-12,1.111390173150108,0,1.111390173150108
2020-10-13,1.1192830869231538,1,0.8891121385200863
2020-10-14,1.1216744734000688,1,0.8891121385200863
2020-10-15,1.1264572463538989,1,0.8891121385200863
2020-10-16,1.1180873936846965,1,0.8891121385200863
2020-10-19,1.1121089274924087,1,0.8891121385200863
2020-10-20,1.1222723200192977,1,0.8891121385200863
2020-10-21,1.1270550929731276,1,0.8891121385200863
2020-10-22,1.1133046207308663,1,0.8891121385200863
2020-10-23,1.1133046207308663,1,0.8891121385200863
2020-10-26,1.1016170362539393,2,0.6671686303169875
2020-10-27,1.0912600707707705,2,0.6671686303169875
2020-10-28,1.095064940172572,1,0.8720681512002496
2020-10-29,1.0920757070764284,1,0.8720681512002496
2020-10-30,1.0890864739802848,1,0.8720681512002496
2020-11-02,1.0914778604571997,1,0.8720681512002496
2020-11-03,1.0968584800302583,1,0.8720681512002496
2020-11-04,1.1010434063648598,1,0.8720681512002496
2020-11-05,1.1016412529840884,1,0.8720681512002496
2020-11-06,1.104630486080232,1,0.8720681512002496
2020-11-09,1.098054173268716,1,0.8720681512002496
2020-11-10,1.09938481519616,0,1.09938481519616
2020-11-11,1.09938481519616,0,1.09938481519616
2020-11-12,1.09938481519616,0,1.09938481519616
2020-11-13,1.09938481519616,0,1.09938481519616
2020-11-16,1.09938481519616,0,1.09938481519616
2020-11-17,1.09938481519616,0,1.09938481519616
2020-11-18,1.09938481519616,0,1.09938481519616
2020-11-19,1.09938481519616,0,1.09938481519616
2020-11-20,1.0998795708719589,1,0.8795078521569281
2020-11-23,1.106403733597075,1,0.8795078521569281
2020-11-24,1.1076119118795038,1,0.8795078521569281
2020-11-25,1.0977048499635869,1,0.8795078521569281
2020-11-26,1.076359396906187,1,0.8632367478857298
2020-11-27,1.0706876696356766,2,0.6478682142418981
2020-11-30,1.0704371697751998,2,0.6478682142418981
2020-12-01,1.0751080250843499,2,0.6478682142418981
2020-12-02,1.0836828098619615,2,0.6478682142418981
2020-12-03,1.0748220684079084,2,0.6478682142418981
2020-12-04,1.0608066713113398,1,0.8472007509779108
2020-12-07,1.0520561326587654,2,0.6366342120484489
2020-12-08,1.0450581803770944,1,0.84013948773047
2020-12-09,1.047006694094812,1,0.84013948773047
2020-12-10,1.047331446381098,1,0.84013948773047
2020-12-11,1.047006694094812,1,0.84013948773047
2020-12-14,1.0453829326633808,1,0.84013948773047
2020-12-15,1.0414859052279457,1,0.84013948773047
2020-12-16,1.0431096666593769,1,0.84013948773047
2020-12-17,1.0414859052279457,1,0.84013948773047
2020-12-18,1.0439488413846798,2,0.6317124057703664
2020-12-21,1.0489383481995544,2,0.6317124057703664
2020-12-22,1.0396668235443591,1,0.8266004966460043
2020-12-23,1.0492745889482638,1,0.8266004966460043
2020-12-24,1.06114300503544,1,0.8266004966460043
2020-12-28,1.0679249570852551,1,0.8266004966460043
2020-12-29,1.0843146745389747,1,0.8266004966460043
2020-12-30,1.0843146745389747,1,0.8266004966460043
2021-01-04,1.0843146745389747,1,0.8266004966460043
2021-01-05,1.0723057941001262,2,0.612563375092299
2021-01-06,1.0489654078904438,4,0.18587154784304888
2021-01-07,1.064011138930309,4,0.18587154784304888
2021-01-08,1.1198336023038156,5,0.0
2021-01-11,1.1058341497958355,3,0.36956646196532983
2021-01-12,1.092991983899779,3,0.36956646196532983
2021-01-13,1.0914935923187086,3,0.36956646196532983
2021-01-14,1.0797363884657996,3,0.36956646196532983
2021-01-15,1.071082869946868,3,0.36956646196532983
2021-01-18,1.079300476865151,3,0.36956646196532983
2021-01-19,1.1090898344314233,3,0.36956646196532983
2021-01-20,1.1190244797543465,3,0.36956646196532983
2021-01-21,1.143672591193692,3,0.36956646196532983
2021-01-22,1.1151851942789304,3,0.36956646196532983
2021-01-25,1.1123865723030693,3,0.36956646196532983
2021-01-26,1.0919907765439552,3,0.36956646196532983
2021-01-27,1.0778882356499122,3,0.36956646196532983
2021-01-28,1.052326983134726,1,0.8062481385970401
2021-01-29,1.0548283057699173,0,1.0548283057699173
2021-02-01,1.0548283057699173,0,1.0548283057699173
2021-02-02,1.0548283057699173,0,1.0548283057699173
2021-02-03,1.0548283057699173,0,1.0548283057699173
2021-02-04,1.0548283057699173,0,1.0548283057699173
2021-02-05,1.0548283057699173,0,1.0548283057699173
2021-02-08,1.0548283057699173,0,1.0548283057699173
2021-02-09,1.0548283057699173,0,1.0548283057699173
2021-02-10,1.0548283057699173,0,1.0548283057699173
2021-02-15,1.0548283057699173,0,1.0548283057699173
2021-02-16,1.0548283057699173,0,1.0548283057699173
2021-02-17,1.0669435796802624,1,0.8438626446159339
2021-02-18,1.047044341341191,1,0.8438626446159339
2021-02-19,1.054899303843456,1,0.8438626446159339
2021-02-22,1.0375296060842834,2,0.635291639014604
2021-02-23,1.0357263029618986,1,0.8292287899440715
2021-02-24,1.0324743736230353,1,0.8292287899440715
2021-02-25,1.02759647961474,1,0.8292287899440715
2021-02-26,1.0202397670218666,0,1.0202397670218666
2021-03-02,1.0202397670218666,0,1.0202397670218666
2021-03-03,1.0202397670218666,0,1.0202397670218666
2021-03-04,1.0202397670218666,0,1.0202397670218666
2021-03-05,1.0202397670218666,0,1.0202397670218666
2021-03-08,1.0202397670218666,0,1.0202397670218666
2021-03-09,1.0101062236562282,1,0.8161918136174933
2021-03-10,1.0075432713319499,2,0.6142398240326901
2021-03-11,1.0144299597249402,1,0.802465954099995
2021-03-12,1.0100989644176996,1,0.802465954099995
2021-03-15,1.013737417096321,2,0.5998347265848446
2021-03-16,1.0160273017806878,2,0.5998347265848446
2021-03-17,1.0152749892278632,2,0.5998347265848446
2021-03-18,1.0093404698122244,2,0.5998347265848446
2021-03-19,1.0225290468853556,3,0.3958943489141085
2021-03-22,1.0243559796823296,3,0.3958943489141085
2021-03-23,1.014737773278537,2,0.5834755873728619
2021-03-24,1.012514085881186,2,0.5834755873728619
2021-03-25,0.9992850396183046,4,0.18099872251225502
2021-03-26,0.964342406012897,3,0.3725837803351616
2021-03-29,0.9551778683982377,3,0.34917921033834814
2021-03-30,0.9525933369457313,4,0.1585787491959905
2021-03-31,0.9524922060956023,3,0.34737190355993114
2021-04-01,0.9663731248134428,3,0.34737190355993114
2021-04-02,0.9548532730683077,3,0.34737190355993114
2021-04-05,0.9704717280282591,3,0.34737190355993114
2021-04-06,0.9671947713774017,4,0.15420966023815427
2021-04-07,0.9675926200238407,4,0.15420966023815427
2021-04-08,0.9836780626809127,4,0.15420966023815427
2021-04-09,0.9902746515365073,4,0.15420966023815427
2021-04-12,0.983562635225146,4,0.15420966023815427
2021-04-13,0.9786400515432877,5,0.0
2021-04-14,0.9862205628208318,5,0.0
2021-04-15,0.9888046975448208,5,0.0
2021-04-16,0.9880358844833781,5,0.0
2021-04-19,0.9787011505935177,5,0.0
2021-04-20,0.9856476109184162,5,0.02118371046025211
2021-04-21,0.9956972324977782,5,0.02118371046025211
2021-04-22,1.012393031458069,5,0.02118371046025211
2021-04-23,1.0216228042925781,5,0.02118371046025211
2021-04-26,1.0255213245416714,4,0.20490499388537914
2021-04-27,1.0632551893155016,4,0.20490499388537914
2021-04-28,1.0468057860210664,3,0.34766107054988904
2021-04-29,1.055634204569492,3,0.34766107054988904
2021-04-30,1.0290176436472134,3,0.34766107054988904
2021-05-03,1.00443646619832,3,0.34766107054988904
2021-05-04,1.0219838993234207,3,0.34766107054988904
2021-05-06,1.0752153788815983,3,0.34766107054988904
2021-05-07,1.0966841854307101,3,0.34766107054988904
2021-05-10,1.0978349264783267,3,0.34766107054988904
2021-05-11,1.1422475185604561,3,0.34766107054988904
2021-05-12,1.144986313376826,3,0.34766107054988904
2021-05-13,1.1115440622674146,2,0.526476612804159
2021-05-14,1.0782816700776825,2,0.526476612804159
2021-05-17,1.075288193992162,2,0.526476612804159
2021-05-18,1.1088822272892602,1,0.7473612087227378
2021-05-20,1.093687865639363,1,0.7473612087227378
2021-05-21,1.0826850520308164,1,0.7473612087227378
2021-05-24,1.0779695604842967,1,0.7473612087227378
2021-05-25,1.0690625208964257,1,0.7473612087227378
2021-05-26,1.0512484417206842,1,0.7473612087227378
2021-05-27,1.0564878767723729,1,0.7473612087227378
2021-05-28,1.080065334504972,1,0.7473612087227378
2021-05-31,1.0701104079067636,1,0.7473612087227378
2021-06-01,1.0701104079067636,1,0.7473612087227378
2021-06-02,1.0707537512524516,3,0.3199457777662352
2021-06-03,1.0624095499400277,3,0.3199457777662352
2021-06-04,1.0853801451772436,3,0.3199457777662352
2021-06-07,1.0512899918447323,2,0.5177808223898681
2021-06-08,1.0527902911774163,2,0.5177808223898681
2021-06-09,1.0450384353741171,2,0.5177808223898681
2021-06-10,1.0433655782673767,2,0.5177808223898681
2021-06-11,1.0498907191032818,2,0.5177808223898681
2021-06-14,1.050724012565152,2,0.5177808223898681
2021-06-15,1.052563453747169,3,0.3076360198768377
2021-06-16,1.0451339330578489,3,0.3076360198768377
2021-06-17,1.0433288675737464,3,0.3076360198768377
2021-06-18,1.03693547505563,3,0.3076360198768377
2021-06-21,1.029744554667055,3,0.3076360198768377
2021-06-22,1.0507372942066506,3,0.3076360198768377
2021-06-23,1.0444978027741663,3,0.3076360198768377
2021-06-24,1.0818908310736346,3,0.3076360198768377
2021-06-25,1.0841669655685073,3,0.3076360198768377
2021-06-28,1.0897519731439556,4,0.08753305189812677
2021-06-29,1.0575458924843126,4,0.08753305189812677
2021-06-30,1.0529680728931199,4,0.08753305189812677
2021-07-01,1.0430066104499875,4,0.08753305189812677
2021-07-02,1.0381602926081992,4,0.08753305189812677
2021-07-05,1.027853819293441,2,0.4891234003226358
2021-07-06,1.0278388415594484,2,0.4891234003226358
2021-07-07,1.0408724823211015,4,0.0759999293629254
2021-07-08,0.9922000070682683,2,0.4584395625295714
2021-07-09,0.9903437381991889,2,0.4584395625295714
2021-07-12,0.9937568598497826,2,0.4584395625295714
2021-07-13,0.9929784334590255,2,0.4584395625295714
2021-07-14,0.9942059146849901,2,0.4584395625295714
2021-07-15,0.9985171460059987,2,0.4584395625295714
2021-07-16,0.9954633513789393,2,0.4584395625295714
2021-07-19,0.9912268701356114,2,0.4584395625295714
2021-07-20,0.9794487897500479,1,0.766192131627059
2021-07-21,0.9807212041779895,1,0.766192131627059
2021-07-22,0.9817391357203425,1,0.766192131627059
2021-07-23,0.9858108618897552,1,0.766192131627059
2021-07-26,0.9860653447753436,1,0.766192131627059
2021-07-27,0.9954812115421103,1,0.766192131627059
2021-07-28,0.9835205159194607,1,0.766192131627059
2021-07-29,0.9819936186059308,1,0.766192131627059
2021-07-30,0.9890785890061169,2,0.5699969942143435
2021-08-02,0.9772054747091634,2,0.5699969942143435
2021-08-03,0.9697522606612639,2,0.5699969942143435
2021-08-04,0.9863668585903418,2,0.5699969942143435
2021-08-05,1.0506281436748945,2,0.5699969942143435
2021-08-06,1.0669268162337415,2,0.5699969942143435
2021-08-09,1.0617025056714942,2,0.5699969942143435
2021-08-10,1.0507802224194118,2,0.5699969942143435
2021-08-11,1.0339415631225,3,0.3611748066430452
2021-08-12,1.0334617911265556,3,0.3611748066430452
2021-08-13,1.0195528242537577,2,0.529499017036472
2021-08-17,0.992282539429933,2,0.523841426798478
2021-08-18,0.9890505602441504,2,0.523841426798478
2021-08-19,0.9623559105504857,2,0.523841426798478
2021-08-20,0.9529389446306819,2,0.5169757114494135
2021-08-23,0.9818059730545559,2,0.5169757114494135
2021-08-24,1.0310316323254933,2,0.5169757114494135
2021-08-25,1.0241605944146093,2,0.5169757114494135
2021-08-26,1.031898319002854,2,0.5169757114494135
2021-08-27,1.0360970276787502,2,0.5169757114494135
2021-08-30,1.0364150018175804,2,0.5169757114494135
2021-08-31,1.0450674199275825,2,0.5169757114494135
2021-09-01,1.0752863563141055,2,0.5169757114494135
2021-09-02,1.0611628151002659,2,0.5169757114494135
2021-09-03,1.0551269771764318,2,0.5169757114494135
2021-09-06,1.1069206919165193,2,0.5169757114494135
2021-09-07,1.2045755214934564,2,0.5169757114494135
2021-09-08,1.2168308121808873,3,0.2732296015698922
2021-09-09,1.154671920937564,3,0.2732296015698922
2021-09-10,1.1400939859594859,4,0.04449815310712785
2021-09-13,1.117639990977825,4,0.04449815310712785
2021-09-14,1.1136404696478515,4,0.04449815310712785
2021-09-15,1.1299369380010986,4,0.04449815310712785
2021-09-16,1.1241300219380959,4,0.04449815310712785
2021-09-17,1.1048445860262357,3,0.2562410759688169
2021-09-23,1.0933474890434136,2,0.48188347927156255
2021-09-24,1.1094831488560717,2,0.48188347927156255
2021-09-27,1.1014434524104626,2,0.48188347927156255
2021-09-28,1.095455103458405,2,0.48188347927156255
2021-09-29,1.071979704603661,2,0.48188347927156255
2021-09-30,1.0571247192959878,2,0.48188347927156255
2021-10-01,1.0459914814559657,2,0.48188347927156255
2021-10-05,1.0568144873615801,2,0.48188347927156255
2021-10-06,1.030945504515946,2,0.48188347927156255
2021-10-07,1.0515823627344858,2,0.48188347927156255
2021-10-08,1.0506836714941938,2,0.48188347927156255
2021-10-12,1.0700001084403952,2,0.48188347927156255
2021-10-13,1.0868589522698433,2,0.48188347927156255
2021-10-14,1.1087677070437036,2,0.48188347927156255
2021-10-15,1.1039485344989917,2,0.48188347927156255
2021-10-18,1.1035190622625228,2,0.48188347927156255
2021-10-19,1.1028433672175086,2,0.48188347927156255
2021-10-20,1.078938496126296,2,0.48188347927156255
2021-10-21,1.0645207252595141,2,0.48188347927156255
2021-10-22,1.063375811210677,2,0.48188347927156255
2021-10-25,1.0539759467253762,2,0.48188347927156255
2021-10-26,1.0551528653371443,2,0.48188347927156255
2021-10-27,1.0387389781530099,2,0.48188347927156255
2021-10-28,1.032114680923292,2,0.48188347927156255
2021-10-29,1.0399479013277095,2,0.48188347927156255
2021-11-01,1.015375077395905,2,0.48188347927156255
2021-11-02,1.0157465712453282,1,0.7495574729199745
2021-11-03,1.00505829005062,1,0.7495574729199745
2021-11-04,1.0044292667358197,0,1.0044292667358197
2021-11-05,1.0044292667358197,0,1.0044292667358197
2021-11-08,0.9982926837171995,1,0.8035434133886558
2021-11-09,1.0028571197405247,1,0.8035434133886558
2021-11-10,0.9977783188807547,2,0.6029719894405507
2021-11-11,1.0686009576356823,2,0.6029719894405507
2021-11-12,1.0831203248129935,2,0.6029719894405507
2021-11-15,1.0633481021713993,2,0.6029719894405507
2021-11-16,1.0651332670047051,2,0.6029719894405507
2021-11-17,1.0701356342029522,2,0.6029719894405507
2021-11-18,1.0817022875336555,2,0.6029719894405507
2021-11-19,1.073269593191766,2,0.6029719894405507
2021-11-22,1.0485572463496065,2,0.6029719894405507
2021-11-23,1.0466779588821233,2,0.6029719894405507
2021-11-24,1.0612580085599925,2,0.6029719894405507
2021-11-25,1.056543448893302,2,0.6029719894405507
2021-11-26,1.072698659620023,2,0.6029719894405507
2021-11-29,1.0679335385731699,2,0.6029719894405507
2021-11-30,1.0796674367937822,2,0.6029719894405507
2021-12-01,1.0841898720602163,2,0.6029719894405507
2021-12-02,1.0510113907425485,2,0.6029719894405507
2021-12-03,1.0572948694695965,2,0.6029719894405507
2021-12-06,1.0594199637117456,2,0.6029719894405507
2021-12-07,1.0832175684414176,2,0.6029719894405507
2021-12-08,1.0856747896067924,2,0.6029719894405507
2021-12-09,1.0934377462513911,2,0.6029719894405507
2021-12-10,1.0946729778913995,2,0.6029719894405507
2021-12-13,1.0925541256377445,2,0.6029719894405507
2021-12-14,1.076773844950609,2,0.6029719894405507
2021-12-15,1.0690583286919262,2,0.6029719894405507
2021-12-16,1.069674384014807,2,0.6029719894405507
2021-12-17,1.0465379563591537,2,0.6029719894405507
2021-12-20,1.0417254440081145,1,0.8339661107524137
2021-12-21,1.0450826488960252,1,0.8339661107524137
2021-12-22,1.0463738815452217,1,0.8339661107524137
2021-12-23,1.0488917852111546,1,0.8339661107524137
2021-12-24,1.048439853783936,1,0.8339661107524137
2021-12-27,1.0470194978698197,1,0.8339661107524137
2021-12-28,1.059867262729324,1,0.8339661107524137
2021-12-29,1.0564454962089536,1,0.8339661107524137
2021-12-30,1.0590279615073463,1,0.8339661107524137
2022-01-03,1.0479879223567172,1,0.8339661107524137
2022-01-04,1.0465030048101414,1,0.8339661107524137
2022-01-05,1.0388847321798826,1,0.8339661107524137
2022-01-06,1.0326868154637399,1,0.8339661107524137
2022-01-07,1.032299445668981,1,0.8339661107524137
2022-01-10,1.025068542833481,1,0.8339661107524137
2022-01-11,1.01964053302678,0,1.01964053302678
2022-01-12,1.01964053302678,0,1.01964053302678
2022-01-13,1.01964053302678,0,1.01964053302678
2022-01-14,1.01964053302678,0,1.01964053302678
2022-01-17,1.0189874053030326,1,0.8157124264214239
2022-01-18,1.0044942211263947,0,1.0044942211263947
2022-01-19,1.0044942211263947,0,1.0044942211263947
2022-01-20,1.0044942211263947,0,1.0044942211263947
2022-01-21,1.0044942211263947,0,1.0044942211263947
2022-01-24,1.0044942211263947,0,1.0044942211263947
2022-01-25,1.0044942211263947,0,1.0044942211263947
2022-01-26,1.0044942211263947,0,1.0044942211263947
2022-01-27,1.0044942211263947,0,1.0044942211263947
2022-01-28,1.0044942211263947,0,1.0044942211263947
2022-02-03,1.0044942211263947,0,1.0044942211263947
2022-02-04,1.0044942211263947,0,1.0044942211263947
2022-02-07,1.0044942211263947,0,1.0044942211263947
2022-02-08,1.0044942211263947,0,1.0044942211263947
2022-02-09,1.0044942211263947,0,1.0044942211263947
2022-02-10,1.0044942211263947,0,1.0044942211263947
2022-02-11,1.0044942211263947,0,1.0044942211263947
2022-02-14,1.0044942211263947,0,1.0044942211263947
2022-02-15,1.0044942211263947,0,1.0044942211263947
2022-02-16,1.0044942211263947,0,1.0044942211263947
2022-02-17,1.0044942211263947,0,1.0044942211263947
2022-02-18,1.0044942211263947,0,1.0044942211263947
2022-02-21,1.0044942211263947,0,1.0044942211263947
2022-02-22,1.0044942211263947,0,1.0044942211263947
2022-02-23,1.0068320472289027,1,0.8035953769011157
2022-02-24,1.0029555984760565,1,0.8035953769011157
2022-02-25,1.018461393487441,1,0.8035953769011157
2022-02-28,1.0251067342066056,1,0.8035953769011157
2022-03-02,1.0173538367009134,1,0.8035953769011157
2022-03-03,1.017907615094177,1,0.8035953769011157
2022-03-04,1.0107084959817487,1,0.8035953769011157
2022-03-07,1.0012942632962654,1,0.8035953769011157
2022-03-08,1.0007404849030017,1,0.8035953769011157
2022-03-10,0.9990791497232105,1,0.8035953769011157
2022-03-11,0.9895729010312124,0,0.9895729010312124
2022-03-14,0.9895729010312124,0,0.9895729010312124
2022-03-15,0.9895729010312124,0,0.9895729010312124
2022-03-16,0.9895729010312124,0,0.9895729010312124
2022-03-17,0.9895729010312124,0,0.9895729010312124
2022-03-18,0.9895729010312124,0,0.9895729010312124
2022-03-21,0.9895729010312124,0,0.9895729010312124
2022-03-22,0.9895729010312124,0,0.9895729010312124
2022-03-23,0.9895729010312124,0,0.9895729010312124
2022-03-24,0.9895729010312124,0,0.9895729010312124
2022-03-25,0.9895729010312124,0,0.9895729010312124
2022-03-28,0.9895729010312124,0,0.9895729010312124
2022-03-29,0.9895729010312124,0,0.9895729010312124
2022-03-30,0.9895729010312124,0,0.9895729010312124
2022-03-31,0.9895729010312124,0,0.9895729010312124
2022-04-01,0.9895729010312124,0,0.9895729010312124
2022-04-04,0.9895729010312124,0,0.9895729010312124
2022-04-05,0.9895729010312124,0,0.9895729010312124
2022-04-06,0.9895729010312124,0,0.9895729010312124
2022-04-07,0.9895729010312124,0,0.9895729010312124
2022-04-08,0.9895729010312124,0,0.9895729010312124
2022-04-11,0.9895729010312124,0,0.9895729010312124
2022-04-12,0.9891482384613189,1,0.7916583208249699
2022-04-13,0.9937174139336251,1,0.7916583208249699
2022-04-14,0.9921943554428564,1,0.7916583208249699
2022-04-15,1.0077376222370156,2,0.5912902423147581
2022-04-18,1.0072375042141204,2,0.5912902423147581
2022-04-19,1.0110413663706952,2,0.5912902423147581
2022-04-20,1.0125757770725052,2,0.5912902423147581
2022-04-21,0.9846606062157723,2,0.5912902423147581
2022-04-22,0.9892297816880786,2,0.5912902423147581
2022-04-25,0.9774506748418773,2,0.5912902423147581
2022-04-26,0.9634092593873357,2,0.5816636461776978
2022-04-27,0.9535590527244385,2,0.5660269177503297
2022-04-28,0.9395606985272504,1,0.7492418275122292
2022-04-29,0.9378066075501535,1,0.7492418275122292
2022-05-02,0.938683653038702,1,0.7492418275122292
2022-05-03,0.934293361796134,2,0.5623821423930373
2022-05-04,0.9363001159515242,2,0.5623821423930373
2022-05-06,0.9350545540083741,2,0.5623821423930373
2022-05-09,0.9329466716186987,1,0.7397579953393539
2022-05-10,0.9311652186612048,1,0.7397579953393539
2022-05-11,0.9224558930912343,1,0.7397579953393539
2022-05-12,0.9236435283962303,1,0.7397579953393539
2022-05-13,0.927008495093719,1,0.7397579953393539
2022-05-16,0.9285920088337136,1,0.7397579953393539
2022-05-17,0.9291858264862115,1,0.7397579953393539
2022-05-18,0.927008495093719,1,0.7397579953393539
2022-05-19,0.9244352852662276,1,0.7397579953393539
2022-05-20,0.927008495093719,1,0.7397579953393539
2022-05-23,0.9331446108361982,1,0.7397579953393539
2022-05-24,0.9307693402262062,1,0.7397579953393539
2022-05-25,0.9404683618836732,1,0.7397579953393539
2022-05-26,0.9428436324936652,1,0.7397579953393539
2022-05-27,0.9428436324936652,1,0.7397579953393539
2022-05-30,0.9448230246686585,1,0.7397579953393539
2022-05-31,0.9475941737136491,1,0.7397579953393539
2022-06-02,0.9491776874536437,1,0.7397579953393539
2022-06-03,0.944086668761525,2,0.5503975119706236
2022-06-07,0.9580980951002236,2,0.5503975119706236
2022-06-08,0.9576781969330996,2,0.5503975119706236
2022-06-09,0.9582777959460945,2,0.5503975119706236
2022-06-10,0.9511885121265105,2,0.5359242113561509
2022-06-13,0.9410869268854823,1,0.7110815561512623
2022-06-14,0.9359405072304998,1,0.7110815561512623
2022-06-15,0.9272311816605294,1,0.7110815561512623
2022-06-16,0.9284188169655254,1,0.7110815561512623
2022-06-17,0.9260435463555334,1,0.7110815561512623
2022-06-20,0.9284188169655254,1,0.7110815561512623
2022-06-21,0.9232723973105428,1,0.7110815561512623
2022-06-22,0.924299781381342,0,0.924299781381342
2022-06-23,0.924299781381342,0,0.924299781381342
2022-06-24,0.924299781381342,0,0.924299781381342
2022-06-27,0.924299781381342,0,0.924299781381342
2022-06-28,0.924299781381342,0,0.924299781381342
2022-06-29,0.924299781381342,0,0.924299781381342
2022-06-30,0.924299781381342,0,0.924299781381342
2022-07-01,0.924299781381342,0,0.924299781381342
2022-07-04,0.924299781381342,0,0.924299781381342
2022-07-05,0.924299781381342,0,0.924299781381342
2022-07-06,0.924299781381342,0,0.924299781381342
2022-07-07,0.924299781381342,0,0.924299781381342
2022-07-08,0.924299781381342,0,0.924299781381342
2022-07-11,0.924299781381342,0,0.924299781381342
2022-07-12,0.924299781381342,0,0.924299781381342
2022-07-13,0.924299781381342,0,0.924299781381342
2022-07-14,0.924299781381342,0,0.924299781381342
2022-07-15,0.924299781381342,0,0.924299781381342
2022-07-18,0.924299781381342,0,0.924299781381342
2022-07-19,0.924299781381342,0,0.924299781381342
2022-07-20,0.924299781381342,0,0.924299781381342
2022-07-21,0.924299781381342,0,0.924299781381342
2022-07-22,0.924299781381342,0,0.924299781381342
2022-07-25,0.924299781381342,0,0.924299781381342
2022-07-26,0.924299781381342,0,0.924299781381342
2022-07-27,0.924299781381342,0,0.924299781381342
2022-07-28,0.924299781381342,0,0.924299781381342
2022-07-29,0.924299781381342,0,0.924299781381342
2022-08-01,0.924299781381342,0,0.924299781381342
2022-08-02,0.924299781381342,0,0.924299781381342
2022-08-03,0.924299781381342,0,0.924299781381342
2022-08-04,0.924299781381342,0,0.924299781381342
2022-08-05,0.924299781381342,0,0.924299781381342
2022-08-08,0.924299781381342,0,0.924299781381342
2022-08-09,0.924299781381342,0,0.924299781381342
2022-08-10,0.9224391354541692,1,0.7394398251050736
2022-08-11,0.9253671244197548,1,0.7394398251050736
2022-08-12,0.9199991446495146,1,0.7394398251050736
2022-08-16,0.9105697144363749,0,0.9105697144363749
2022-08-17,0.9105697144363749,0,0.9105697144363749
2022-08-18,0.9105697144363749,0,0.9105697144363749
2022-08-19,0.9105697144363749,0,0.9105697144363749
2022-08-22,0.9105697144363749,0,0.9105697144363749
2022-08-23,0.9105697144363749,0,0.9105697144363749
2022-08-24,0.9105697144363749,0,0.9105697144363749
2022-08-25,0.9105697144363749,0,0.9105697144363749
2022-08-26,0.9105697144363749,0,0.9105697144363749
2022-08-29,0.9105697144363749,0,0.9105697144363749
2022-08-30,0.9105697144363749,0,0.9105697144363749
2022-08-31,0.9105697144363749,0,0.9105697144363749
2022-09-01,0.9105697144363749,0,0.9105697144363749
2022-09-02,0.9105697144363749,0,0.9105697144363749
2022-09-05,0.9105697144363749,0,0.9105697144363749
2022-09-06,0.9105697144363749,0,0.9105697144363749
2022-09-07,0.9105697144363749,0,0.9105697144363749
2022-09-08,0.9105697144363749,0,0.9105697144363749
2022-09-13,0.9105697144363749,0,0.9105697144363749
2022-09-14,0.9105697144363749,0,0.9105697144363749
2022-09-15,0.9105697144363749,0,0.9105697144363749
2022-09-16,0.9105697144363749,0,0.9105697144363749
2022-09-19,0.9105697144363749,0,0.9105697144363749
2022-09-20,0.9105697144363749,0,0.9105697144363749
2022-09-21,0.9105697144363749,0,0.9105697144363749
2022-09-22,0.9105697144363749,0,0.9105697144363749
2022-09-23,0.9105697144363749,0,0.9105697144363749
2022-09-26,0.9105697144363749,0,0.9105697144363749
2022-09-27,0.9105697144363749,0,0.9105697144363749
2022-09-28,0.9105697144363749,0,0.9105697144363749
2022-09-29,0.9105697144363749,0,0.9105697144363749
2022-09-30,0.9105697144363749,0,0.9105697144363749
2022-10-04,0.9105697144363749,0,0.9105697144363749
2022-10-05,0.9105697144363749,0,0.9105697144363749
2022-10-06,0.9105697144363749,0,0.9105697144363749
2022-10-07,0.9105697144363749,0,0.9105697144363749
2022-10-11,0.9105697144363749,0,0.9105697144363749
2022-10-12,0.9105697144363749,0,0.9105697144363749
2022-10-13,0.9105697144363749,0,0.9105697144363749
2022-10-14,0.9105697144363749,0,0.9105697144363749
2022-10-17,0.9105697144363749,0,0.9105697144363749
2022-10-18,0.9105697144363749,0,0.9105697144363749
2022-10-19,0.9105697144363749,0,0.9105697144363749
2022-10-20,0.9105697144363749,0,0.9105697144363749
2022-10-21,0.9105697144363749,0,0.9105697144363749
2022-10-24,0.9105697144363749,0,0.9105697144363749
2022-10-25,0.9105697144363749,0,0.9105697144363749
2022-10-26,0.9105697144363749,0,0.9105697144363749
2022-10-27,0.9105697144363749,0,0.9105697144363749
2022-10-28,0.9105697144363749,0,0.9105697144363749
2022-10-31,0.9105697144363749,0,0.9105697144363749
2022-11-01,0.9105697144363749,0,0.9105697144363749
2022-11-02,0.9105697144363749,0,0.9105697144363749
2022-11-03,0.9105697144363749,0,0.9105697144363749
2022-11-04,0.9105697144363749,0,0.9105697144363749
2022-11-07,0.9105697144363749,0,0.9105697144363749
2022-11-08,0.9105697144363749,0,0.9105697144363749
2022-11-09,0.9105697144363749,0,0.9105697144363749
2022-11-10,0.9105697144363749,0,0.9105697144363749
2022-11-11,0.9105697144363749,0,0.9105697144363749
2022-11-14,0.9105697144363749,0,0.9105697144363749
2022-11-15,0.9105697144363749,0,0.9105697144363749
2022-11-16,0.9105697144363749,0,0.9105697144363749
2022-11-17,0.9105697144363749,0,0.9105697144363749
2022-11-18,0.9105697144363749,0,0.9105697144363749
2022-11-21,0.9105697144363749,0,0.9105697144363749
2022-11-22,0.9105697144363749,0,0.9105697144363749
2022-11-23,0.9105697144363749,0,0.9105697144363749
2022-11-24,0.9105697144363749,0,0.9105697144363749
2022-11-25,0.9105697144363749,0,0.9105697144363749
2022-11-28,0.9105697144363749,0,0.9105697144363749
2022-11-29,0.9105697144363749,0,0.9105697144363749
2022-11-30,0.9105697144363749,0,0.9105697144363749
2022-12-01,0.9105697144363749,0,0.9105697144363749
2022-12-02,0.9105697144363749,0,0.9105697144363749
2022-12-05,0.9105697144363749,0,0.9105697144363749
2022-12-06,0.9105697144363749,0,0.9105697144363749
2022-12-07,0.9105697144363749,0,0.9105697144363749
2022-12-08,0.9105697144363749,0,0.9105697144363749
2022-12-09,0.9105697144363749,0,0.9105697144363749
2022-12-12,0.9105697144363749,0,0.9105697144363749
2022-12-13,0.9105697144363749,0,0.9105697144363749
2022-12-14,0.9105697144363749,0,0.9105697144363749
2022-12-15,0.9105697144363749,0,0.9105697144363749
2022-12-16,0.9105697144363749,0,0.9105697144363749
2022-12-19,0.9105697144363749,0,0.9105697144363749
2022-12-20,0.9105697144363749,0,0.9105697144363749
2022-12-21,0.9105697144363749,0,0.9105697144363749
2022-12-22,0.9105697144363749,0,0.9105697144363749
2022-12-23,0.9105697144363749,0,0.9105697144363749
2022-12-26,0.9105697144363749,0,0.9105697144363749
2022-12-27,0.9105697144363749,0,0.9105697144363749
2022-12-28,0.9105697144363749,0,0.9105697144363749
2022-12-29,0.9105697144363749,0,0.9105697144363749
2023-01-02,0.9105697144363749,0,0.9105697144363749
2023-01-03,0.9105697144363749,0,0.9105697144363749
2023-01-04,0.9105697144363749,0,0.9105697144363749
2023-01-05,0.9105697144363749,0,0.9105697144363749
2023-01-06,0.9105697144363749,0,0.9105697144363749
2023-01-09,0.9105697144363749,0,0.9105697144363749
2023-01-10,0.9105697144363749,0,0.9105697144363749
2023-01-11,0.9105697144363749,0,0.9105697144363749
2023-01-12,0.9105697144363749,0,0.9105697144363749
2023-01-13,0.9105697144363749,0,0.9105697144363749
2023-01-16,0.9105697144363749,0,0.9105697144363749
2023-01-17,0.9105697144363749,0,0.9105697144363749
2023-01-18,0.9105697144363749,0,0.9105697144363749
2023-01-19,0.9105697144363749,0,0.9105697144363749
2023-01-20,0.9105697144363749,0,0.9105697144363749
2023-01-25,0.9105697144363749,0,0.9105697144363749
2023-01-26,0.9105697144363749,0,0.9105697144363749
2023-01-27,0.9105697144363749,0,0.9105697144363749
2023-01-30,0.9105697144363749,0,0.9105697144363749
2023-01-31,0.9105697144363749,0,0.9105697144363749
2023-02-01,0.9105697144363749,0,0.9105697144363749
2023-02-02,0.9105697144363749,0,0.9105697144363749
2023-02-03,0.9105697144363749,0,0.9105697144363749
2023-02-06,0.9105697144363749,0,0.9105697144363749
2023-02-07,0.9105697144363749,0,0.9105697144363749
2023-02-08,0.9105697144363749,0,0.9105697144363749
2023-02-09,0.9105697144363749,0,0.9105697144363749
2023-02-10,0.9105697144363749,0,0.9105697144363749
2023-02-13,0.9105697144363749,0,0.9105697144363749
2023-02-14,0.9105697144363749,0,0.9105697144363749
2023-02-15,0.9105697144363749,0,0.9105697144363749
2023-02-16,0.9105697144363749,0,0.9105697144363749
2023-02-17,0.9105697144363749,0,0.9105697144363749
2023-02-20,0.9105697144363749,0,0.9105697144363749
2023-02-21,0.9105697144363749,0,0.9105697144363749
2023-02-22,0.9105697144363749,0,0.9105697144363749
2023-02-23,0.9105697144363749,0,0.9105697144363749
2023-02-24,0.9105697144363749,0,0.9105697144363749
2023-02-27,0.9105697144363749,0,0.9105697144363749
2023-02-28,0.9105697144363749,0,0.9105697144363749
2023-03-02,0.9105697144363749,0,0.9105697144363749
2023-03-03,0.9105697144363749,0,0.9105697144363749
2023-03-06,0.9105697144363749,0,0.9105697144363749
2023-03-07,0.9105697144363749,0,0.9105697144363749
2023-03-08,0.9105697144363749,0,0.9105697144363749
2023-03-09,0.9105697144363749,0,0.9105697144363749
2023-03-10,0.9105697144363749,0,0.9105697144363749
2023-03-13,0.9105697144363749,0,0.9105697144363749
2023-03-14,0.9105697144363749,0,0.9105697144363749
2023-03-15,0.9105697144363749,0,0.9105697144363749
2023-03-16,0.9105697144363749,0,0.9105697144363749
2023-03-17,0.9105697144363749,0,0.9105697144363749
2023-03-20,0.9105697144363749,0,0.9105697144363749
2023-03-21,0.9105697144363749,0,0.9105697144363749
2023-03-22,0.9105697144363749,0,0.9105697144363749
2023-03-23,0.9105697144363749,0,0.9105697144363749
2023-03-24,0.9105697144363749,0,0.9105697144363749
2023-03-27,0.9105697144363749,0,0.9105697144363749
2023-03-28,0.9105697144363749,0,0.9105697144363749
2023-03-29,0.9105697144363749,0,0.9105697144363749
2023-03-30,0.9105697144363749,0,0.9105697144363749
2023-03-31,0.9105697144363749,0,0.9105697144363749
2023-04-03,0.9105697144363749,0,0.9105697144363749
2023-04-04,0.9105697144363749,0,0.9105697144363749
2023-04-05,0.9105697144363749,0,0.9105697144363749
2023-04-06,0.9105697144363749,0,0.9105697144363749
2023-04-07,0.9105697144363749,0,0.9105697144363749
2023-04-10,0.9105697144363749,0,0.9105697144363749
2023-04-11,0.9105697144363749,0,0.9105697144363749
2023-04-12,0.9105697144363749,0,0.9105697144363749
2023-04-13,0.9027616822778705,1,0.7284557715490999
2023-04-14,0.9015254701450424,1,0.7284557715490999
2023-04-17,0.9002892580122142,1,0.7284557715490999
2023-04-18,0.8941826172351065,1,0.7170858990486275
2023-04-19,0.9046000712460758,1,0.7170858990486275
2023-04-20,0.9052314320952255,1,0.7170858990486275
2023-04-21,0.8944982976596814,1,0.7170858990486275
2023-04-24,0.8951296585088311,1,0.7170858990486275
2023-04-25,0.8973394214808548,1,0.7170858990486275
2023-04-26,0.8910258129893582,1,0.7170858990486275
2023-04-27,0.8875533283190351,1,0.7170858990486275
2023-04-28,0.8837746880509812,0,0.8837746880509812
2023-05-02,0.8837746880509812,0,0.8837746880509812
2023-05-03,0.8837746880509812,0,0.8837746880509812
2023-05-04,0.8837746880509812,0,0.8837746880509812
2023-05-08,0.8837746880509812,0,0.8837746880509812
2023-05-09,0.8837746880509812,0,0.8837746880509812
2023-05-10,0.8837746880509812,0,0.8837746880509812
2023-05-11,0.8837746880509812,0,0.8837746880509812
2023-05-12,0.8837746880509812,0,0.8837746880509812
2023-05-15,0.8837746880509812,0,0.8837746880509812
2023-05-16,0.8837746880509812,0,0.8837746880509812
2023-05-17,0.8837746880509812,0,0.8837746880509812
2023-05-18,0.8837746880509812,0,0.8837746880509812
2023-05-19,0.8837746880509812,0,0.8837746880509812
2023-05-22,0.8837746880509812,0,0.8837746880509812
2023-05-23,0.8837746880509812,0,0.8837746880509812
2023-05-24,0.8837746880509812,0,0.8837746880509812
2023-05-25,0.8847038523362467,1,0.707019750440785
2023-05-26,0.8862739622204481,1,0.707019750440785
2023-05-30,0.8844421673555464,1,0.707019750440785
2023-05-31,0.8860122772397478,1,0.707019750440785
2023-06-01,0.8867973321818485,1,0.707019750440785
2023-06-02,0.8888908120274505,1,0.707019750440785
2023-06-05,0.8951712515642561,1,0.707019750440785
2023-06-07,0.892816086737954,1,0.707019750440785
2023-06-08,0.901036510795424,3,0.34842787985368207
2023-06-09,0.9351185379232249,3,0.34842787985368207
2023-06-12,0.9271899661527884,3,0.34842787985368207
2023-06-13,0.9331106975978597,4,0.1619999797634976
2023-06-14,0.9161590348475488,4,0.1619999797634976
2023-06-15,0.9149411689542891,4,0.1619999797634976
2023-06-16,0.9047946072609137,5,0.0
2023-06-19,0.9303740616563319,5,0.0
2023-06-20,0.924367631663944,5,0.0
2023-06-21,0.9411108832512578,5,0.0
2023-06-22,0.938530501140556,5,0.0
2023-06-23,0.9360244660184017,5,0.0
2023-06-26,0.9287366027547386,5,0.0
2023-06-27,0.9318212628203557,5,0.0
2023-06-28,0.9287619227539117,5,0.0
2023-06-29,0.9267778144827132,4,0.16602903980921122
2023-06-30,0.9180378958919079,3,0.31604192797206143
2023-07-03,0.9303788120514257,3,0.31604192797206143
2023-07-04,0.9255569503502679,3,0.31604192797206143
2023-07-05,0.9221620675799999,3,0.31604192797206143
2023-07-06,0.9177867438794604,3,0.31604192797206143
2023-07-07,0.9315129169032614,3,0.31604192797206143
2023-07-10,0.9274084953461567,4,0.13101533975996435
2023-07-11,0.9411829724799995,4,0.13101533975996435
2023-07-12,0.9542174349206654,4,0.13101533975996435
2023-07-13,0.9585326866985983,4,0.13101533975996435
2023-07-14,0.9478686654097576,4,0.13101533975996435
2023-07-17,0.9407537752313087,2,0.5472547020937752
2023-07-18,0.9380812119614238,2,0.5472547020937752
2023-07-19,0.9477635562473327,2,0.5472547020937752
2023-07-20,0.9510094352512233,2,0.5472547020937752
2023-07-21,0.953637399701661,2,0.5472547020937752
2023-07-24,0.9556751660843802,2,0.5472547020937752
2023-07-25,0.9567721322711994,2,0.5472547020937752
2023-07-26,0.9308930356676106,2,0.5472547020937752
2023-07-27,0.924979754381212,1,0.7372321846717963
2023-07-28,0.9255321510936363,0,0.9255321510936363
2023-07-31,0.9255321510936363,0,0.9255321510936363
2023-08-01,0.9255321510936363,0,0.9255321510936363
2023-08-02,0.9255321510936363,0,0.9255321510936363
2023-08-03,0.9255321510936363,0,0.9255321510936363
2023-08-04,0.9255321510936363,0,0.9255321510936363
2023-08-07,0.9255321510936363,0,0.9255321510936363
2023-08-08,0.9255321510936363,0,0.9255321510936363
2023-08-09,0.9255321510936363,0,0.9255321510936363
2023-08-10,0.9255321510936363,0,0.9255321510936363
2023-08-11,0.9255321510936363,0,0.9255321510936363
2023-08-14,0.9255321510936363,0,0.9255321510936363
2023-08-16,0.9255321510936363,0,0.9255321510936363
2023-08-17,0.9255321510936363,0,0.9255321510936363
2023-08-18,0.9255321510936363,0,0.9255321510936363
2023-08-21,0.9255321510936363,0,0.9255321510936363
2023-08-22,0.9255321510936363,0,0.9255321510936363
2023-08-23,0.9255321510936363,0,0.9255321510936363
2023-08-24,0.9255321510936363,0,0.9255321510936363
2023-08-25,0.9255321510936363,0,0.9255321510936363
2023-08-28,0.9255321510936363,0,0.9255321510936363
2023-08-29,0.9255321510936363,0,0.9255321510936363
2023-08-30,0.9255321510936363,0,0.9255321510936363
2023-08-31,0.924820125481175,1,0.740425720874909
2023-09-01,0.9397228035996097,1,0.740425720874909
2023-09-04,0.9356398254203951,2,0.5525441292174593
2023-09-05,0.9364963049661821,2,0.5525441292174593
2023-09-06,0.9427527791782724,2,0.5525441292174593
2023-09-07,0.9589757587879575,2,0.5525441292174593
2023-09-08,0.9547863863454606,1,0.7265235348835207
2023-09-11,0.9783997847725578,1,0.7265235348835207
2023-09-12,0.9389805513426946,2,0.5382949169882265
2023-09-13,0.9252691924436661,2,0.5382949169882265
2023-09-14,0.9248010907168555,2,0.5382949169882265
2023-09-15,0.9255585729181935,2,0.5382949169882265
2023-09-18,0.9178802046296974,2,0.5382949169882265
2023-09-19,0.9068005980095497,2,0.5246737047300268
2023-09-20,0.9040613569878151,1,0.7172918137867453
2023-09-21,0.902654430108711,1,0.7172918137867453
2023-09-22,0.9061717473064712,1,0.7172918137867453
2023-09-25,0.9051165521471431,1,0.7172918137867453
2023-09-26,0.9051165521471431,1,0.7172918137867453
2023-09-27,0.9005440397900548,1,0.7172918137867453
2023-10-04,0.8998405763505029,1,0.7172918137867453
2023-10-05,0.8963232591527426,1,0.7172918137867453
2023-10-06,0.9001923080702788,1,0.7172918137867453
2023-10-10,0.901950966669159,1,0.7172918137867453
2023-10-11,0.8984336494713987,1,0.7172918137867453
2023-10-12,0.8987853811911748,1,0.7172918137867453
2023-10-13,0.8987853811911748,1,0.7172918137867453
2023-10-16,0.9005440397900548,1,0.7172918137867453
2023-10-17,0.8980819177516227,1,0.7172918137867453
2023-10-18,0.9044130887075912,1,0.7172918137867453
2023-10-19,0.9008957715098309,1,0.7172918137867453
2023-10-20,0.9001923080702788,1,0.7172918137867453
2023-10-23,0.8970267225922945,1,0.7172918137867453
2023-10-24,0.8942128688340863,1,0.7172918137867453
2023-10-25,0.8998405763505029,1,0.7172918137867453
2023-10-26,0.8991371129109508,1,0.7172918137867453
2023-10-27,0.8938611371143104,1,0.7172918137867453
2023-10-30,0.8915925676917593,0,0.8915925676917593
2023-10-31,0.8915925676917593,0,0.8915925676917593
2023-11-01,0.8915925676917593,0,0.8915925676917593
2023-11-02,0.8915925676917593,0,0.8915925676917593
2023-11-03,0.8915925676917593,0,0.8915925676917593
2023-11-06,0.8915925676917593,0,0.8915925676917593
2023-11-07,0.8915925676917593,0,0.8915925676917593
2023-11-08,0.8915925676917593,0,0.8915925676917593
2023-11-09,0.8915925676917593,0,0.8915925676917593
2023-11-10,0.8915925676917593,0,0.8915925676917593
2023-11-13,0.8915925676917593,0,0.8915925676917593
2023-11-14,0.8915925676917593,0,0.8915925676917593
2023-11-15,0.8915925676917593,0,0.8915925676917593
2023-11-16,0.8915925676917593,0,0.8915925676917593
2023-11-17,0.8915925676917593,0,0.8915925676917593
2023-11-20,0.8915925676917593,0,0.8915925676917593
2023-11-21,0.8915925676917593,0,0.8915925676917593
2023-11-22,0.8915925676917593,0,0.8915925676917593
2023-11-23,0.8884881793123368,1,0.7132740541534075
2023-11-24,0.9014166001978501,1,0.7132740541534075
2023-11-27,0.9140047994811129,1,0.7132740541534075
2023-11-28,0.9146852426856136,1,0.7132740541534075
2023-11-29,0.910262361856359,1,0.7132740541534075
2023-11-30,0.9054992594248542,1,0.7132740541534075
2023-12-01,0.9031177082091018,1,0.7132740541534075
2023-12-04,0.8990084411772814,2,0.533467044356988
2023-12-05,0.8870715058982743,2,0.533467044356988
2023-12-06,0.8841705386223486,3,0.3564402729398998
2023-12-07,0.8797455891640726,3,0.3564402729398998
2023-12-08,0.8816916837955027,3,0.3564402729398998
2023-12-11,0.9334759026319691,2,0.5203680542963629
2023-12-12,0.9440343899019425,2,0.5203680542963629
2023-12-13,0.9334189626315776,2,0.5203680542963629
2023-12-14,0.9318405154211249,2,0.5203680542963629
2023-12-15,0.9329852594287733,2,0.5203680542963629
2023-12-18,0.950075096342009,2,0.5203680542963629
2023-12-19,0.9488748307340675,2,0.5203680542963629
2023-12-20,0.9564823667843743,2,0.5203680542963629
2023-12-21,0.9606599260120308,2,0.5203680542963629
2023-12-22,0.9668584164529607,2,0.5203680542963629
2023-12-26,0.9750500773070174,2,0.5203680542963629
2023-12-27,0.9707688372786923,2,0.5203680542963629
2023-12-28,0.9745302549035767,2,0.5203680542963629
2024-01-02,0.9743214749021415,2,0.5203680542963629
2024-01-03,0.966024714847318,2,0.5203680542963629
2024-01-04,0.9557407283791873,2,0.5203680542963629
2024-01-05,0.9474703107244122,2,0.5203680542963629
2024-01-08,0.9416727323761424,1,0.7409419870484371
2024-01-09,0.9457553916031466,1,0.7409419870484371
2024-01-10,0.9396314027626402,1,0.7409419870484371
2024-01-11,0.9426933971828935,1,0.7409419870484371
2024-01-12,0.9365694083423872,1,0.7409419870484371
2024-01-15,0.9354585639214335,0,0.9354585639214335
2024-01-16,0.9354585639214335,0,0.9354585639214335
2024-01-17,0.9354585639214335,0,0.9354585639214335
2024-01-18,0.9354585639214335,0,0.9354585639214335
2024-01-19,0.9354585639214335,0,0.9354585639214335
2024-01-22,0.9354585639214335,0,0.9354585639214335
2024-01-23,0.9354585639214335,0,0.9354585639214335
2024-01-24,0.9317314671485518,1,0.7483668511371467
2024-01-25,0.9398944426346325,1,0.7483668511371467
2024-01-26,0.9383827805075805,1,0.7483668511371467
2024-01-29,0.9385339467202857,1,0.7483668511371467
2024-01-30,0.9421619358252105,1,0.7483668511371467
2024-01-31,0.9317314671485518,1,0.7483668511371467
2024-02-01,0.9327896306374881,1,0.7483668511371467
2024-02-02,0.9309756360850259,1,0.7483668511371467
2024-02-05,0.9216495487966136,0,0.9216495487966136
2024-02-06,0.9216495487966136,0,0.9216495487966136
2024-02-07,0.9216495487966136,0,0.9216495487966136
2024-02-08,0.9216495487966136,0,0.9216495487966136
2024-02-13,0.9216495487966136,0,0.9216495487966136
2024-02-14,0.9302578162698815,1,0.7373196390372909
2024-02-15,0.9294003132599589,1,0.7373196390372909
2024-02-16,0.9238265436954618,1,0.7373196390372909
2024-02-19,0.9251127982103458,1,0.7373196390372909
2024-02-20,0.9238265436954618,1,0.7373196390372909
2024-02-21,0.9229690406855391,1,0.7373196390372909
2024-02-22,0.9229690406855391,1,0.7373196390372909
2024-02-23,0.9195390286458487,1,0.7373196390372909
2024-02-26,0.9148227620912742,1,0.7373196390372909
2024-02-27,0.9135365075763903,1,0.7373196390372909
2024-02-28,0.908044379043542,0,0.908044379043542
2024-02-29,0.908044379043542,0,0.908044379043542
2024-03-04,0.908044379043542,0,0.908044379043542
2024-03-05,0.908044379043542,0,0.908044379043542
2024-03-06,0.908044379043542,0,0.908044379043542
2024-03-07,0.908044379043542,0,0.908044379043542
2024-03-08,0.908044379043542,0,0.908044379043542
2024-03-11,0.908044379043542,0,0.908044379043542
2024-03-12,0.908044379043542,0,0.908044379043542
2024-03-13,0.908044379043542,0,0.908044379043542
2024-03-14,0.908044379043542,0,0.908044379043542
2024-03-15,0.908044379043542,0,0.908044379043542
2024-03-18,0.908044379043542,0,0.908044379043542
2024-03-19,0.908044379043542,0,0.908044379043542
2024-03-20,0.908044379043542,0,0.908044379043542
2024-03-21,0.9102023022750696,1,0.7264355032348335
2024-03-22,0.9224307768877286,1,0.7264355032348335
2024-03-25,0.9137111182912623,2,0.5429344194233076
2024-03-26,0.9290141221654911,2,0.5429344194233076
2024-03-27,0.9126232601385327,1,0.7128915081317697
2024-03-28,0.9066788627573791,1,0.7128915081317697
2024-03-29,0.9129629399888843,1,0.7128915081317697
2024-04-01,0.931985011608576,1,0.7128915081317697
2024-04-02,0.9268898138533015,1,0.7128915081317697
2024-04-03,0.9321548515337519,1,0.7128915081317697
2024-04-04,0.9243422149756642,1,0.7128915081317697
2024-04-05,0.9162121032424186,2,0.5285325849121643
2024-04-08,0.9104742412726947,2,0.5285325849121643
2024-04-09,0.9346540754687591,2,0.5285325849121643
2024-04-11,0.948449210571596,2,0.5285325849121643
2024-04-12,0.9752425130260878,2,0.5285325849121643
2024-04-15,0.9549520550432822,2,0.5285325849121643
2024-04-16,0.9456706126250266,2,0.5285325849121643
2024-04-17,0.9540967395030274,2,0.5285325849121643
2024-04-18,0.9626009675905696,2,0.5285325849121643
2024-04-19,0.9563413540165668,2,0.5285325849121643
2024-04-22,0.952701324615367,2,0.5285325849121643
2024-04-23,0.9578087541993929,2,0.5285325849121643
2024-04-24,0.9608719887669332,2,0.5285325849121643
2024-04-25,0.9585186934719744,2,0.5285325849121643
2024-04-26,0.977190259089905,2,0.5285325849121643
2024-04-29,1.0024013646657755,2,0.5285325849121643
2024-04-30,1.0046629212451,2,0.5285325849121643
2024-05-02,1.0321383947549787,2,0.5285325849121643
2024-05-03,1.0439918997083741,2,0.5285325849121643
2024-05-07,1.059289724802949,2,0.5285325849121643
2024-05-08,1.048346578619189,2,0.5285325849121643
2024-05-09,1.1209279801356782,2,0.5285325849121643
2024-05-10,1.2261017052201395,2,0.5285325849121643
2024-05-13,1.2422317878748084,2,0.5285325849121643
2024-05-14,1.2509425513737802,2,0.5285325849121643
2024-05-16,1.2866700948044585,2,0.5285325849121643
2024-05-17,1.2819178978678814,3,0.272517763724205
2024-05-20,1.2979949317273758,3,0.272517763724205
2024-05-21,1.315776648044665,3,0.272517763724205
2024-05-22,1.2660179179512097,4,0.018275499472115986
2024-05-23,1.2766479469574659,3,0.2476666920321274
2024-05-24,1.3040477886955255,2,0.48314363942342387
2024-05-27,1.3450602905187843,2,0.48314363942342387
2024-05-28,1.388568898053557,2,0.48314363942342387
2024-05-29,1.3920171897231968,2,0.48314363942342387
2024-05-30,1.3908140839840089,2,0.48314363942342387
2024-05-31,1.3691852401071534,2,0.48314363942342387
2024-06-03,1.458853040386583,2,0.48314363942342387
2024-06-04,1.4395343965668377,1,0.7202623134472449
2024-06-05,1.4040610477524458,1,0.6992253582727976
2024-06-07,1.4465210290464006,1,0.6992253582727976
2024-06-10,1.4686002193192569,1,0.6992253582727976
2024-06-11,1.4957746073473879,1,0.6992253582727976
2024-06-12,1.5535201819071665,1,0.6992253582727976
2024-06-13,1.5603137789141992,1,0.6992253582727976
2024-06-14,1.5688057751729902,1,0.6992253582727976
2024-06-17,1.5322901912601892,1,0.6992253582727976
2024-06-18,1.5705041744247485,1,0.6992253582727976
2024-06-19,1.5603137789141992,1,0.6992253582727976
2024-06-20,1.548424984151892,1,0.6992253582727976
2024-06-21,1.5959801632011215,1,0.6992253582727976
2024-06-24,1.5637105774177158,1,0.6992253582727976
2024-06-25,1.5237981950013983,1,0.6992253582727976
2024-06-26,1.5441789860224964,1,0.6992253582727976
2024-06-27,1.513607799490849,1,0.6992253582727976
2024-06-28,1.4974730065991464,1,0.6992253582727976
2024-07-01,1.4206176872092802,2,0.4124687513411548
2024-07-02,1.4213674894026476,2,0.39117249487934025
2024-07-03,1.42767564990754,2,0.39117249487934025
2024-07-04,1.4148248935511034,2,0.39117249487934025
2024-07-05,1.3842161196967062,2,0.39117249487934025
2024-07-08,1.421421642534235,2,0.39117249487934025
2024-07-09,1.421043603570793,1,0.6567639402796079
2024-07-10,1.431835206391407,2,0.36898858113675714
2024-07-11,1.4717475888077245,2,0.36898858113675714
2024-07-12,1.3572157722138014,2,0.3634797405634403
2024-07-15,1.374412153121452,2,0.3634797405634403
2024-07-16,1.3208892925894131,2,0.3634797405634403
2024-07-17,1.373934126486052,3,0.09161667852151123
2024-07-18,1.3553127399521712,3,0.09161667852151123
2024-07-19,1.3585859463299252,2,0.3432604222031791
2024-07-22,1.3819756666957295,2,0.3432604222031791
2024-07-23,1.4366182879850227,2,0.3432604222031791
2024-07-24,1.426239247764142,2,0.3432604222031791
2024-07-25,1.3503877953041656,2,0.3432604222031791
2024-07-26,1.3685571516332473,2,0.3432604222031791
2024-07-29,1.4328970987515794,2,0.3432604222031791
2024-07-30,1.410670985862207,2,0.3432604222031791
2024-07-31,1.4025774385003742,2,0.3432604222031791
2024-08-01,1.4306639077244947,2,0.3432604222031791
2024-08-02,1.353617108573645,2,0.3432604222031791
2024-08-05,1.21072732617715,1,0.5950575974148065
2024-08-06,1.241285927230662,0,1.241285927230662
2024-08-07,1.241285927230662,0,1.241285927230662
2024-08-08,1.241285927230662,0,1.241285927230662
2024-08-09,1.241285927230662,0,1.241285927230662
2024-08-12,1.241285927230662,0,1.241285927230662
2024-08-13,1.241285927230662,0,1.241285927230662
2024-08-14,1.241285927230662,0,1.241285927230662
2024-08-16,1.241285927230662,0,1.241285927230662
2024-08-19,1.241285927230662,0,1.241285927230662
2024-08-20,1.241285927230662,0,1.241285927230662
2024-08-21,1.241285927230662,0,1.241285927230662
2024-08-22,1.241285927230662,0,1.241285927230662
2024-08-23,1.241285927230662,0,1.241285927230662
2024-08-26,1.241285927230662,0,1.241285927230662
2024-08-27,1.241285927230662,0,1.241285927230662
2024-08-28,1.241285927230662,0,1.241285927230662
2024-08-29,1.241285927230662,0,1.241285927230662
2024-08-30,1.241285927230662,0,1.241285927230662
2024-09-02,1.241285927230662,0,1.241285927230662
2024-09-03,1.241285927230662,0,1.241285927230662
2024-09-04,1.241285927230662,0,1.241285927230662
2024-09-05,1.241285927230662,0,1.241285927230662
2024-09-06,1.241285927230662,0,1.241285927230662
2024-09-09,1.241285927230662,0,1.241285927230662
2024-09-10,1.241285927230662,0,1.241285927230662
2024-09-11,1.241285927230662,0,1.241285927230662
2024-09-12,1.241285927230662,0,1.241285927230662
2024-09-13,1.241285927230662,0,1.241285927230662
2024-09-19,1.241285927230662,0,1.241285927230662
2024-09-20,1.241285927230662,0,1.241285927230662
2024-09-23,1.241285927230662,0,1.241285927230662
2024-09-24,1.241285927230662,0,1.241285927230662
2024-09-25,1.241285927230662,0,1.241285927230662
2024-09-26,1.241285927230662,0,1.241285927230662
2024-09-27,1.241285927230662,0,1.241285927230662
2024-09-30,1.241285927230662,0,1.241285927230662
2024-10-02,1.241285927230662,0,1.241285927230662
2024-10-04,1.241285927230662,0,1.241285927230662
2024-10-07,1.241285927230662,0,1.241285927230662
2024-10-08,1.241285927230662,0,1.241285927230662
2024-10-10,1.241285927230662,0,1.241285927230662
2024-10-11,1.241285927230662,0,1.241285927230662
2024-10-14,1.241285927230662,0,1.241285927230662
2024-10-15,1.241285927230662,0,1.241285927230662
2024-10-16,1.241285927230662,0,1.241285927230662
2024-10-17,1.241285927230662,0,1.241285927230662
2024-10-18,1.241285927230662,0,1.241285927230662
2024-10-21,1.241285927230662,0,1.241285927230662
2024-10-22,1.241285927230662,0,1.241285927230662
2024-10-23,1.241285927230662,0,1.241285927230662
2024-10-24,1.241285927230662,0,1.241285927230662
2024-10-25,1.241285927230662,0,1.241285927230662
2024-10-28,1.241285927230662,0,1.241285927230662
2024-10-29,1.241285927230662,0,1.241285927230662
2024-10-30,1.241285927230662,0,1.241285927230662
2024-10-31,1.241285927230662,0,1.241285927230662
2024-11-01,1.241285927230662,0,1.241285927230662
2024-11-04,1.241285927230662,0,1.241285927230662
2024-11-05,1.241285927230662,0,1.241285927230662
2024-11-06,1.241285927230662,0,1.241285927230662
2024-11-07,1.241285927230662,0,1.241285927230662
2024-11-08,1.241285927230662,0,1.241285927230662
2024-11-11,1.241285927230662,0,1.241285927230662
2024-11-12,1.241285927230662,0,1.241285927230662
2024-11-13,1.241285927230662,0,1.241285927230662
2024-11-14,1.241285927230662,0,1.241285927230662
2024-11-15,1.241285927230662,0,1.241285927230662
2024-11-18,1.241285927230662,0,1.241285927230662
2024-11-19,1.241285927230662,0,1.241285927230662
2024-11-20,1.241285927230662,0,1.241285927230662
2024-11-21,1.241285927230662,0,1.241285927230662
2024-11-22,1.241285927230662,0,1.241285927230662
2024-11-25,1.241285927230662,0,1.241285927230662
2024-11-26,1.241285927230662,0,1.241285927230662
2024-11-27,1.241285927230662,0,1.241285927230662
2024-11-28,1.241285927230662,0,1.241285927230662
2024-11-29,1.241285927230662,0,1.241285927230662
2024-12-02,1.241285927230662,0,1.241285927230662
2024-12-03,1.260571205506611,1,0.9930287417845296
2024-12-04,1.2522386540270511,1,0.9930287417845296
2024-12-05,1.2443565107355758,1,0.9930287417845296
2024-12-06,1.2439061025474913,1,0.9930287417845296
2024-12-09,1.2357987551619738,1,0.9930287417845296
2024-12-10,1.2369247756321846,1,0.9930287417845296
2024-12-11,1.2396272247606905,1,0.9930287417845296
2024-12-12,1.2436808984534493,1,0.9930287417845296
2024-12-13,1.2416540616070697,1,0.9930287417845296
2024-12-16,1.2423296738891962,1,0.9930287417845296
2024-12-17,1.2348979387858052,1,0.9930287417845296
2024-12-18,1.2339971224096364,1,0.9930287417845296
2024-12-19,1.2315198773751728,1,0.9930287417845296
2024-12-20,1.222962361864496,0,1.222962361864496
2024-12-23,1.222962361864496,0,1.222962361864496
2024-12-24,1.222962361864496,0,1.222962361864496
2024-12-26,1.222962361864496,0,1.222962361864496
2024-12-27,1.222962361864496,0,1.222962361864496
2024-12-30,1.222962361864496,0,1.222962361864496
2025-01-02,1.2127836137110364,1,0.9783698894915969
2025-01-03,1.2049773791817675,0,1.2049773791817675
2025-01-06,1.2049773791817675,0,1.2049773791817675
2025-01-07,1.2049773791817675,0,1.2049773791817675
2025-01-08,1.2049773791817675,0,1.2049773791817675
2025-01-09,1.2049773791817675,0,1.2049773791817675
2025-01-10,1.2049773791817675,0,1.2049773791817675
2025-01-13,1.212521006191477,1,0.963981903345414
2025-01-14,1.213131667377831,1,0.963981903345414
2025-01-15,1.2216809239867865,1,0.963981903345414
2025-01-16,1.2241235687322023,1,0.963981903345414
2025-01-17,1.2241235687322023,1,0.963981903345414
2025-01-20,1.2222915851731404,1,0.963981903345414
2025-01-21,1.2497713385590687,1,0.963981903345414
2025-01-22,1.2509926609317767,1,0.963981903345414
2025-01-23,1.2430540655091753,1,0.963981903345414
2025-01-24,1.2406114207637593,1,0.963981903345414
2025-01-31,1.2322687719620218,2,0.7169588093280992
2025-02-03,1.2280774288671825,2,0.7169588093280992
2025-02-04,1.2410059467093157,2,0.7169588093280992
2025-02-05,1.2229807678523432,2,0.7169588093280992
2025-02-06,1.2174848171751576,2,0.7169588093280992
2025-02-07,1.2059598614642115,1,0.9458181960774232
2025-02-10,1.196799943668902,1,0.9458181960774232
2025-02-11,1.1977099913945772,0,1.1977099913945772
2025-02-12,1.1977099913945772,0,1.1977099913945772
2025-02-13,1.1977099913945772,0,1.1977099913945772
2025-02-14,1.1977099913945772,0,1.1977099913945772
2025-02-17,1.1977099913945772,0,1.1977099913945772
2025-02-18,1.1977099913945772,0,1.1977099913945772
2025-02-19,1.1977099913945772,0,1.1977099913945772
2025-02-20,1.1977099913945772,0,1.1977099913945772
2025-02-21,1.1977099913945772,0,1.1977099913945772
2025-02-24,1.1977099913945772,0,1.1977099913945772
2025-02-25,1.1977099913945772,0,1.1977099913945772
2025-02-26,1.1977099913945772,0,1.1977099913945772
2025-02-27,1.1977099913945772,0,1.1977099913945772
2025-02-28,1.1977099913945772,0,1.1977099913945772
2025-03-04,1.1977099913945772,0,1.1977099913945772
2025-03-05,1.1977099913945772,0,1.1977099913945772
2025-03-06,1.1977099913945772,0,1.1977099913945772
2025-03-07,1.1977099913945772,0,1.1977099913945772
2025-03-10,1.1977099913945772,0,1.1977099913945772
2025-03-11,1.1977099913945772,0,1.1977099913945772
2025-03-12,1.1977099913945772,0,1.1977099913945772
2025-03-13,1.1977099913945772,0,1.1977099913945772
2025-03-14,1.1977099913945772,0,1.1977099913945772
2025-03-17,1.1977099913945772,0,1.1977099913945772
2025-03-18,1.1977099913945772,0,1.1977099913945772
2025-03-19,1.1977099913945772,0,1.1977099913945772
2025-03-20,1.1977099913945772,0,1.1977099913945772
2025-03-21,1.1977099913945772,0,1.1977099913945772
2025-03-24,1.1977099913945772,0,1.1977099913945772
2025-03-25,1.1977099913945772,0,1.1977099913945772
2025-03-26,1.1977099913945772,0,1.1977099913945772
2025-03-27,1.1977099913945772,0,1.1977099913945772
2025-03-28,1.1977099913945772,0,1.1977099913945772
2025-03-31,1.1977099913945772,0,1.1977099913945772
2025-04-01,1.1977099913945772,0,1.1977099913945772
2025-04-02,1.1977099913945772,0,1.1977099913945772
2025-04-03,1.1977099913945772,0,1.1977099913945772
2025-04-04,1.1977099913945772,0,1.1977099913945772
2025-04-07,1.1977099913945772,0,1.1977099913945772
2025-04-08,1.1977099913945772,0,1.1977099913945772
2025-04-09,1.1977099913945772,0,1.1977099913945772
2025-04-10,1.1977099913945772,0,1.1977099913945772
2025-04-11,1.1977099913945772,0,1.1977099913945772
2025-04-14,1.1977099913945772,0,1.1977099913945772
2025-04-15,1.1977099913945772,0,1.1977099913945772
2025-04-16,1.1977099913945772,0,1.1977099913945772
2025-04-17,1.1977099913945772,0,1.1977099913945772
2025-04-18,1.1977099913945772,0,1.1977099913945772
2025-04-21,1.1977099913945772,0,1.1977099913945772
2025-04-22,1.1977099913945772,0,1.1977099913945772
2025-04-23,1.1977099913945772,0,1.1977099913945772
2025-04-24,1.1977099913945772,0,1.1977099913945772
2025-04-25,1.1977099913945772,0,1.1977099913945772
2025-04-28,1.1977099913945772,0,1.1977099913945772
2025-04-29,1.1977099913945772,0,1.1977099913945772
2025-04-30,1.1977099913945772,0,1.1977099913945772
2025-05-02,1.1977099913945772,0,1.1977099913945772
2025-05-07,1.1977099913945772,0,1.1977099913945772
2025-05-08,1.1977099913945772,0,1.1977099913945772
2025-05-09,1.1977099913945772,0,1.1977099913945772
2025-05-12,1.1977099913945772,0,1.1977099913945772
2025-05-13,1.1977099913945772,0,1.1977099913945772
2025-05-14,1.1977099913945772,0,1.1977099913945772
2025-05-15,1.1977099913945772,0,1.1977099913945772
2025-05-16,1.1977099913945772,0,1.1977099913945772
2025-05-19,1.1977099913945772,0,1.1977099913945772
2025-05-20,1.1977099913945772,0,1.1977099913945772
2025-05-21,1.1977099913945772,0,1.1977099913945772
2025-05-22,1.1977099913945772,0,1.1977099913945772
2025-05-23,1.1977099913945772,0,1.1977099913945772
2025-05-26,1.1977099913945772,0,1.1977099913945772
2025-05-27,1.1977099913945772,0,1.1977099913945772
2025-05-28,1.1977099913945772,0,1.1977099913945772
2025-05-29,1.2017853473646907,1,0.9581679931156617
2025-05-30,1.1952837853203682,1,0.9581679931156617
2025-06-02,1.2040800163215104,1,0.9581679931156617
2025-06-04,1.2066865822739221,2,0.7158222105468132
2025-06-05,1.2079517592189792,2,0.7158222105468132
2025-06-09,1.215763583823727,2,0.7158222105468132
2025-06-10,1.2377605359450934,2,0.7158222105468132
2025-06-11,1.2287690404835896,2,0.7158222105468132
2025-06-12,1.2312428057115978,2,0.7158222105468132
2025-06-13,1.213861776358848,2,0.7158222105468132
2025-06-16,1.2373110857910468,2,0.7158222105468132
2025-06-17,1.2384303539421357,3,0.4666585181170252
2025-06-18,1.2616364800472217,3,0.4666585181170252
2025-06-19,1.2800699530993247,3,0.4666585181170252
2025-06-20,1.2962212922163947,3,0.4666585181170252
2025-06-23,1.2985144191588673,3,0.4666585181170252
2025-06-24,1.3041234691150785,3,0.4666585181170252
2025-06-25,1.3018314013505967,3,0.4666585181170252
2025-06-26,1.317667388527361,3,0.4666585181170252
2025-06-27,1.3092679599060606,3,0.4666585181170252
2025-06-30,1.3441900649836653,3,0.4666585181170252
2025-07-01,1.3314136364159945,3,0.4666585181170252
2025-07-02,1.3313772715918262,3,0.4666585181170252
2025-07-03,1.3022331374939946,3,0.4666585181170252
2025-07-04,1.2949681402538253,3,0.4666585181170252
2025-07-07,1.3187851144770772,3,0.4666585181170252
2025-07-08,1.359605392775263,3,0.4666585181170252
2025-07-09,1.3998069437167984,3,0.4666585181170252
2025-07-10,1.402271082835873,3,0.4666585181170252
2025-07-11,1.3682514505459693,4,0.19347513174836628
2025-07-14,1.3657452870821465,5,2.7755575615628914e-17
2025-07-15,1.3774549989892548,5,2.7755575615628914e-17
2025-07-16,1.3500628785467985,5,2.7755575615628914e-17
2025-07-17,1.3534272224707542,5,2.7755575615628914e-17
2025-07-18,1.333858144025299,5,2.7755575615628914e-17
2025-07-21,1.3830166279989253,4,0.25309610230229185
2025-07-22,1.4518439690303797,4,0.25309610230229185
2025-07-23,1.3741627145125561,4,0.1792488276422938
2025-07-24,1.3502296673017917,4,0.1792488276422938
2025-07-25,1.3399081627092226,5,0.0
2025-07-28,1.3071139666779288,5,0.0
2025-07-29,1.3090412401854339,4,0.23448584429715968
2025-07-30,1.2903478315520474,4,0.23448584429715968
2025-07-31,1.321521185432482,4,0.23448584429715968
2025-08-01,1.1969869697694338,3,0.42530416288550454
2025-08-04,1.2390434277657714,2,0.7143894351750253
2025-08-05,1.251532629020606,3,0.46512480800057693
2025-08-06,1.240019651998764,3,0.46512480800057693
2025-08-07,1.2735219219800384,3,0.46512480800057693
2025-08-08,1.2986125723372326,3,0.46512480800057693
2025-08-11,1.2976658630514954,3,0.46512480800057693
2025-08-12,1.2802524568793363,2,0.6960609070741499
2025-08-13,1.256123082406397,2,0.6960609070741499
2025-08-14,1.2524865424556304,2,0.6960609070741499
2025-08-18,1.2158374640725638,3,0.45078650035461026
2025-08-19,1.2150099297964418,4,0.20483676484626534
2025-08-20,1.1973152027972442,2,0.6599409986992198
2025-08-21,1.1802908845300502,2,0.6599409986992198
2025-08-22,1.1766521351776378,2,0.6599409986992198
2025-08-25,1.1852692954747637,2,0.6599409986992198
2025-08-26,1.1869715172783895,2,0.6599409986992198
2025-08-27,1.1659370518408751,2,0.6599409986992198
2025-08-28,1.1733914118480708,2,0.6599409986992198
2025-08-29,1.1634390087619355,2,0.6599409986992198
2025-09-01,1.1692707979409704,2,0.5927147352967801
2025-09-02,1.1707257621613485,2,0.5927147352967801
2025-09-03,1.1676287960101712,2,0.5927147352967801
2025-09-04,1.1724369603449916,3,0.3590060721306238
2025-09-05,1.1797259677124234,3,0.3590060721306238
2025-09-08,1.174272776244463,3,0.3590060721306238
2025-09-09,1.1659758400789895,3,0.3590060721306238
2025-09-10,1.170987757761173,2,0.6985217687795571
2025-09-11,1.1787941976839844,2,0.6985217687795571
2025-09-12,1.180171936009593,2,0.6985217687795571
2025-09-15,1.175397415468206,2,0.6985217687795571
2025-09-16,1.1802278952648686,2,0.6985217687795571
2025-09-17,1.180617378284886,2,0.6985217687795571
2025-09-18,1.1881787145471017,2,0.6985217687795571
2025-09-19,1.1858933003568417,2,0.6985217687795571
2025-09-22,1.201553188806882,2,0.6985217687795571
2025-09-23,1.197193893250436,2,0.6985217687795571
2025-09-24,1.1909543360585537,2,0.6985217687795571
2025-09-25,1.1838641840365547,2,0.6985217687795571
2025-09-26,1.169978290026973,1,0.9146623573906152
2025-09-29,1.177836213879631,1,0.9146623573906152
2025-09-30,1.1723756227277842,1,0.9146623573906152
2025-10-01,1.172109252427694,1,0.9146623573906152
2025-10-02,1.1754388811788201,1,0.9146623573906152
2025-10-10,1.1950170982354422,1,0.9146623573906152
2025-10-13,1.185694137732289,1,0.9146623573906152
2025-10-14,1.1786353247799013,1,0.9146623573906152
2025-10-15,1.1810326574807122,1,0.9146623573906152
2025-10-16,1.183030434731388,1,0.9146623573906152
2025-10-17,1.1903556179838657,1,0.9146623573906152
2025-10-20,1.1976808012363431,1,0.9146623573906152
2025-10-21,1.2023422814879199,1,0.9146623573906152
2025-10-22,1.197014875486118,1,0.9146623573906152
2025-10-23,1.2103333904906228,1,0.9146623573906152
2025-10-24,1.2103333904906228,1,0.9146623573906152
2025-10-27,1.2189904252435508,1,0.9146623573906152
2025-10-28,1.2236519054951276,1,0.9146623573906152
2025-10-29,1.2236519054951276,1,0.9146623573906152
2025-10-30,1.2143289449919743,1,0.9146623573906152
2025-10-31,1.240965975000984,1,0.9146623573906152
2025-11-03,1.238302272000083,1,0.9146623573906152
2025-11-04,1.232974865998281,1,0.9146623573906152
2025-11-05,1.2203222767440014,1,0.9146623573906152
2025-11-06,1.2236519054951276,1,0.9146623573906152
2025-11-07,1.210999316240848,1,0.9146623573906152
2025-11-10,1.2129970934915237,1,0.9146623573906152
2025-11-11,1.2176585737431005,1,0.9146623573906152
2025-11-12,1.21632672224265,1,0.9146623573906152
2025-11-13,1.2096674647403975,1,0.9146623573906152
2025-11-14,1.1979757125147548,0,1.1979757125147548
2025-11-17,1.1979757125147548,0,1.1979757125147548
2025-11-18,1.1979757125147548,0,1.1979757125147548
2025-11-19,1.1979757125147548,0,1.1979757125147548
2025-11-20,1.1979757125147548,0,1.1979757125147548
2025-11-21,1.1979757125147548,0,1.1979757125147548
2025-11-24,1.1979757125147548,0,1.1979757125147548
2025-11-25,1.1979757125147548,0,1.1979757125147548
2025-11-26,1.1979757125147548,0,1.1979757125147548
2025-11-27,1.1979757125147548,0,1.1979757125147548
2025-11-28,1.1979757125147548,0,1.1979757125147548
2025-12-01,1.1979757125147548,0,1.1979757125147548
2025-12-02,1.1979757125147548,0,1.1979757125147548
2025-12-03,1.1979757125147548,0,1.1979757125147548
2025-12-04,1.1979757125147548,0,1.1979757125147548
2025-12-05,1.1979757125147548,0,1.1979757125147548
2025-12-08,1.1979757125147548,0,1.1979757125147548
2025-12-09,1.1979757125147548,0,1.1979757125147548
2025-12-10,1.1979757125147548,0,1.1979757125147548
2025-12-11,1.1979757125147548,0,1.1979757125147548
2025-12-12,1.1869430404767753,1,0.9583805700118038
2025-12-15,1.1844680814029802,1,0.9583805700118038
2025-12-16,1.1857055609398777,1,0.9583805700118038
2025-12-17,1.1844680814029802,1,0.9583805700118038
2025-12-18,1.1803581855034904,0,1.1803581855034904
2025-12-19,1.1803581855034904,0,1.1803581855034904
2025-12-22,1.1803581855034904,0,1.1803581855034904
2025-12-23,1.1803581855034904,0,1.1803581855034904
2025-12-24,1.1803581855034904,0,1.1803581855034904
2025-12-26,1.1803581855034904,0,1.1803581855034904
2025-12-29,1.1803581855034904,0,1.1803581855034904
2025-12-30,1.1803581855034904,0,1.1803581855034904
2026-01-02,1.1803581855034904,0,1.1803581855034904
2026-01-05,1.1803581855034904,0,1.1803581855034904
2026-01-06,1.1803581855034904,0,1.1803581855034904
2026-01-07,1.1803581855034904,0,1.1803581855034904
2026-01-08,1.1803581855034904,0,1.1803581855034904
2026-01-09,1.1803581855034904,0,1.1803581855034904
2026-01-12,1.1803581855034904,0,1.1803581855034904
2026-01-13,1.1803581855034904,0,1.1803581855034904
2026-01-14,1.1803581855034904,0,1.1803581855034904
2026-01-15,1.1803581855034904,0,1.1803581855034904
2026-01-16,1.1803581855034904,0,1.1803581855034904
2026-01-19,1.1803581855034904,0,1.1803581855034904
2026-01-20,1.1803581855034904,0,1.1803581855034904
2026-01-21,1.1803581855034904,0,1.1803581855034904
2026-01-22,1.1803581855034904,0,1.1803581855034904
2026-01-23,1.1803581855034904,0,1.1803581855034904
2026-01-26,1.1803581855034904,0,1.1803581855034904
2026-01-27,1.1803581855034904,0,1.1803581855034904
2026-01-28,1.1803581855034904,0,1.1803581855034904
2026-01-29,1.1803581855034904,0,1.1803581855034904
2026-01-30,1.1803581855034904,0,1.1803581855034904
2026-02-02,1.1803581855034904,0,1.1803581855034904
2026-02-03,1.1803581855034904,0,1.1803581855034904
2026-02-04,1.1803581855034904,0,1.1803581855034904
2026-02-05,1.1803581855034904,0,1.1803581855034904
2026-02-06,1.1803581855034904,0,1.1803581855034904
2026-02-09,1.1803581855034904,0,1.1803581855034904
2026-02-10,1.1803581855034904,0,1.1803581855034904
2026-02-11,1.1803581855034904,0,1.1803581855034904
2026-02-12,1.1803581855034904,0,1.1803581855034904
2026-02-13,1.1803581855034904,0,1.1803581855034904
2026-02-19,1.1803581855034904,0,1.1803581855034904
2026-02-20,1.1803581855034904,0,1.1803581855034904
2026-02-23,1.1803581855034904,0,1.1803581855034904
2026-02-24,1.1803581855034904,0,1.1803581855034904
2026-02-25,1.1803581855034904,0,1.1803581855034904
2026-02-26,1.1803581855034904,0,1.1803581855034904
2026-02-27,1.1803581855034904,0,1.1803581855034904
2026-03-03,1.1628902059248998,0,1.1628902059248998
2026-03-04,1.1628902059248998,0,1.1628902059248998
2026-03-05,1.1628902059248998,0,1.1628902059248998
2026-03-06,1.1628902059248998,0,1.1628902059248998
2026-03-09,1.1628902059248998,0,1.1628902059248998
2026-03-10,1.1628902059248998,0,1.1628902059248998
2026-03-11,1.1628902059248998,0,1.1628902059248998
2026-03-12,1.1628902059248998,0,1.1628902059248998
2026-03-13,1.1628902059248998,0,1.1628902059248998
2026-03-16,1.1628902059248998,0,1.1628902059248998
2026-03-17,1.1628902059248998,0,1.1628902059248998
2026-03-18,1.1628902059248998,0,1.1628902059248998
2026-03-19,1.1628902059248998,0,1.1628902059248998
2026-03-20,1.1628902059248998,0,1.1628902059248998
2026-03-23,1.1628902059248998,0,1.1628902059248998
2026-03-24,1.1628902059248998,0,1.1628902059248998
2026-03-25,1.1628902059248998,0,1.1628902059248998
2026-03-26,1.1628902059248998,0,1.1628902059248998
2026-03-27,1.1609338414760515,1,0.9303121647399198
2026-03-30,1.1456807328863625,0,1.1456807328863625
2026-03-31,1.1456807328863625,0,1.1456807328863625
2026-04-01,1.1456807328863625,0,1.1456807328863625
2026-04-02,1.1456807328863625,0,1.1456807328863625
2026-04-03,1.1456807328863625,0,1.1456807328863625
2026-04-06,1.1456807328863625,0,1.1456807328863625
2026-04-07,1.1456807328863625,0,1.1456807328863625
2026-04-08,1.1456807328863625,0,1.1456807328863625
2026-04-09,1.1456807328863625,0,1.1456807328863625
2026-04-10,1.1456807328863625,0,1.1456807328863625
2026-04-13,1.1456807328863625,0,1.1456807328863625
2026-04-14,1.1456807328863625,0,1.1456807328863625
2026-04-15,1.1456807328863625,0,1.1456807328863625
2026-04-16,1.1456807328863625,0,1.1456807328863625
2026-04-17,1.1456807328863625,0,1.1456807328863625
2026-04-20,1.1456807328863625,0,1.1456807328863625
2026-04-21,1.1456807328863625,0,1.1456807328863625
2026-04-22,1.1456807328863625,0,1.1456807328863625
2026-04-23,1.1456807328863625,0,1.1456807328863625
2026-04-24,1.1456807328863625,0,1.1456807328863625
2026-04-27,1.1456807328863625,0,1.1456807328863625
2026-04-28,1.1456807328863625,0,1.1456807328863625
2026-04-29,1.1456807328863625,0,1.1456807328863625
2026-04-30,1.1456807328863625,0,1.1456807328863625
2026-05-04,1.1456807328863625,0,1.1456807328863625
2026-05-06,1.1456807328863625,0,1.1456807328863625
2026-05-07,1.1489373490005057,1,0.91654458630909
2026-05-08,1.1633537734850847,1,0.91654458630909
2026-05-11,1.1786351834387387,1,0.91654458630909
2026-05-12,1.1771935409902807,1,0.91654458630909
2026-05-13,1.1890150090676357,1,0.91654458630909
2026-05-14,1.233705924969831,1,0.91654458630909
2026-05-15,1.3288543265680532,1,0.91654458630909
2026-05-18,1.4525472486457427,1,0.91654458630909
2026-05-19,1.3674903441867254,1,0.91654458630909
2026-05-20,1.3282776695886702,1,0.91654458630909
2026-05-21,1.342982422562941,1,0.91654458630909
2026-05-22,1.3660487017382674,1,0.91654458630909
2026-05-26,1.440437452078696,1,0.91654458630909
2026-05-27,1.4268860130631915,1,0.91654458630909
2026-05-28,1.387096681485753,1,0.91654458630909
2026-05-29,1.3677786726764172,1,0.91654458630909
2026-06-01,1.3403874661557167,1,0.91654458630909
2026-06-02,1.3856550390372953,1,0.91654458630909
2026-06-04,1.4603321178674151,1,0.91654458630909
2026-06-05,1.376140198877473,1,0.91654458630909
2026-06-08,1.3625887598619686,1,0.91654458630909
2026-06-09,1.369220315124875,1,0.91654458630909
2026-06-10,1.348460663867081,1,0.91654458630909
2026-06-11,1.3516322772536884,1,0.91654458630909
2026-06-12,1.347884006887698,1,0.91654458630909
2026-06-15,1.369220315124875,1,0.91654458630909
2026-06-16,1.347884006887698,1,0.91654458630909
2026-06-17,1.370661957573333,1,0.91654458630909
2026-06-18,1.3764285273671646,1,0.91654458630909
2026-06-19,1.3917099373208186,1,0.91654458630909
2026-06-22,1.3778701698156226,1,0.91654458630909
2026-06-23,1.3302959690165115,1,0.91654458630909
2026-06-24,1.2879116810318487,1,0.91654458630909
2026-06-25,1.2838750821761664,1,0.91654458630909
2026-06-26,1.2625387739389895,1,0.91654458630909
2026-06-29,1.26080880300084,1,0.91654458630909
2026-06-30,1.2726302710781947,1,0.91654458630909
2026-07-01,1.26080880300084,1,0.91654458630909
2026-07-02,1.2227494423615508,1,0.91654458630909
2026-07-03,1.2214800088898141,0,1.2214800088898141
2026-07-06,1.2214800088898141,0,1.2214800088898141
2026-07-07,1.2214800088898141,0,1.2214800088898141
2026-07-08,1.2214800088898141,0,1.2214800088898141
2026-07-09,1.2214800088898141,0,1.2214800088898141
2026-07-10,1.2214800088898141,0,1.2214800088898141
2026-07-13,1.2214800088898141,0,1.2214800088898141
2026-07-14,1.2214800088898141,0,1.2214800088898141
2026-07-15,1.2214800088898141,0,1.2214800088898141
2026-07-16,1.2214800088898141,0,1.2214800088898141
2026-07-20,1.2214800088898141,0,1.2214800088898141
2026-07-21,1.2214800088898141,0,1.2214800088898141
2026-07-22,1.2214800088898141,0,1.2214800088898141
2026-07-23,1.2214800088898141,0,1.2214800088898141
2026-07-24,1.2214800088898141,0,1.2214800088898141
2026-07-27,1.2214800088898141,0,1.2214800088898141
2026-07-28,1.2214800088898141,0,1.2214800088898141
2026-07-29,1.2214800088898141,0,1.2214800088898141
2026-07-30,1.2214800088898141,0,1.2214800088898141
2026-07-31,1.2214800088898141,0,1.2214800088898141
2026-08-03,1.2214800088898141,0,1.2214800088898141
2026-08-04,1.2214800088898141,0,1.2214800088898141
2026-08-05,1.2214800088898141,0,1.2214800088898141
2026-08-06,1.2214800088898141,0,1.2214800088898141
2026-08-07,1.2214800088898141,0,1.2214800088898141
2026-08-10,1.2214800088898141,0,1.2214800088898141
2026-08-11,1.2214800088898141,0,1.2214800088898141
2026-08-12,1.2214800088898141,0,1.2214800088898141
2026-08-13,1.2214800088898141,0,1.2214800088898141
2026-08-14,1.2214800088898141,0,1.2214800088898141
2026-08-18,1.2214800088898141,0,1.2214800088898141
2026-08-19,1.2214800088898141,0,1.2214800088898141
2026-08-20,1.2214800088898141,0,1.2214800088898141
2026-08-21,1.2214800088898141,0,1.2214800088898141
2026-08-24,1.2214800088898141,0,1.2214800088898141
2026-08-25,1.2214800088898141,0,1.2214800088898141
2026-08-26,1.2214800088898141,0,1.2214800088898141
2026-08-27,1.2214800088898141,0,1.2214800088898141
2026-08-28,1.2214800088898141,0,1.2214800088898141
2026-08-31,1.2214800088898141,0,1.2214800088898141
2026-09-01,1.2214800088898141,0,1.2214800088898141
2026-09-02,1.2214800088898141,0,1.2214800088898141
2026-09-03,1.2214800088898141,0,1.2214800088898141
2026-09-04,1.2214800088898141,0,1.2214800088898141
2026-09-07,1.2214800088898141,0,1.2214800088898141
2026-09-08,1.2214800088898141,0,1.2214800088898141
2026-09-09,1.2214800088898141,0,1.2214800088898141
2026-09-10,1.2214800088898141,0,1.2214800088898141
