Date,equity,npos,cash
2015-01-02,1.0,0,1.0
2015-01-05,1.0,0,1.0
2015-01-06,1.0,0,1.0
2015-01-07,1.0,0,1.0
2015-01-08,1.0,0,1.0
2015-01-09,1.0,0,1.0
2015-01-12,1.0,0,1.0
2015-01-13,1.0,0,1.0
2015-01-14,1.0,0,1.0
2015-01-15,1.0,0,1.0
2015-01-16,1.0,0,1.0
2015-01-19,1.0,0,1.0
2015-01-20,1.0,0,1.0
2015-01-21,1.0,0,1.0
2015-01-22,1.0,0,1.0
2015-01-23,1.0,0,1.0
2015-01-26,1.0,0,1.0
2015-01-27,1.0,0,1.0
2015-01-28,1.0,0,1.0
2015-01-29,1.0,0,1.0
2015-01-30,1.0,0,1.0
2015-02-02,1.0,0,1.0
2015-02-03,1.0,0,1.0
2015-02-04,1.0,0,1.0
2015-02-05,1.0,0,1.0
2015-02-06,1.0,0,1.0
2015-02-09,1.0,0,1.0
2015-02-10,1.0,0,1.0
2015-02-11,1.0,0,1.0
2015-02-12,1.0,0,1.0
2015-02-13,1.0,0,1.0
2015-02-16,1.0,0,1.0
2015-02-17,1.0,0,1.0
2015-02-23,1.0,0,1.0
2015-02-24,1.0,0,1.0
2015-02-25,1.0,0,1.0
2015-02-26,1.0,0,1.0
2015-02-27,1.0,0,1.0
2015-03-02,1.0,0,1.0
2015-03-03,1.0,0,1.0
2015-03-04,1.0,0,1.0
2015-03-05,1.0,0,1.0
2015-03-06,1.0,0,1.0
2015-03-09,1.0,0,1.0
2015-03-10,1.0,0,1.0
2015-03-11,1.0,0,1.0
2015-03-12,1.0,0,1.0
2015-03-13,1.0,0,1.0
2015-03-16,1.0,0,1.0
2015-03-17,1.0,0,1.0
2015-03-18,1.0,0,1.0
2015-03-19,1.0,0,1.0
2015-03-20,1.0,0,1.0
2015-03-23,1.0,0,1.0
2015-03-24,1.0,0,1.0
2015-03-25,1.0,0,1.0
2015-03-26,1.0,0,1.0
2015-03-27,1.0,0,1.0
2015-03-30,1.0,0,1.0
2015-03-31,1.0,0,1.0
2015-04-01,1.0,0,1.0
2015-04-02,1.0,0,1.0
2015-04-03,1.0,0,1.0
2015-04-06,1.0,0,1.0
2015-04-07,1.0,0,1.0
2015-04-08,1.0,0,1.0
2015-04-09,1.0,0,1.0
2015-04-10,1.0,0,1.0
2015-04-13,1.0,0,1.0
2015-04-14,1.0,0,1.0
2015-04-15,1.0,0,1.0
2015-04-16,1.0,0,1.0
2015-04-17,1.0,0,1.0
2015-04-20,1.0,0,1.0
2015-04-21,1.0,0,1.0
2015-04-22,1.0,0,1.0
2015-04-23,1.0,0,1.0
2015-04-24,1.0,0,1.0
2015-04-27,1.0,0,1.0
2015-04-28,1.0,0,1.0
2015-04-29,1.0,0,1.0
2015-04-30,1.0,0,1.0
2015-05-04,1.0,0,1.0
2015-05-06,1.0,0,1.0
2015-05-07,1.0,0,1.0
2015-05-08,1.0,0,1.0
2015-05-11,1.0,0,1.0
2015-05-12,1.0,0,1.0
2015-05-13,1.0,0,1.0
2015-05-14,1.0,0,1.0
2015-05-15,1.0,0,1.0
2015-05-18,1.0,0,1.0
2015-05-19,1.0,0,1.0
2015-05-20,1.0,0,1.0
2015-05-21,1.0,0,1.0
2015-05-22,1.0,0,1.0
2015-05-26,1.0,0,1.0
2015-05-27,1.0,0,1.0
2015-05-28,1.0,0,1.0
2015-05-29,1.0,0,1.0
2015-06-01,1.0,0,1.0
2015-06-02,1.0,0,1.0
2015-06-03,1.0,0,1.0
2015-06-04,1.0,0,1.0
2015-06-05,1.0,0,1.0
2015-06-08,1.0,0,1.0
2015-06-09,1.0,0,1.0
2015-06-10,1.0,0,1.0
2015-06-11,1.0,0,1.0
2015-06-12,1.0,0,1.0
2015-06-15,1.0,0,1.0
2015-06-16,1.0,0,1.0
2015-06-17,1.0,0,1.0
2015-06-18,1.0,0,1.0
2015-06-19,1.0,0,1.0
2015-06-22,1.0,0,1.0
2015-06-23,1.0,0,1.0
2015-06-24,1.0,0,1.0
2015-06-25,1.0,0,1.0
2015-06-26,1.0,0,1.0
2015-06-29,1.0,0,1.0
2015-06-30,1.0,0,1.0
2015-07-01,1.0,0,1.0
2015-07-02,1.0,0,1.0
2015-07-03,1.0,0,1.0
2015-07-06,1.0,0,1.0
2015-07-07,1.0,0,1.0
2015-07-08,1.0,0,1.0
2015-07-09,1.0,0,1.0
2015-07-10,1.0,0,1.0
2015-07-13,1.0,0,1.0
2015-07-14,1.0,0,1.0
2015-07-15,1.0,0,1.0
2015-07-16,1.0,0,1.0
2015-07-17,1.0,0,1.0
2015-07-20,1.0,0,1.0
2015-07-21,1.0,0,1.0
2015-07-22,1.0,0,1.0
2015-07-23,1.0,0,1.0
2015-07-24,1.0,0,1.0
2015-07-27,1.0,0,1.0
2015-07-28,1.0,0,1.0
2015-07-29,1.0,0,1.0
2015-07-30,1.0,0,1.0
2015-07-31,1.0,0,1.0
2015-08-03,1.0,0,1.0
2015-08-04,1.0,0,1.0
2015-08-05,1.0,0,1.0
2015-08-06,1.0,0,1.0
2015-08-07,1.0,0,1.0
2015-08-10,1.0,0,1.0
2015-08-11,1.0,0,1.0
2015-08-12,1.0,0,1.0
2015-08-13,1.0,0,1.0
2015-08-17,1.0,0,1.0
2015-08-18,1.0,0,1.0
2015-08-19,1.0,0,1.0
2015-08-20,1.0,0,1.0
2015-08-21,1.0,0,1.0
2015-08-24,1.0,0,1.0
2015-08-25,1.0,0,1.0
2015-08-26,1.0,0,1.0
2015-08-27,1.0,0,1.0
2015-08-28,1.0,0,1.0
2015-08-31,1.0,0,1.0
2015-09-01,1.0,0,1.0
2015-09-02,1.0,0,1.0
2015-09-03,1.0,0,1.0
2015-09-04,1.0,0,1.0
2015-09-07,1.0,0,1.0
2015-09-08,1.0,0,1.0
2015-09-09,1.0,0,1.0
2015-09-10,1.0,0,1.0
2015-09-11,1.0,0,1.0
2015-09-14,1.0,0,1.0
2015-09-15,1.0,0,1.0
2015-09-16,1.0,0,1.0
2015-09-17,1.0,0,1.0
2015-09-18,1.0,0,1.0
2015-09-21,1.0,0,1.0
2015-09-22,1.0,0,1.0
2015-09-23,1.0,0,1.0
2015-09-24,1.0,0,1.0
2015-09-25,1.0,0,1.0
2015-09-30,1.0,0,1.0
2015-10-01,1.0,0,1.0
2015-10-02,1.0,0,1.0
2015-10-05,1.0,0,1.0
2015-10-06,1.0,0,1.0
2015-10-07,1.0,0,1.0
2015-10-08,1.0,0,1.0
2015-10-12,1.0,0,1.0
2015-10-13,1.0,0,1.0
2015-10-14,1.0,0,1.0
2015-10-15,1.0,0,1.0
2015-10-16,1.0,0,1.0
2015-10-19,1.0,0,1.0
2015-10-20,1.0,0,1.0
2015-10-21,1.0,0,1.0
2015-10-22,1.0,0,1.0
2015-10-23,1.0,0,1.0
2015-10-26,1.0,0,1.0
2015-10-27,1.0,0,1.0
2015-10-28,1.0,0,1.0
2015-10-29,1.0,0,1.0
2015-10-30,1.0,0,1.0
2015-11-02,1.0,0,1.0
2015-11-03,1.0,0,1.0
2015-11-04,1.0,0,1.0
2015-11-05,1.0,0,1.0
2015-11-06,1.0,0,1.0
2015-11-09,1.0,0,1.0
2015-11-10,1.0,0,1.0
2015-11-11,1.0,0,1.0
2015-11-12,1.0,0,1.0
2015-11-13,1.0,0,1.0
2015-11-16,1.0,0,1.0
2015-11-17,1.0,0,1.0
2015-11-18,1.0,0,1.0
2015-11-19,1.0,0,1.0
2015-11-20,1.0,0,1.0
2015-11-23,1.0,0,1.0
2015-11-24,1.0,0,1.0
2015-11-25,1.0,0,1.0
2015-11-26,1.0,0,1.0
2015-11-27,1.0,0,1.0
2015-11-30,1.0,0,1.0
2015-12-01,1.0,0,1.0
2015-12-02,1.0,0,1.0
2015-12-03,1.0,0,1.0
2015-12-04,1.0,0,1.0
2015-12-07,1.0,0,1.0
2015-12-08,1.0,0,1.0
2015-12-09,1.0,0,1.0
2015-12-10,1.0,0,1.0
2015-12-11,1.0,0,1.0
2015-12-14,1.0,0,1.0
2015-12-15,1.0,0,1.0
2015-12-16,1.0,0,1.0
2015-12-17,1.0,0,1.0
2015-12-18,1.0,0,1.0
2015-12-21,1.0,0,1.0
2015-12-22,1.0,0,1.0
2015-12-23,1.0,0,1.0
2015-12-24,1.0,0,1.0
2015-12-28,1.0,0,1.0
2015-12-29,1.0,0,1.0
2015-12-30,1.0,0,1.0
2016-01-04,1.0,0,1.0
2016-01-05,1.0,0,1.0
2016-01-06,1.0,0,1.0
2016-01-07,1.0,0,1.0
2016-01-08,1.0,0,1.0
2016-01-11,1.0,0,1.0
2016-01-12,1.0,0,1.0
2016-01-13,1.0,0,1.0
2016-01-14,1.0,0,1.0
2016-01-15,1.0,0,1.0
2016-01-18,1.0,0,1.0
2016-01-19,1.0,0,1.0
2016-01-20,1.0,0,1.0
2016-01-21,1.0,0,1.0
2016-01-22,1.0,0,1.0
2016-01-25,1.0,0,1.0
2016-01-26,1.0,0,1.0
2016-01-27,1.0,0,1.0
2016-01-28,1.0,0,1.0
2016-01-29,1.0,0,1.0
2016-02-01,1.0,0,1.0
2016-02-02,1.0,0,1.0
2016-02-03,1.0,0,1.0
2016-02-04,1.0,0,1.0
2016-02-05,1.0,0,1.0
2016-02-11,1.0,0,1.0
2016-02-12,1.0,0,1.0
2016-02-15,1.0,0,1.0
2016-02-16,1.0,0,1.0
2016-02-17,1.0,0,1.0
2016-02-18,1.0,0,1.0
2016-02-19,1.0,0,1.0
2016-02-22,1.0,0,1.0
2016-02-23,1.0,0,1.0
2016-02-24,1.0,0,1.0
2016-02-25,1.0,0,1.0
2016-02-26,1.0,0,1.0
2016-02-29,1.0,0,1.0
2016-03-02,1.0,0,1.0
2016-03-03,1.0,0,1.0
2016-03-04,1.0,0,1.0
2016-03-07,1.0,0,1.0
2016-03-08,1.0,0,1.0
2016-03-09,1.0,0,1.0
2016-03-10,1.0,0,1.0
2016-03-11,1.0,0,1.0
2016-03-14,1.0,0,1.0
2016-03-15,1.0,0,1.0
2016-03-16,1.0,0,1.0
2016-03-17,1.0,0,1.0
2016-03-18,1.0,0,1.0
2016-03-21,1.0,0,1.0
2016-03-22,1.0,0,1.0
2016-03-23,1.0,0,1.0
2016-03-24,1.0,0,1.0
2016-03-25,1.0,0,1.0
2016-03-28,1.0,0,1.0
2016-03-29,1.0,0,1.0
2016-03-30,1.0,0,1.0
2016-03-31,1.0,0,1.0
2016-04-01,1.0,0,1.0
2016-04-04,1.0044215434661958,1,0.8
2016-04-05,1.0061539294277737,1,0.8
2016-04-06,0.9816127343629693,2,0.601783565687591
2016-04-07,0.9844395824558377,1,0.7871208214321115
2016-04-08,0.9792424245711039,1,0.7871208214321115
2016-04-11,0.9741257550920625,0,0.9741257550920625
2016-04-12,0.9741257550920625,0,0.9741257550920625
2016-04-14,0.9741257550920625,0,0.9741257550920625
2016-04-15,0.9741257550920625,0,0.9741257550920625
2016-04-18,0.9741257550920625,0,0.9741257550920625
2016-04-19,0.9741257550920625,0,0.9741257550920625
2016-04-20,0.9741257550920625,0,0.9741257550920625
2016-04-21,0.9741257550920625,0,0.9741257550920625
2016-04-22,0.9741257550920625,0,0.9741257550920625
2016-04-25,0.9741257550920625,0,0.9741257550920625
2016-04-26,0.9741257550920625,0,0.9741257550920625
2016-04-27,0.9741257550920625,0,0.9741257550920625
2016-04-28,0.9741257550920625,0,0.9741257550920625
2016-04-29,0.9741257550920625,0,0.9741257550920625
2016-05-02,0.9741257550920625,0,0.9741257550920625
2016-05-03,0.9741257550920625,0,0.9741257550920625
2016-05-04,0.9741257550920625,0,0.9741257550920625
2016-05-09,0.9741257550920625,0,0.9741257550920625
2016-05-10,0.9741257550920625,0,0.9741257550920625
2016-05-11,0.9741257550920625,0,0.9741257550920625
2016-05-12,0.9741257550920625,0,0.9741257550920625
2016-05-13,0.9741257550920625,0,0.9741257550920625
2016-05-16,0.9741257550920625,0,0.9741257550920625
2016-05-17,0.9741257550920625,0,0.9741257550920625
2016-05-18,0.9741257550920625,0,0.9741257550920625
2016-05-19,0.9741257550920625,0,0.9741257550920625
2016-05-20,0.9741257550920625,0,0.9741257550920625
2016-05-23,0.9741257550920625,0,0.9741257550920625
2016-05-24,0.9741257550920625,0,0.9741257550920625
2016-05-25,0.9741257550920625,0,0.9741257550920625
2016-05-26,0.9741257550920625,0,0.9741257550920625
2016-05-27,0.9741257550920625,0,0.9741257550920625
2016-05-30,0.9741257550920625,0,0.9741257550920625
2016-05-31,0.9741257550920625,0,0.9741257550920625
2016-06-01,0.9741257550920625,0,0.9741257550920625
2016-06-02,0.9741257550920625,0,0.9741257550920625
2016-06-03,0.9741257550920625,0,0.9741257550920625
2016-06-07,0.9741257550920625,0,0.9741257550920625
2016-06-08,0.9741257550920625,0,0.9741257550920625
2016-06-09,0.9741257550920625,0,0.9741257550920625
2016-06-10,0.9741257550920625,0,0.9741257550920625
2016-06-13,0.9741257550920625,0,0.9741257550920625
2016-06-14,0.9741257550920625,0,0.9741257550920625
2016-06-15,0.9741257550920625,0,0.9741257550920625
2016-06-16,0.9741257550920625,0,0.9741257550920625
2016-06-17,0.9741257550920625,0,0.9741257550920625
2016-06-20,0.9741257550920625,0,0.9741257550920625
2016-06-21,0.9741257550920625,0,0.9741257550920625
2016-06-22,0.9741257550920625,0,0.9741257550920625
2016-06-23,0.9741257550920625,0,0.9741257550920625
2016-06-24,0.9741257550920625,0,0.9741257550920625
2016-06-27,0.9741257550920625,0,0.9741257550920625
2016-06-28,0.9741257550920625,0,0.9741257550920625
2016-06-29,0.9741257550920625,0,0.9741257550920625
2016-06-30,0.9741257550920625,0,0.9741257550920625
2016-07-01,0.9741257550920625,0,0.9741257550920625
2016-07-04,0.9741257550920625,0,0.9741257550920625
2016-07-05,0.9741257550920625,0,0.9741257550920625
2016-07-06,0.9741257550920625,0,0.9741257550920625
2016-07-07,0.9741257550920625,0,0.9741257550920625
2016-07-08,0.9741257550920625,0,0.9741257550920625
2016-07-11,0.9741257550920625,0,0.9741257550920625
2016-07-12,0.9741257550920625,0,0.9741257550920625
2016-07-13,0.9741257550920625,0,0.9741257550920625
2016-07-14,0.9741257550920625,0,0.9741257550920625
2016-07-15,0.9741257550920625,0,0.9741257550920625
2016-07-18,0.9741257550920625,0,0.9741257550920625
2016-07-19,0.9741257550920625,0,0.9741257550920625
2016-07-20,0.9741257550920625,0,0.9741257550920625
2016-07-21,0.9741257550920625,0,0.9741257550920625
2016-07-22,0.9741257550920625,0,0.9741257550920625
2016-07-25,0.9741257550920625,0,0.9741257550920625
2016-07-26,0.9741257550920625,0,0.9741257550920625
2016-07-27,0.9741257550920625,0,0.9741257550920625
2016-07-28,0.9741257550920625,0,0.9741257550920625
2016-07-29,0.9741257550920625,0,0.9741257550920625
2016-08-01,0.9741257550920625,0,0.9741257550920625
2016-08-02,0.9741257550920625,0,0.9741257550920625
2016-08-03,0.9741257550920625,0,0.9741257550920625
2016-08-04,0.9741257550920625,0,0.9741257550920625
2016-08-05,0.9741257550920625,0,0.9741257550920625
2016-08-08,0.9741257550920625,0,0.9741257550920625
2016-08-09,0.9741257550920625,0,0.9741257550920625
2016-08-10,0.9741257550920625,0,0.9741257550920625
2016-08-11,0.9741257550920625,0,0.9741257550920625
2016-08-12,0.9741257550920625,0,0.9741257550920625
2016-08-16,0.9741257550920625,0,0.9741257550920625
2016-08-17,0.9741257550920625,0,0.9741257550920625
2016-08-18,0.9741257550920625,0,0.9741257550920625
2016-08-19,0.9741257550920625,0,0.9741257550920625
2016-08-22,0.9741257550920625,0,0.9741257550920625
2016-08-23,0.9741257550920625,0,0.9741257550920625
2016-08-24,0.9741257550920625,0,0.9741257550920625
2016-08-25,0.9741257550920625,0,0.9741257550920625
2016-08-26,0.9741257550920625,0,0.9741257550920625
2016-08-29,0.9741257550920625,0,0.9741257550920625
2016-08-30,0.9741257550920625,0,0.9741257550920625
2016-08-31,0.9741257550920625,0,0.9741257550920625
2016-09-01,0.9741257550920625,0,0.9741257550920625
2016-09-02,0.9741257550920625,0,0.9741257550920625
2016-09-05,0.9741257550920625,0,0.9741257550920625
2016-09-06,0.9741257550920625,0,0.9741257550920625
2016-09-07,0.9741257550920625,0,0.9741257550920625
2016-09-08,0.9741257550920625,0,0.9741257550920625
2016-09-09,0.9741257550920625,0,0.9741257550920625
2016-09-12,0.9741257550920625,0,0.9741257550920625
2016-09-13,0.9741257550920625,0,0.9741257550920625
2016-09-19,0.9741257550920625,0,0.9741257550920625
2016-09-20,0.9741257550920625,0,0.9741257550920625
2016-09-21,0.9741257550920625,0,0.9741257550920625
2016-09-22,0.9741257550920625,0,0.9741257550920625
2016-09-23,0.9741257550920625,0,0.9741257550920625
2016-09-26,0.9741257550920625,0,0.9741257550920625
2016-09-27,0.9741257550920625,0,0.9741257550920625
2016-09-28,0.9741257550920625,0,0.9741257550920625
2016-09-29,0.9741257550920625,0,0.9741257550920625
2016-09-30,0.9741257550920625,0,0.9741257550920625
2016-10-04,0.9741257550920625,0,0.9741257550920625
2016-10-05,0.9741257550920625,0,0.9741257550920625
2016-10-06,0.9741257550920625,0,0.9741257550920625
2016-10-07,0.9741257550920625,0,0.9741257550920625
2016-10-10,0.9741257550920625,0,0.9741257550920625
2016-10-11,0.9741257550920625,0,0.9741257550920625
2016-10-12,0.9741257550920625,0,0.9741257550920625
2016-10-13,0.9741257550920625,0,0.9741257550920625
2016-10-14,0.9741257550920625,0,0.9741257550920625
2016-10-17,0.9741257550920625,0,0.9741257550920625
2016-10-18,0.9741257550920625,0,0.9741257550920625
2016-10-19,0.9741257550920625,0,0.9741257550920625
2016-10-20,0.9741257550920625,0,0.9741257550920625
2016-10-21,0.9741257550920625,0,0.9741257550920625
2016-10-24,0.9741257550920625,0,0.9741257550920625
2016-10-25,0.9741257550920625,0,0.9741257550920625
2016-10-26,0.9741257550920625,0,0.9741257550920625
2016-10-27,0.9741257550920625,0,0.9741257550920625
2016-10-28,0.9741257550920625,0,0.9741257550920625
2016-10-31,0.9741257550920625,0,0.9741257550920625
2016-11-01,0.9741257550920625,0,0.9741257550920625
2016-11-02,0.9741257550920625,0,0.9741257550920625
2016-11-03,0.9741257550920625,0,0.9741257550920625
2016-11-04,0.9741257550920625,0,0.9741257550920625
2016-11-07,0.9741257550920625,0,0.9741257550920625
2016-11-08,0.9741257550920625,0,0.9741257550920625
2016-11-09,0.9741257550920625,0,0.9741257550920625
2016-11-10,0.9741257550920625,0,0.9741257550920625
2016-11-11,0.9741257550920625,0,0.9741257550920625
2016-11-14,0.9741257550920625,0,0.9741257550920625
2016-11-15,0.9741257550920625,0,0.9741257550920625
2016-11-16,0.9741257550920625,0,0.9741257550920625
2016-11-17,0.9741257550920625,0,0.9741257550920625
2016-11-18,0.9741257550920625,0,0.9741257550920625
2016-11-21,0.9741257550920625,0,0.9741257550920625
2016-11-22,0.9741257550920625,0,0.9741257550920625
2016-11-23,0.9741257550920625,0,0.9741257550920625
2016-11-24,0.9741257550920625,0,0.9741257550920625
2016-11-25,0.9741257550920625,0,0.9741257550920625
2016-11-28,0.9741257550920625,0,0.9741257550920625
2016-11-29,0.9741257550920625,0,0.9741257550920625
2016-11-30,0.9741257550920625,0,0.9741257550920625
2016-12-01,0.9741257550920625,0,0.9741257550920625
2016-12-02,0.9741257550920625,0,0.9741257550920625
2016-12-05,0.9741257550920625,0,0.9741257550920625
2016-12-06,0.9741257550920625,0,0.9741257550920625
2016-12-07,0.9741257550920625,0,0.9741257550920625
2016-12-08,0.9741257550920625,0,0.9741257550920625
2016-12-09,0.9741257550920625,0,0.9741257550920625
2016-12-12,0.9741257550920625,0,0.9741257550920625
2016-12-13,0.9741257550920625,0,0.9741257550920625
2016-12-14,0.9741257550920625,0,0.9741257550920625
2016-12-15,0.9741257550920625,0,0.9741257550920625
2016-12-16,0.9741257550920625,0,0.9741257550920625
2016-12-19,0.9741257550920625,0,0.9741257550920625
2016-12-20,0.9741257550920625,0,0.9741257550920625
2016-12-21,0.9741257550920625,0,0.9741257550920625
2016-12-22,0.9741257550920625,0,0.9741257550920625
2016-12-23,0.9741257550920625,0,0.9741257550920625
2016-12-26,0.9741257550920625,0,0.9741257550920625
2016-12-27,0.9741257550920625,0,0.9741257550920625
2016-12-28,0.9741257550920625,0,0.9741257550920625
2016-12-29,0.9741257550920625,0,0.9741257550920625
2017-01-02,0.9741257550920625,0,0.9741257550920625
2017-01-03,0.9741257550920625,0,0.9741257550920625
2017-01-04,0.9741257550920625,0,0.9741257550920625
2017-01-05,0.9741257550920625,0,0.9741257550920625
2017-01-06,0.9741257550920625,0,0.9741257550920625
2017-01-09,0.9741257550920625,0,0.9741257550920625
2017-01-10,0.9741257550920625,0,0.9741257550920625
2017-01-11,0.9741257550920625,0,0.9741257550920625
2017-01-12,0.9741257550920625,0,0.9741257550920625
2017-01-13,0.9741257550920625,0,0.9741257550920625
2017-01-16,0.9741257550920625,0,0.9741257550920625
2017-01-17,0.9741257550920625,0,0.9741257550920625
2017-01-18,0.9741257550920625,0,0.9741257550920625
2017-01-19,0.9741257550920625,0,0.9741257550920625
2017-01-20,0.9741257550920625,0,0.9741257550920625
2017-01-23,0.9741257550920625,0,0.9741257550920625
2017-01-24,0.9741257550920625,0,0.9741257550920625
2017-01-25,0.9741257550920625,0,0.9741257550920625
2017-01-26,0.9741257550920625,0,0.9741257550920625
2017-01-31,0.9741257550920625,0,0.9741257550920625
2017-02-01,0.9741257550920625,0,0.9741257550920625
2017-02-02,0.9741257550920625,0,0.9741257550920625
2017-02-03,0.9741257550920625,0,0.9741257550920625
2017-02-06,0.9741257550920625,0,0.9741257550920625
2017-02-07,0.9741257550920625,0,0.9741257550920625
2017-02-08,0.9741257550920625,0,0.9741257550920625
2017-02-09,0.9741257550920625,0,0.9741257550920625
2017-02-10,0.9741257550920625,0,0.9741257550920625
2017-02-13,0.9741257550920625,0,0.9741257550920625
2017-02-14,0.9741257550920625,0,0.9741257550920625
2017-02-15,0.9741257550920625,0,0.9741257550920625
2017-02-16,0.9741257550920625,0,0.9741257550920625
2017-02-17,0.9741257550920625,0,0.9741257550920625
2017-02-20,0.9741257550920625,0,0.9741257550920625
2017-02-21,0.9741257550920625,0,0.9741257550920625
2017-02-22,0.9741257550920625,0,0.9741257550920625
2017-02-23,0.9741257550920625,0,0.9741257550920625
2017-02-24,0.9741257550920625,0,0.9741257550920625
2017-02-27,0.9741257550920625,0,0.9741257550920625
2017-02-28,0.9741257550920625,0,0.9741257550920625
2017-03-02,0.9741257550920625,0,0.9741257550920625
2017-03-03,0.9741257550920625,0,0.9741257550920625
2017-03-06,0.9741257550920625,0,0.9741257550920625
2017-03-07,0.9741257550920625,0,0.9741257550920625
2017-03-08,0.9741257550920625,0,0.9741257550920625
2017-03-09,0.9741257550920625,0,0.9741257550920625
2017-03-10,0.9741257550920625,0,0.9741257550920625
2017-03-13,0.9741257550920625,0,0.9741257550920625
2017-03-14,0.9741257550920625,0,0.9741257550920625
2017-03-15,0.9741257550920625,0,0.9741257550920625
2017-03-16,0.9741257550920625,0,0.9741257550920625
2017-03-17,0.9741257550920625,0,0.9741257550920625
2017-03-20,0.9741257550920625,0,0.9741257550920625
2017-03-21,0.9741257550920625,0,0.9741257550920625
2017-03-22,0.9741257550920625,0,0.9741257550920625
2017-03-23,0.9741257550920625,0,0.9741257550920625
2017-03-24,0.9741257550920625,0,0.9741257550920625
2017-03-27,0.9741257550920625,0,0.9741257550920625
2017-03-28,0.9741257550920625,0,0.9741257550920625
2017-03-29,0.9741257550920625,0,0.9741257550920625
2017-03-30,0.9741257550920625,0,0.9741257550920625
2017-03-31,0.9741257550920625,0,0.9741257550920625
2017-04-03,0.9741257550920625,0,0.9741257550920625
2017-04-04,0.9741257550920625,0,0.9741257550920625
2017-04-05,0.9741257550920625,0,0.9741257550920625
2017-04-06,0.9741257550920625,0,0.9741257550920625
2017-04-07,0.9741257550920625,0,0.9741257550920625
2017-04-10,0.9741257550920625,0,0.9741257550920625
2017-04-11,0.9741257550920625,0,0.9741257550920625
2017-04-12,0.9741257550920625,0,0.9741257550920625
2017-04-13,0.9741257550920625,0,0.9741257550920625
2017-04-14,0.9741257550920625,0,0.9741257550920625
2017-04-17,0.9741257550920625,0,0.9741257550920625
2017-04-18,0.9741257550920625,0,0.9741257550920625
2017-04-19,0.9741257550920625,0,0.9741257550920625
2017-04-20,0.9741257550920625,0,0.9741257550920625
2017-04-21,0.9741257550920625,0,0.9741257550920625
2017-04-24,0.9741257550920625,0,0.9741257550920625
2017-04-25,0.9741257550920625,0,0.9741257550920625
2017-04-26,0.9741257550920625,0,0.9741257550920625
2017-04-27,0.9741257550920625,0,0.9741257550920625
2017-04-28,0.9741257550920625,0,0.9741257550920625
2017-05-02,0.9741257550920625,0,0.9741257550920625
2017-05-04,0.9741257550920625,0,0.9741257550920625
2017-05-08,0.9741257550920625,0,0.9741257550920625
2017-05-10,0.9741257550920625,0,0.9741257550920625
2017-05-11,0.9741257550920625,0,0.9741257550920625
2017-05-12,0.9741257550920625,0,0.9741257550920625
2017-05-15,0.9741257550920625,0,0.9741257550920625
2017-05-16,0.9741257550920625,0,0.9741257550920625
2017-05-17,0.9741257550920625,0,0.9741257550920625
2017-05-18,0.9741257550920625,0,0.9741257550920625
2017-05-19,0.9741257550920625,0,0.9741257550920625
2017-05-22,0.9741257550920625,0,0.9741257550920625
2017-05-23,0.9741257550920625,0,0.9741257550920625
2017-05-24,0.9741257550920625,0,0.9741257550920625
2017-05-25,0.9741257550920625,0,0.9741257550920625
2017-05-26,0.9741257550920625,0,0.9741257550920625
2017-05-29,0.9741257550920625,0,0.9741257550920625
2017-05-30,0.9741257550920625,0,0.9741257550920625
2017-05-31,0.9741257550920625,0,0.9741257550920625
2017-06-01,0.9741257550920625,0,0.9741257550920625
2017-06-02,0.9757976965632456,1,0.77930060407365
2017-06-05,0.9798199127851879,1,0.77930060407365
2017-06-07,0.9823830897893668,1,0.77930060407365
2017-06-08,0.9825802572512268,1,0.77930060407365
2017-06-09,0.9776905041971007,1,0.77930060407365
2017-06-12,0.974535824807342,1,0.77930060407365
2017-06-13,0.9767046668878012,1,0.77930060407365
2017-06-14,0.9873122763358648,1,0.77930060407365
2017-06-15,0.9816997878086158,2,0.5829817200852645
2017-06-16,0.9727549161372737,2,0.5829817200852645
2017-06-19,0.9724878928129027,2,0.5829817200852645
2017-06-20,0.9617405067088027,1,0.7665447194674826
2017-06-21,0.9581914923953241,1,0.7665447194674826
2017-06-22,0.9677738310417162,1,0.7665447194674826
2017-06-23,0.9740437563288616,1,0.7665447194674826
2017-06-26,0.9719932147255185,1,0.7665447194674826
2017-06-27,0.9732945199737939,1,0.7665447194674826
2017-06-28,0.9739254558517456,1,0.7665447194674826
2017-06-29,0.9822459227422343,1,0.7665447194674826
2017-06-30,0.9871751092887323,1,0.7665447194674826
2017-07-03,0.9932873006063898,1,0.7665447194674826
2017-07-04,0.9918676948809984,1,0.7665447194674826
2017-07-05,0.9913156259877905,1,0.7665447194674826
2017-07-06,0.995061807763129,1,0.7665447194674826
2017-07-07,1.0011739990807864,1,0.7665447194674826
2017-07-10,1.000030427801999,1,0.7665447194674826
2017-07-11,0.9947069063317812,1,0.7665447194674826
2017-07-12,0.9899354537547711,1,0.7665447194674826
2017-07-13,0.9910790250335587,1,0.7665447194674826
2017-07-14,0.9857555035633409,1,0.7665447194674826
2017-07-17,0.9913550594801626,1,0.7665447194674826
2017-07-18,0.9932873006063898,1,0.7665447194674826
2017-07-19,0.9959457759522006,2,0.5667831215597892
2017-07-20,1.0071208199844215,2,0.5667831215597892
2017-07-21,1.0065533854002642,2,0.5667831215597892
2017-07-24,1.0074090856110072,2,0.5667831215597892
2017-07-25,1.0001918139579078,2,0.5667831215597892
2017-07-26,0.9964360229015079,1,0.7535651433824593
2017-07-27,0.9955684860693241,1,0.7535651433824593
2017-07-28,0.9941094468515608,1,0.7535651433824593
2017-07-31,0.9828314680331733,1,0.7535651433824593
2017-08-01,0.9816914214973849,0,0.9816914214973849
2017-08-02,0.9816914214973849,0,0.9816914214973849
2017-08-03,0.9816914214973849,0,0.9816914214973849
2017-08-04,0.9816914214973849,0,0.9816914214973849
2017-08-07,0.9816914214973849,0,0.9816914214973849
2017-08-08,0.9816914214973849,0,0.9816914214973849
2017-08-09,0.9816914214973849,0,0.9816914214973849
2017-08-10,0.9816914214973849,0,0.9816914214973849
2017-08-11,0.9816914214973849,0,0.9816914214973849
2017-08-14,0.9816914214973849,0,0.9816914214973849
2017-08-16,0.9816914214973849,0,0.9816914214973849
2017-08-17,0.9816914214973849,0,0.9816914214973849
2017-08-18,0.9816914214973849,0,0.9816914214973849
2017-08-21,0.9816914214973849,0,0.9816914214973849
2017-08-22,0.9816914214973849,0,0.9816914214973849
2017-08-23,0.9816914214973849,0,0.9816914214973849
2017-08-24,0.9816914214973849,0,0.9816914214973849
2017-08-25,0.9816914214973849,0,0.9816914214973849
2017-08-28,0.9816914214973849,0,0.9816914214973849
2017-08-29,0.9816914214973849,0,0.9816914214973849
2017-08-30,0.9816914214973849,0,0.9816914214973849
2017-08-31,0.9816914214973849,0,0.9816914214973849
2017-09-01,0.9816914214973849,0,0.9816914214973849
2017-09-04,0.9816914214973849,0,0.9816914214973849
2017-09-05,0.9816914214973849,0,0.9816914214973849
2017-09-06,0.9816914214973849,0,0.9816914214973849
2017-09-07,0.9807228869627351,1,0.7853531371979079
2017-09-08,0.9840064121688668,1,0.7853531371979079
2017-09-11,0.9872899373749983,1,0.7853531371979079
2017-09-12,0.9897525812795969,1,0.7853531371979079
2017-09-13,0.9924888522847065,1,0.7853531371979079
2017-09-14,0.9954987503903271,1,0.7853531371979079
2017-09-15,0.9965932587923709,1,0.7853531371979079
2017-09-18,1.003433936305145,1,0.7853531371979079
2017-09-19,1.0020658008025902,1,0.7853531371979079
2017-09-20,1.0061702073102545,1,0.7853531371979079
2017-09-21,1.0127372577225178,1,0.7853531371979079
2017-09-22,1.0127372577225178,1,0.7853531371979079
2017-09-25,1.0214933249388685,1,0.7853531371979079
2017-09-26,1.010000986717408,1,0.7853531371979079
2017-09-27,1.0108218680189411,1,0.7853531371979079
2017-09-28,1.0130108848230288,1,0.7853531371979079
2017-09-29,1.012190003521496,1,0.7853531371979079
2017-10-10,1.0280603753511317,1,0.7853531371979079
2017-10-11,1.0291548837531754,1,0.7853531371979079
2017-10-12,1.0275131211501098,1,0.7853531371979079
2017-10-13,1.0209460707378466,1,0.7853531371979079
2017-10-16,1.0157471558281383,1,0.7853531371979079
2017-10-17,1.0138317661245615,1,0.7853531371979079
2017-10-18,1.0067174615112766,1,0.7853531371979079
2017-10-19,1.0028566333883653,0,1.0028566333883653
2017-10-20,1.0028566333883653,0,1.0028566333883653
2017-10-23,1.0028566333883653,0,1.0028566333883653
2017-10-24,1.0028566333883653,0,1.0028566333883653
2017-10-25,1.0028566333883653,0,1.0028566333883653
2017-10-26,1.0028566333883653,0,1.0028566333883653
2017-10-27,1.0028566333883653,0,1.0028566333883653
2017-10-30,1.0028566333883653,0,1.0028566333883653
2017-10-31,1.0028566333883653,0,1.0028566333883653
2017-11-01,1.0028566333883653,0,1.0028566333883653
2017-11-02,1.0028566333883653,0,1.0028566333883653
2017-11-03,1.0028566333883653,0,1.0028566333883653
2017-11-06,1.0028566333883653,0,1.0028566333883653
2017-11-07,1.0028566333883653,0,1.0028566333883653
2017-11-08,1.0028566333883653,0,1.0028566333883653
2017-11-09,1.0028566333883653,0,1.0028566333883653
2017-11-10,1.0028566333883653,0,1.0028566333883653
2017-11-13,1.0028566333883653,0,1.0028566333883653
2017-11-14,1.0028566333883653,0,1.0028566333883653
2017-11-15,1.0028566333883653,0,1.0028566333883653
2017-11-16,1.0028566333883653,0,1.0028566333883653
2017-11-17,1.0028566333883653,0,1.0028566333883653
2017-11-20,1.0028566333883653,0,1.0028566333883653
2017-11-21,1.0028566333883653,0,1.0028566333883653
2017-11-22,1.0028566333883653,0,1.0028566333883653
2017-11-23,1.0028566333883653,0,1.0028566333883653
2017-11-24,1.0028566333883653,0,1.0028566333883653
2017-11-27,1.0028566333883653,0,1.0028566333883653
2017-11-28,1.0028566333883653,0,1.0028566333883653
2017-11-29,1.0028566333883653,0,1.0028566333883653
2017-11-30,1.0028566333883653,0,1.0028566333883653
2017-12-01,1.0028566333883653,0,1.0028566333883653
2017-12-04,1.0028566333883653,0,1.0028566333883653
2017-12-05,1.0028566333883653,0,1.0028566333883653
2017-12-06,1.0028566333883653,0,1.0028566333883653
2017-12-07,1.0028566333883653,0,1.0028566333883653
2017-12-08,1.0028566333883653,0,1.0028566333883653
2017-12-11,1.0028566333883653,0,1.0028566333883653
2017-12-12,1.0028566333883653,0,1.0028566333883653
2017-12-13,1.0028566333883653,0,1.0028566333883653
2017-12-14,1.0028566333883653,0,1.0028566333883653
2017-12-15,1.0028566333883653,0,1.0028566333883653
2017-12-18,1.0028566333883653,0,1.0028566333883653
2017-12-19,1.0028566333883653,0,1.0028566333883653
2017-12-20,1.0028566333883653,0,1.0028566333883653
2017-12-21,1.0028566333883653,0,1.0028566333883653
2017-12-22,1.0028566333883653,0,1.0028566333883653
2017-12-26,1.0028566333883653,0,1.0028566333883653
2017-12-27,1.0028566333883653,0,1.0028566333883653
2017-12-28,1.0028566333883653,0,1.0028566333883653
2018-01-02,1.0028566333883653,0,1.0028566333883653
2018-01-03,1.0028566333883653,0,1.0028566333883653
2018-01-04,0.9951843275138847,1,0.8022853067106922
2018-01-05,0.9991344781105372,1,0.8022853067106922
2018-01-08,0.9994636573269249,1,0.8022853067106922
2018-01-09,0.9955135067302725,1,0.8022853067106922
2018-01-10,0.9961718651630479,1,0.8022853067106922
2018-01-11,0.9948551482974971,1,0.8022853067106922
2018-01-12,1.0063764208710666,1,0.8022853067106922
2018-01-15,1.0057180624382913,1,0.8022853067106922
2018-01-16,1.001767911841639,1,0.8022853067106922
2018-01-17,0.996171865163048,1,0.8022853067106922
2018-01-18,0.9968302235958234,1,0.8022853067106922
2018-01-19,0.9898244449079253,0,0.9898244449079253
2018-01-22,0.9898244449079253,0,0.9898244449079253
2018-01-23,0.9898244449079253,0,0.9898244449079253
2018-01-24,0.9898244449079253,0,0.9898244449079253
2018-01-25,0.9898244449079253,0,0.9898244449079253
2018-01-26,0.9898244449079253,0,0.9898244449079253
2018-01-29,0.9898244449079253,0,0.9898244449079253
2018-01-30,0.9898244449079253,0,0.9898244449079253
2018-01-31,0.9898244449079253,0,0.9898244449079253
2018-02-01,0.9898244449079253,0,0.9898244449079253
2018-02-02,0.9898244449079253,0,0.9898244449079253
2018-02-05,0.9898244449079253,0,0.9898244449079253
2018-02-06,0.9898244449079253,0,0.9898244449079253
2018-02-07,0.9898244449079253,0,0.9898244449079253
2018-02-08,0.9898244449079253,0,0.9898244449079253
2018-02-09,0.9898244449079253,0,0.9898244449079253
2018-02-12,0.9898244449079253,0,0.9898244449079253
2018-02-13,0.9898244449079253,0,0.9898244449079253
2018-02-14,0.9898244449079253,0,0.9898244449079253
2018-02-19,0.9898244449079253,0,0.9898244449079253
2018-02-20,0.9898244449079253,0,0.9898244449079253
2018-02-21,0.9898244449079253,0,0.9898244449079253
2018-02-22,0.9898244449079253,0,0.9898244449079253
2018-02-23,0.9898244449079253,0,0.9898244449079253
2018-02-26,0.9898244449079253,0,0.9898244449079253
2018-02-27,0.9898244449079253,0,0.9898244449079253
2018-02-28,0.9898244449079253,0,0.9898244449079253
2018-03-02,0.9898244449079253,0,0.9898244449079253
2018-03-05,0.9898244449079253,0,0.9898244449079253
2018-03-06,0.9898244449079253,0,0.9898244449079253
2018-03-07,0.9898244449079253,0,0.9898244449079253
2018-03-08,0.9898244449079253,0,0.9898244449079253
2018-03-09,0.9898244449079253,0,0.9898244449079253
2018-03-12,0.9898244449079253,0,0.9898244449079253
2018-03-13,0.9883814263578664,1,0.7918595559263403
2018-03-14,0.9860055142801105,1,0.7918595559263403
2018-03-15,0.9846478502356786,1,0.7918595559263403
2018-03-16,0.9826113541690307,1,0.7918595559263403
2018-03-19,0.9826113541690307,1,0.7918595559263403
2018-03-20,0.9769616105813447,0,0.9769616105813447
2018-03-21,0.9769616105813447,0,0.9769616105813447
2018-03-22,0.9769616105813447,0,0.9769616105813447
2018-03-23,0.9821665832025938,1,0.7815692884650758
2018-03-26,0.986332674474401,1,0.7815692884650758
2018-03-27,0.9898738520554371,1,0.7815692884650758
2018-03-28,0.9752925326041119,1,0.7815692884650758
2018-03-29,0.984041324274907,1,0.7815692884650758
2018-03-30,0.9844579334020878,1,0.7815692884650758
2018-04-02,0.984041324274907,1,0.7815692884650758
2018-04-03,0.9838330197113166,1,0.7815692884650758
2018-04-04,0.9911236794369793,1,0.7815692884650758
2018-04-05,0.9907070703097987,1,0.7815692884650758
2018-04-06,0.9977894254718709,1,0.7815692884650758
2018-04-09,1.015703617940642,1,0.7815692884650758
2018-04-10,1.0244524096114371,1,0.7815692884650758
2018-04-11,1.0248690187386178,1,0.7815692884650758
2018-04-12,1.0169534453221842,1,0.7815692884650758
2018-04-13,1.0190364909580878,1,0.7815692884650758
2018-04-16,1.0177866635765456,1,0.7815692884650758
2018-04-17,1.011120917541654,1,0.7815692884650758
2018-04-18,1.0061216080154853,1,0.7815692884650758
2018-04-19,0.9927901159457022,1,0.7815692884650758
2018-04-20,0.9912891931605768,0,0.9912891931605768
2018-04-23,0.9912891931605768,0,0.9912891931605768
2018-04-24,0.9912891931605768,0,0.9912891931605768
2018-04-25,0.9912891931605768,0,0.9912891931605768
2018-04-26,0.9912891931605768,0,0.9912891931605768
2018-04-27,0.9912891931605768,0,0.9912891931605768
2018-04-30,0.9912891931605768,0,0.9912891931605768
2018-05-02,0.9912891931605768,0,0.9912891931605768
2018-05-03,0.9912891931605768,0,0.9912891931605768
2018-05-04,0.9912891931605768,0,0.9912891931605768
2018-05-08,0.9912891931605768,0,0.9912891931605768
2018-05-09,0.9912891931605768,0,0.9912891931605768
2018-05-10,0.9912891931605768,0,0.9912891931605768
2018-05-11,0.9912891931605768,0,0.9912891931605768
2018-05-14,0.9912891931605768,0,0.9912891931605768
2018-05-15,0.9912891931605768,0,0.9912891931605768
2018-05-16,0.9912891931605768,0,0.9912891931605768
2018-05-17,0.9912891931605768,0,0.9912891931605768
2018-05-18,0.9912891931605768,0,0.9912891931605768
2018-05-21,0.9912891931605768,0,0.9912891931605768
2018-05-23,0.9912891931605768,0,0.9912891931605768
2018-05-24,0.9912891931605768,0,0.9912891931605768
2018-05-25,0.9912891931605768,0,0.9912891931605768
2018-05-28,0.9912891931605768,0,0.9912891931605768
2018-05-29,0.9912891931605768,0,0.9912891931605768
2018-05-30,0.9912891931605768,0,0.9912891931605768
2018-05-31,0.9912891931605768,0,0.9912891931605768
2018-06-01,0.9912891931605768,0,0.9912891931605768
2018-06-04,0.9912891931605768,0,0.9912891931605768
2018-06-05,0.9912891931605768,0,0.9912891931605768
2018-06-07,0.9912891931605768,0,0.9912891931605768
2018-06-08,0.9912891931605768,0,0.9912891931605768
2018-06-11,0.9912891931605768,0,0.9912891931605768
2018-06-12,0.9912891931605768,0,0.9912891931605768
2018-06-14,0.9912891931605768,0,0.9912891931605768
2018-06-15,0.9912891931605768,0,0.9912891931605768
2018-06-18,0.9912891931605768,0,0.9912891931605768
2018-06-19,0.9912891931605768,0,0.9912891931605768
2018-06-20,0.9912891931605768,0,0.9912891931605768
2018-06-21,0.9912891931605768,0,0.9912891931605768
2018-06-22,0.9912891931605768,0,0.9912891931605768
2018-06-25,0.9912891931605768,0,0.9912891931605768
2018-06-26,0.9912891931605768,0,0.9912891931605768
2018-06-27,0.9912891931605768,0,0.9912891931605768
2018-06-28,0.9912891931605768,0,0.9912891931605768
2018-06-29,0.9912891931605768,0,0.9912891931605768
2018-07-02,0.9912891931605768,0,0.9912891931605768
2018-07-03,0.9912891931605768,0,0.9912891931605768
2018-07-04,0.9912891931605768,0,0.9912891931605768
2018-07-05,0.9912891931605768,0,0.9912891931605768
2018-07-06,0.9912891931605768,0,0.9912891931605768
2018-07-09,0.9912891931605768,0,0.9912891931605768
2018-07-10,0.9912891931605768,0,0.9912891931605768
2018-07-11,0.9912891931605768,0,0.9912891931605768
2018-07-12,0.9912891931605768,0,0.9912891931605768
2018-07-13,0.9912891931605768,0,0.9912891931605768
2018-07-16,0.9912891931605768,0,0.9912891931605768
2018-07-17,0.9912891931605768,0,0.9912891931605768
2018-07-18,0.9912891931605768,0,0.9912891931605768
2018-07-19,0.9912891931605768,0,0.9912891931605768
2018-07-20,0.9912891931605768,0,0.9912891931605768
2018-07-23,0.9912891931605768,0,0.9912891931605768
2018-07-24,0.9912891931605768,0,0.9912891931605768
2018-07-25,0.9912891931605768,0,0.9912891931605768
2018-07-26,0.9912891931605768,0,0.9912891931605768
2018-07-27,0.9912891931605768,0,0.9912891931605768
2018-07-30,0.9912891931605768,0,0.9912891931605768
2018-07-31,0.9912891931605768,0,0.9912891931605768
2018-08-01,0.9912891931605768,0,0.9912891931605768
2018-08-02,0.9912891931605768,0,0.9912891931605768
2018-08-03,0.9912891931605768,0,0.9912891931605768
2018-08-06,0.9912891931605768,0,0.9912891931605768
2018-08-07,0.9912891931605768,0,0.9912891931605768
2018-08-08,0.9912891931605768,0,0.9912891931605768
2018-08-09,0.9912891931605768,0,0.9912891931605768
2018-08-10,0.9912891931605768,0,0.9912891931605768
2018-08-13,0.9912891931605768,0,0.9912891931605768
2018-08-14,0.9912891931605768,0,0.9912891931605768
2018-08-16,0.9912891931605768,0,0.9912891931605768
2018-08-17,0.9912891931605768,0,0.9912891931605768
2018-08-20,0.9912891931605768,0,0.9912891931605768
2018-08-21,0.9912891931605768,0,0.9912891931605768
2018-08-22,0.9912891931605768,0,0.9912891931605768
2018-08-23,0.9912891931605768,0,0.9912891931605768
2018-08-24,0.9912891931605768,0,0.9912891931605768
2018-08-27,0.9912891931605768,0,0.9912891931605768
2018-08-28,0.9912891931605768,0,0.9912891931605768
2018-08-29,0.9912891931605768,0,0.9912891931605768
2018-08-30,0.9912891931605768,0,0.9912891931605768
2018-08-31,0.9912891931605768,0,0.9912891931605768
2018-09-03,0.9912891931605768,0,0.9912891931605768
2018-09-04,0.9912891931605768,0,0.9912891931605768
2018-09-05,0.9912891931605768,0,0.9912891931605768
2018-09-06,0.9912891931605768,0,0.9912891931605768
2018-09-07,0.9912891931605768,0,0.9912891931605768
2018-09-10,0.9912891931605768,0,0.9912891931605768
2018-09-11,0.9912891931605768,0,0.9912891931605768
2018-09-12,0.9912891931605768,0,0.9912891931605768
2018-09-13,0.9912891931605768,0,0.9912891931605768
2018-09-14,0.9912891931605768,0,0.9912891931605768
2018-09-17,0.9912891931605768,0,0.9912891931605768
2018-09-18,0.9912891931605768,0,0.9912891931605768
2018-09-19,0.9912891931605768,0,0.9912891931605768
2018-09-20,0.9912891931605768,0,0.9912891931605768
2018-09-21,0.9912891931605768,0,0.9912891931605768
2018-09-27,0.9912891931605768,0,0.9912891931605768
2018-09-28,0.9912891931605768,0,0.9912891931605768
2018-10-01,0.9912891931605768,0,0.9912891931605768
2018-10-02,0.9912891931605768,0,0.9912891931605768
2018-10-04,0.9912891931605768,0,0.9912891931605768
2018-10-05,0.9912891931605768,0,0.9912891931605768
2018-10-08,0.9912891931605768,0,0.9912891931605768
2018-10-10,0.9912891931605768,0,0.9912891931605768
2018-10-11,0.9912891931605768,0,0.9912891931605768
2018-10-12,0.9912891931605768,0,0.9912891931605768
2018-10-15,0.9912891931605768,0,0.9912891931605768
2018-10-16,0.9912891931605768,0,0.9912891931605768
2018-10-17,0.9912891931605768,0,0.9912891931605768
2018-10-18,0.9912891931605768,0,0.9912891931605768
2018-10-19,0.9912891931605768,0,0.9912891931605768
2018-10-22,0.9912891931605768,0,0.9912891931605768
2018-10-23,0.9912891931605768,0,0.9912891931605768
2018-10-24,0.9912891931605768,0,0.9912891931605768
2018-10-25,0.9912891931605768,0,0.9912891931605768
2018-10-26,0.9912891931605768,0,0.9912891931605768
2018-10-29,0.9912891931605768,0,0.9912891931605768
2018-10-30,0.9912891931605768,0,0.9912891931605768
2018-10-31,0.9912891931605768,0,0.9912891931605768
2018-11-01,0.9912891931605768,0,0.9912891931605768
2018-11-02,0.9912891931605768,0,0.9912891931605768
2018-11-05,0.9912891931605768,0,0.9912891931605768
2018-11-06,0.9912891931605768,0,0.9912891931605768
2018-11-07,0.9912891931605768,0,0.9912891931605768
2018-11-08,0.9912891931605768,0,0.9912891931605768
2018-11-09,0.9912891931605768,0,0.9912891931605768
2018-11-12,0.9912891931605768,0,0.9912891931605768
2018-11-13,0.9912891931605768,0,0.9912891931605768
2018-11-14,0.9912891931605768,0,0.9912891931605768
2018-11-15,0.9912891931605768,0,0.9912891931605768
2018-11-16,0.9912891931605768,0,0.9912891931605768
2018-11-19,0.9912891931605768,0,0.9912891931605768
2018-11-20,0.9912891931605768,0,0.9912891931605768
2018-11-21,0.9912891931605768,0,0.9912891931605768
2018-11-22,0.9912891931605768,0,0.9912891931605768
2018-11-23,0.9912891931605768,0,0.9912891931605768
2018-11-26,0.9912891931605768,0,0.9912891931605768
2018-11-27,0.9912891931605768,0,0.9912891931605768
2018-11-28,0.9912891931605768,0,0.9912891931605768
2018-11-29,0.9912891931605768,0,0.9912891931605768
2018-11-30,0.9912891931605768,0,0.9912891931605768
2018-12-03,0.9912891931605768,0,0.9912891931605768
2018-12-04,0.9912891931605768,0,0.9912891931605768
2018-12-05,0.9912891931605768,0,0.9912891931605768
2018-12-06,0.9912891931605768,0,0.9912891931605768
2018-12-07,0.9912891931605768,0,0.9912891931605768
2018-12-10,0.9912891931605768,0,0.9912891931605768
2018-12-11,0.9912891931605768,0,0.9912891931605768
2018-12-12,0.9912891931605768,0,0.9912891931605768
2018-12-13,0.9912891931605768,0,0.9912891931605768
2018-12-14,0.9912891931605768,0,0.9912891931605768
2018-12-17,0.9912891931605768,0,0.9912891931605768
2018-12-18,0.9912891931605768,0,0.9912891931605768
2018-12-19,0.9912891931605768,0,0.9912891931605768
2018-12-20,0.9912891931605768,0,0.9912891931605768
2018-12-21,0.9912891931605768,0,0.9912891931605768
2018-12-24,0.9912891931605768,0,0.9912891931605768
2018-12-26,0.9912891931605768,0,0.9912891931605768
2018-12-27,0.9912891931605768,0,0.9912891931605768
2018-12-28,0.9912891931605768,0,0.9912891931605768
2019-01-02,0.9912891931605768,0,0.9912891931605768
2019-01-03,0.9912891931605768,0,0.9912891931605768
2019-01-04,0.9912891931605768,0,0.9912891931605768
2019-01-07,0.9912891931605768,0,0.9912891931605768
2019-01-08,0.9912891931605768,0,0.9912891931605768
2019-01-09,0.9912891931605768,0,0.9912891931605768
2019-01-10,0.9912891931605768,0,0.9912891931605768
2019-01-11,0.9912891931605768,0,0.9912891931605768
2019-01-14,0.9912891931605768,0,0.9912891931605768
2019-01-15,0.9912891931605768,0,0.9912891931605768
2019-01-16,0.9912891931605768,0,0.9912891931605768
2019-01-17,0.9912891931605768,0,0.9912891931605768
2019-01-18,0.9912891931605768,0,0.9912891931605768
2019-01-21,0.9912891931605768,0,0.9912891931605768
2019-01-22,0.9912891931605768,0,0.9912891931605768
2019-01-23,0.9912891931605768,0,0.9912891931605768
2019-01-24,0.9912891931605768,0,0.9912891931605768
2019-01-25,0.9912891931605768,0,0.9912891931605768
2019-01-28,0.9912891931605768,0,0.9912891931605768
2019-01-29,0.9912891931605768,0,0.9912891931605768
2019-01-30,0.9912891931605768,0,0.9912891931605768
2019-01-31,0.9912891931605768,0,0.9912891931605768
2019-02-01,0.9912891931605768,0,0.9912891931605768
2019-02-07,0.9912891931605768,0,0.9912891931605768
2019-02-08,0.9912891931605768,0,0.9912891931605768
2019-02-11,0.9912891931605768,0,0.9912891931605768
2019-02-12,0.9912891931605768,0,0.9912891931605768
2019-02-13,0.9912891931605768,0,0.9912891931605768
2019-02-14,0.9912891931605768,0,0.9912891931605768
2019-02-15,0.9912891931605768,0,0.9912891931605768
2019-02-18,0.9912891931605768,0,0.9912891931605768
2019-02-19,0.9912891931605768,0,0.9912891931605768
2019-02-20,0.9912891931605768,0,0.9912891931605768
2019-02-21,0.9912891931605768,0,0.9912891931605768
2019-02-22,0.9912891931605768,0,0.9912891931605768
2019-02-25,0.9912891931605768,0,0.9912891931605768
2019-02-26,0.9912891931605768,0,0.9912891931605768
2019-02-27,0.9912891931605768,0,0.9912891931605768
2019-02-28,0.9801069474716086,1,0.7930313545284615
2019-03-04,0.9885253491540502,1,0.7930313545284615
2019-03-05,0.9946053059247026,1,0.7930313545284615
2019-03-06,0.9960083728717762,1,0.7930313545284615
2019-03-07,0.986186904242261,1,0.7930313545284615
2019-03-08,0.9922668610129133,1,0.7930313545284615
2019-03-11,0.9913314830481976,1,0.7930313545284615
2019-03-12,0.9936699279599869,1,0.7930313545284615
2019-03-13,0.996943750836492,1,0.7930313545284615
2019-03-14,1.000217573712997,1,0.7930313545284615
2019-03-15,0.9913314830481976,1,0.7930313545284615
2019-03-18,0.9922668610129133,1,0.7930313545284615
2019-03-19,0.9885253491540504,1,0.7930313545284615
2019-03-20,0.9983468177835656,1,0.7930313545284615
2019-03-21,0.9978791288012077,1,0.7930313545284615
2019-03-22,1.000685262695355,1,0.7930313545284615
2019-03-25,1.0016206406600707,1,0.7930313545284615
2019-03-26,0.9941376169423448,1,0.7930313545284615
2019-03-27,0.9784073243332816,0,0.9784073243332816
2019-03-28,0.9784073243332816,0,0.9784073243332816
2019-03-29,0.9784073243332816,0,0.9784073243332816
2019-04-01,0.9784073243332816,0,0.9784073243332816
2019-04-02,0.9784073243332816,0,0.9784073243332816
2019-04-03,0.9784073243332816,0,0.9784073243332816
2019-04-04,0.9784073243332816,0,0.9784073243332816
2019-04-05,0.9784073243332816,0,0.9784073243332816
2019-04-08,0.9784073243332816,0,0.9784073243332816
2019-04-09,0.9784073243332816,0,0.9784073243332816
2019-04-10,0.9784073243332816,0,0.9784073243332816
2019-04-11,0.9784073243332816,0,0.9784073243332816
2019-04-12,0.9784073243332816,0,0.9784073243332816
2019-04-15,0.9784073243332816,0,0.9784073243332816
2019-04-16,0.9784073243332816,0,0.9784073243332816
2019-04-17,0.9784073243332816,0,0.9784073243332816
2019-04-18,0.9784073243332816,0,0.9784073243332816
2019-04-19,0.9784073243332816,0,0.9784073243332816
2019-04-22,0.9784073243332816,0,0.9784073243332816
2019-04-23,0.9784073243332816,0,0.9784073243332816
2019-04-24,0.9784073243332816,0,0.9784073243332816
2019-04-25,0.9784073243332816,0,0.9784073243332816
2019-04-26,0.9784073243332816,0,0.9784073243332816
2019-04-29,0.9784073243332816,0,0.9784073243332816
2019-04-30,0.9784073243332816,0,0.9784073243332816
2019-05-02,0.9784073243332816,0,0.9784073243332816
2019-05-03,0.9784073243332816,0,0.9784073243332816
2019-05-07,0.9784073243332816,0,0.9784073243332816
2019-05-08,0.9784073243332816,0,0.9784073243332816
2019-05-09,0.9784073243332816,0,0.9784073243332816
2019-05-10,0.9784073243332816,0,0.9784073243332816
2019-05-13,0.9784073243332816,0,0.9784073243332816
2019-05-14,0.9784073243332816,0,0.9784073243332816
2019-05-15,0.9784073243332816,0,0.9784073243332816
2019-05-16,0.9784073243332816,0,0.9784073243332816
2019-05-17,0.9784073243332816,0,0.9784073243332816
2019-05-20,0.9784073243332816,0,0.9784073243332816
2019-05-21,0.9784073243332816,0,0.9784073243332816
2019-05-22,0.9784073243332816,0,0.9784073243332816
2019-05-23,0.9784073243332816,0,0.9784073243332816
2019-05-24,0.9784073243332816,0,0.9784073243332816
2019-05-27,0.9784073243332816,0,0.9784073243332816
2019-05-28,0.9784073243332816,0,0.9784073243332816
2019-05-29,0.9784073243332816,0,0.9784073243332816
2019-05-30,0.9784073243332816,0,0.9784073243332816
2019-05-31,0.9784073243332816,0,0.9784073243332816
2019-06-03,0.9784073243332816,0,0.9784073243332816
2019-06-04,0.9784073243332816,0,0.9784073243332816
2019-06-05,0.9784073243332816,0,0.9784073243332816
2019-06-07,0.9784073243332816,0,0.9784073243332816
2019-06-10,0.9784073243332816,0,0.9784073243332816
2019-06-11,0.9784073243332816,0,0.9784073243332816
2019-06-12,0.9784073243332816,0,0.9784073243332816
2019-06-13,0.9784073243332816,0,0.9784073243332816
2019-06-14,0.9784073243332816,0,0.9784073243332816
2019-06-17,0.9784073243332816,0,0.9784073243332816
2019-06-18,0.9784073243332816,0,0.9784073243332816
2019-06-19,0.9784073243332816,0,0.9784073243332816
2019-06-20,0.9784073243332816,0,0.9784073243332816
2019-06-21,0.9784073243332816,0,0.9784073243332816
2019-06-24,0.9784073243332816,0,0.9784073243332816
2019-06-25,0.9784073243332816,0,0.9784073243332816
2019-06-26,0.9784073243332816,0,0.9784073243332816
2019-06-27,0.9784073243332816,0,0.9784073243332816
2019-06-28,0.9784073243332816,0,0.9784073243332816
2019-07-01,0.9784073243332816,0,0.9784073243332816
2019-07-02,0.9784073243332816,0,0.9784073243332816
2019-07-03,0.9784073243332816,0,0.9784073243332816
2019-07-04,0.9784073243332816,0,0.9784073243332816
2019-07-05,0.9784073243332816,0,0.9784073243332816
2019-07-08,0.9784073243332816,0,0.9784073243332816
2019-07-09,0.9784073243332816,0,0.9784073243332816
2019-07-10,0.9784073243332816,0,0.9784073243332816
2019-07-11,0.9784073243332816,0,0.9784073243332816
2019-07-12,0.9784073243332816,0,0.9784073243332816
2019-07-15,0.9784073243332816,0,0.9784073243332816
2019-07-16,0.9784073243332816,0,0.9784073243332816
2019-07-17,0.9784073243332816,0,0.9784073243332816
2019-07-18,0.9784073243332816,0,0.9784073243332816
2019-07-19,0.9784073243332816,0,0.9784073243332816
2019-07-22,0.9784073243332816,0,0.9784073243332816
2019-07-23,0.9784073243332816,0,0.9784073243332816
2019-07-24,0.9784073243332816,0,0.9784073243332816
2019-07-25,0.9784073243332816,0,0.9784073243332816
2019-07-26,0.9784073243332816,0,0.9784073243332816
2019-07-29,0.9784073243332816,0,0.9784073243332816
2019-07-30,0.9784073243332816,0,0.9784073243332816
2019-07-31,0.9784073243332816,0,0.9784073243332816
2019-08-01,0.9784073243332816,0,0.9784073243332816
2019-08-02,0.9784073243332816,0,0.9784073243332816
2019-08-05,0.9784073243332816,0,0.9784073243332816
2019-08-06,0.9784073243332816,0,0.9784073243332816
2019-08-07,0.9784073243332816,0,0.9784073243332816
2019-08-08,0.9784073243332816,0,0.9784073243332816
2019-08-09,0.9784073243332816,0,0.9784073243332816
2019-08-12,0.9784073243332816,0,0.9784073243332816
2019-08-13,0.9784073243332816,0,0.9784073243332816
2019-08-14,0.9784073243332816,0,0.9784073243332816
2019-08-16,0.9784073243332816,0,0.9784073243332816
2019-08-19,0.9784073243332816,0,0.9784073243332816
2019-08-20,0.9784073243332816,0,0.9784073243332816
2019-08-21,0.9784073243332816,0,0.9784073243332816
2019-08-22,0.9784073243332816,0,0.9784073243332816
2019-08-23,0.9784073243332816,0,0.9784073243332816
2019-08-26,0.9784073243332816,0,0.9784073243332816
2019-08-27,0.9784073243332816,0,0.9784073243332816
2019-08-28,0.9784073243332816,0,0.9784073243332816
2019-08-29,0.9784073243332816,0,0.9784073243332816
2019-08-30,0.9784073243332816,0,0.9784073243332816
2019-09-02,0.9784073243332816,0,0.9784073243332816
2019-09-03,0.9784073243332816,0,0.9784073243332816
2019-09-04,0.9784073243332816,0,0.9784073243332816
2019-09-05,0.9784073243332816,0,0.9784073243332816
2019-09-06,0.9784073243332816,0,0.9784073243332816
2019-09-09,0.9784073243332816,0,0.9784073243332816
2019-09-10,0.9784073243332816,0,0.9784073243332816
2019-09-11,0.9784073243332816,0,0.9784073243332816
2019-09-16,0.9784073243332816,0,0.9784073243332816
2019-09-17,0.9784073243332816,0,0.9784073243332816
2019-09-18,0.9784073243332816,0,0.9784073243332816
2019-09-19,0.9784073243332816,0,0.9784073243332816
2019-09-20,0.9784073243332816,0,0.9784073243332816
2019-09-23,0.9784073243332816,0,0.9784073243332816
2019-09-24,0.9784073243332816,0,0.9784073243332816
2019-09-25,0.9784073243332816,0,0.9784073243332816
2019-09-26,0.9784073243332816,0,0.9784073243332816
2019-09-27,0.9784073243332816,0,0.9784073243332816
2019-09-30,0.9784073243332816,0,0.9784073243332816
2019-10-01,0.9784073243332816,0,0.9784073243332816
2019-10-02,0.9784073243332816,0,0.9784073243332816
2019-10-04,0.9784073243332816,0,0.9784073243332816
2019-10-07,0.9784073243332816,0,0.9784073243332816
2019-10-08,0.9784073243332816,0,0.9784073243332816
2019-10-10,0.9784073243332816,0,0.9784073243332816
2019-10-11,0.9784073243332816,0,0.9784073243332816
2019-10-14,0.9784073243332816,0,0.9784073243332816
2019-10-15,0.9784073243332816,0,0.9784073243332816
2019-10-16,0.9784073243332816,0,0.9784073243332816
2019-10-17,0.9784073243332816,0,0.9784073243332816
2019-10-18,0.9784073243332816,0,0.9784073243332816
2019-10-21,0.9784073243332816,0,0.9784073243332816
2019-10-22,0.9784073243332816,0,0.9784073243332816
2019-10-23,0.9784073243332816,0,0.9784073243332816
2019-10-24,0.9784073243332816,0,0.9784073243332816
2019-10-25,0.9784073243332816,0,0.9784073243332816
2019-10-28,0.9784073243332816,0,0.9784073243332816
2019-10-29,0.9784073243332816,0,0.9784073243332816
2019-10-30,0.9784073243332816,0,0.9784073243332816
2019-10-31,0.9784073243332816,0,0.9784073243332816
2019-11-01,0.9784073243332816,0,0.9784073243332816
2019-11-04,0.9784073243332816,0,0.9784073243332816
2019-11-05,0.9784073243332816,0,0.9784073243332816
2019-11-06,0.9784073243332816,0,0.9784073243332816
2019-11-07,0.9784073243332816,0,0.9784073243332816
2019-11-08,0.9784073243332816,0,0.9784073243332816
2019-11-11,0.9784073243332816,0,0.9784073243332816
2019-11-12,0.9784073243332816,0,0.9784073243332816
2019-11-13,0.9731905644614649,1,0.7827258594666253
2019-11-14,0.9731905644614649,1,0.7827258594666253
2019-11-15,0.9723440546614878,1,0.7827258594666253
2019-11-18,0.9692401853949052,1,0.7827258594666253
2019-11-19,0.9652844295802661,0,0.9652844295802661
2019-11-20,0.9652844295802661,0,0.9652844295802661
2019-11-21,0.9652844295802661,0,0.9652844295802661
2019-11-22,0.9652844295802661,0,0.9652844295802661
2019-11-25,0.9652844295802661,0,0.9652844295802661
2019-11-26,0.9652844295802661,0,0.9652844295802661
2019-11-27,0.9652844295802661,0,0.9652844295802661
2019-11-28,0.9652844295802661,0,0.9652844295802661
2019-11-29,0.9652844295802661,0,0.9652844295802661
2019-12-02,0.9652844295802661,0,0.9652844295802661
2019-12-03,0.9652844295802661,0,0.9652844295802661
2019-12-04,0.9652844295802661,0,0.9652844295802661
2019-12-05,0.9652844295802661,0,0.9652844295802661
2019-12-06,0.9652844295802661,0,0.9652844295802661
2019-12-09,0.9652844295802661,0,0.9652844295802661
2019-12-10,0.9652844295802661,0,0.9652844295802661
2019-12-11,0.9652844295802661,0,0.9652844295802661
2019-12-12,0.9652844295802661,0,0.9652844295802661
2019-12-13,0.9652844295802661,0,0.9652844295802661
2019-12-16,0.9652844295802661,0,0.9652844295802661
2019-12-17,0.9652844295802661,0,0.9652844295802661
2019-12-18,0.9652844295802661,0,0.9652844295802661
2019-12-19,0.9652844295802661,0,0.9652844295802661
2019-12-20,0.9652844295802661,0,0.9652844295802661
2019-12-23,0.9638288784952974,1,0.7722275436642129
2019-12-24,0.9617462552906118,1,0.7722275436642129
2019-12-26,0.9601842878870974,1,0.7722275436642129
2019-12-27,0.963308222694126,1,0.7722275436642129
2019-12-30,0.9664321575011545,1,0.7722275436642129
2020-01-02,0.9622669110917832,1,0.7722275436642129
2020-01-03,0.9612255994894403,1,0.7722275436642129
2020-01-06,0.9601842878870974,1,0.7722275436642129
2020-01-07,0.966952813302326,1,0.7722275436642129
2020-01-08,0.9627875668929546,1,0.7722275436642129
2020-01-09,0.9659115016999831,1,0.7722275436642129
2020-01-10,0.9679941249046689,1,0.7722275436642129
2020-01-13,0.9679941249046689,1,0.7722275436642129
2020-01-14,0.970597403910526,1,0.7722275436642129
2020-01-15,0.9716387155128688,1,0.7722275436642129
2020-01-16,0.9716387155128688,1,0.7722275436642129
2020-01-17,0.9711180597116974,1,0.7722275436642129
2020-01-20,0.9674734691034974,1,0.7722275436642129
2020-01-21,0.9617462552906118,1,0.7722275436642129
2020-01-22,0.9659115016999831,1,0.7722275436642129
2020-01-23,0.9627875668929545,1,0.7722275436642129
2020-01-28,0.9581016646824118,1,0.7722275436642129
2020-01-29,0.959663632085926,1,0.7722275436642129
2020-01-30,0.959663632085926,1,0.7722275436642129
2020-01-31,0.9591429762847545,1,0.7722275436642129
2020-02-03,0.9570603530800689,1,0.7722275436642129
2020-02-04,0.9601842878870974,1,0.7722275436642129
2020-02-05,0.9612255994894402,1,0.7722275436642129
2020-02-06,0.9612255994894402,1,0.7722275436642129
2020-02-07,0.9648701900976402,1,0.7722275436642129
2020-02-10,0.963308222694126,1,0.7722275436642129
2020-02-11,0.9643495342964687,1,0.7722275436642129
2020-02-12,0.9648701900976402,1,0.7722275436642129
2020-02-13,0.9643495342964687,1,0.7722275436642129
2020-02-14,0.9664321575011545,1,0.7722275436642129
2020-02-17,0.9685147807058403,1,0.7722275436642129
2020-02-18,0.9664321575011545,1,0.7722275436642129
2020-02-19,0.9695560923081831,1,0.7722275436642129
2020-02-20,0.9700767481093545,1,0.7722275436642129
2020-02-21,0.9695560923081831,1,0.7722275436642129
2020-02-24,0.9638288784952974,1,0.7722275436642129
2020-02-25,0.970597403910526,1,0.7722275436642129
2020-02-26,0.966952813302326,1,0.7722275436642129
2020-02-27,0.9617462552906118,1,0.7722275436642129
2020-02-28,0.9528310360625096,0,0.9528310360625096
2020-03-02,0.9528310360625096,0,0.9528310360625096
2020-03-03,0.9528310360625096,0,0.9528310360625096
2020-03-04,0.9528310360625096,0,0.9528310360625096
2020-03-05,0.9528310360625096,0,0.9528310360625096
2020-03-06,0.9528310360625096,0,0.9528310360625096
2020-03-09,0.9528310360625096,0,0.9528310360625096
2020-03-10,0.9528310360625096,0,0.9528310360625096
2020-03-11,0.9528310360625096,0,0.9528310360625096
2020-03-12,0.9528310360625096,0,0.9528310360625096
2020-03-13,0.9528310360625096,0,0.9528310360625096
2020-03-16,0.9528310360625096,0,0.9528310360625096
2020-03-17,0.9528310360625096,0,0.9528310360625096
2020-03-18,0.9528310360625096,0,0.9528310360625096
2020-03-19,0.9528310360625096,0,0.9528310360625096
2020-03-20,0.9528310360625096,0,0.9528310360625096
2020-03-23,0.9528310360625096,0,0.9528310360625096
2020-03-24,0.9528310360625096,0,0.9528310360625096
2020-03-25,0.9528310360625096,0,0.9528310360625096
2020-03-26,0.9528310360625096,0,0.9528310360625096
2020-03-27,0.9528310360625096,0,0.9528310360625096
2020-03-30,0.9528310360625096,0,0.9528310360625096
2020-03-31,0.9528310360625096,0,0.9528310360625096
2020-04-01,0.9528310360625096,0,0.9528310360625096
2020-04-02,0.9528310360625096,0,0.9528310360625096
2020-04-03,0.9528310360625096,0,0.9528310360625096
2020-04-06,0.9528310360625096,0,0.9528310360625096
2020-04-07,0.9528310360625096,0,0.9528310360625096
2020-04-08,0.9528310360625096,0,0.9528310360625096
2020-04-09,0.9528310360625096,0,0.9528310360625096
2020-04-10,0.9528310360625096,0,0.9528310360625096
2020-04-13,0.9528310360625096,0,0.9528310360625096
2020-04-14,0.9528310360625096,0,0.9528310360625096
2020-04-16,0.9528310360625096,0,0.9528310360625096
2020-04-17,0.9528310360625096,0,0.9528310360625096
2020-04-20,0.9528310360625096,0,0.9528310360625096
2020-04-21,0.9528310360625096,0,0.9528310360625096
2020-04-22,0.9528310360625096,0,0.9528310360625096
2020-04-23,0.9528310360625096,0,0.9528310360625096
2020-04-24,0.9528310360625096,0,0.9528310360625096
2020-04-27,0.9528310360625096,0,0.9528310360625096
2020-04-28,0.9528310360625096,0,0.9528310360625096
2020-04-29,0.9528310360625096,0,0.9528310360625096
2020-05-04,0.9528310360625096,0,0.9528310360625096
2020-05-06,0.9528310360625096,0,0.9528310360625096
2020-05-07,0.9528310360625096,0,0.9528310360625096
2020-05-08,0.9528310360625096,0,0.9528310360625096
2020-05-11,0.9528310360625096,0,0.9528310360625096
2020-05-12,0.9528310360625096,0,0.9528310360625096
2020-05-13,0.9528310360625096,0,0.9528310360625096
2020-05-14,0.9528310360625096,0,0.9528310360625096
2020-05-15,0.9528310360625096,0,0.9528310360625096
2020-05-18,0.9528310360625096,0,0.9528310360625096
2020-05-19,0.9528310360625096,0,0.9528310360625096
2020-05-20,0.9558795464663555,1,0.7622648288500077
2020-05-21,0.9443548608939539,1,0.7622648288500077
2020-05-22,0.9405383071171378,0,0.9405383071171378
2020-05-25,0.9405383071171378,0,0.9405383071171378
2020-05-26,0.9405383071171378,0,0.9405383071171378
2020-05-27,0.9405383071171378,0,0.9405383071171378
2020-05-28,0.9405383071171378,0,0.9405383071171378
2020-05-29,0.9405383071171378,0,0.9405383071171378
2020-06-01,0.9405383071171378,0,0.9405383071171378
2020-06-02,0.9405383071171378,0,0.9405383071171378
2020-06-03,0.9405383071171378,0,0.9405383071171378
2020-06-04,0.9405383071171378,0,0.9405383071171378
2020-06-05,0.9405383071171378,0,0.9405383071171378
2020-06-08,0.9405383071171378,0,0.9405383071171378
2020-06-09,0.9405383071171378,0,0.9405383071171378
2020-06-10,0.9405383071171378,0,0.9405383071171378
2020-06-11,0.9405383071171378,0,0.9405383071171378
2020-06-12,0.9405383071171378,0,0.9405383071171378
2020-06-15,0.9405383071171378,0,0.9405383071171378
2020-06-16,0.9405383071171378,0,0.9405383071171378
2020-06-17,0.9405383071171378,0,0.9405383071171378
2020-06-18,0.9405383071171378,0,0.9405383071171378
2020-06-19,0.9405383071171378,0,0.9405383071171378
2020-06-22,0.9405383071171378,0,0.9405383071171378
2020-06-23,0.9405383071171378,0,0.9405383071171378
2020-06-24,0.9405383071171378,0,0.9405383071171378
2020-06-25,0.9405383071171378,0,0.9405383071171378
2020-06-26,0.9405383071171378,0,0.9405383071171378
2020-06-29,0.9405383071171378,0,0.9405383071171378
2020-06-30,0.9405383071171378,0,0.9405383071171378
2020-07-01,0.9405383071171378,0,0.9405383071171378
2020-07-02,0.9405383071171378,0,0.9405383071171378
2020-07-03,0.9405383071171378,0,0.9405383071171378
2020-07-06,0.9405383071171378,0,0.9405383071171378
2020-07-07,0.9405383071171378,0,0.9405383071171378
2020-07-08,0.9405383071171378,0,0.9405383071171378
2020-07-09,0.9405383071171378,0,0.9405383071171378
2020-07-10,0.9405383071171378,0,0.9405383071171378
2020-07-13,0.9405383071171378,0,0.9405383071171378
2020-07-14,0.9405383071171378,0,0.9405383071171378
2020-07-15,0.9339804562505326,1,0.7524306456937102
2020-07-16,0.9306666396301995,1,0.7524306456937102
2020-07-17,0.9284041699673784,0,0.9284041699673784
2020-07-20,0.9284041699673784,0,0.9284041699673784
2020-07-21,0.9284041699673784,0,0.9284041699673784
2020-07-22,0.9284041699673784,0,0.9284041699673784
2020-07-23,0.9284041699673784,0,0.9284041699673784
2020-07-24,0.9284041699673784,0,0.9284041699673784
2020-07-27,0.9284041699673784,0,0.9284041699673784
2020-07-28,0.9284041699673784,0,0.9284041699673784
2020-07-29,0.9284041699673784,0,0.9284041699673784
2020-07-30,0.9284041699673784,0,0.9284041699673784
2020-07-31,0.9284041699673784,0,0.9284041699673784
2020-08-03,0.9284041699673784,0,0.9284041699673784
2020-08-04,0.9284041699673784,0,0.9284041699673784
2020-08-05,0.9284041699673784,0,0.9284041699673784
2020-08-06,0.9284041699673784,0,0.9284041699673784
2020-08-07,0.9284041699673784,0,0.9284041699673784
2020-08-10,0.9284041699673784,0,0.9284041699673784
2020-08-11,0.9284041699673784,0,0.9284041699673784
2020-08-12,0.9284041699673784,0,0.9284041699673784
2020-08-13,0.9284041699673784,0,0.9284041699673784
2020-08-14,0.9284041699673784,0,0.9284041699673784
2020-08-18,0.9284041699673784,0,0.9284041699673784
2020-08-19,0.9284041699673784,0,0.9284041699673784
2020-08-20,0.9284041699673784,0,0.9284041699673784
2020-08-21,0.9284041699673784,0,0.9284041699673784
2020-08-24,0.9284041699673784,0,0.9284041699673784
2020-08-25,0.9284041699673784,0,0.9284041699673784
2020-08-26,0.9284041699673784,0,0.9284041699673784
2020-08-27,0.9284041699673784,0,0.9284041699673784
2020-08-28,0.9284041699673784,0,0.9284041699673784
2020-08-31,0.9284041699673784,0,0.9284041699673784
2020-09-01,0.9284041699673784,0,0.9284041699673784
2020-09-02,0.9284041699673784,0,0.9284041699673784
2020-09-03,0.9284041699673784,0,0.9284041699673784
2020-09-04,0.9284041699673784,0,0.9284041699673784
2020-09-07,0.9284041699673784,0,0.9284041699673784
2020-09-08,0.9284041699673784,0,0.9284041699673784
2020-09-09,0.9284041699673784,0,0.9284041699673784
2020-09-10,0.9284041699673784,0,0.9284041699673784
2020-09-11,0.9284041699673784,0,0.9284041699673784
2020-09-14,0.9284041699673784,0,0.9284041699673784
2020-09-15,0.9284041699673784,0,0.9284041699673784
2020-09-16,0.9284041699673784,0,0.9284041699673784
2020-09-17,0.9284041699673784,0,0.9284041699673784
2020-09-18,0.9284041699673784,0,0.9284041699673784
2020-09-21,0.9284041699673784,0,0.9284041699673784
2020-09-22,0.9284041699673784,0,0.9284041699673784
2020-09-23,0.9284041699673784,0,0.9284041699673784
2020-09-24,0.9284041699673784,0,0.9284041699673784
2020-09-25,0.9284041699673784,0,0.9284041699673784
2020-09-28,0.9284041699673784,0,0.9284041699673784
2020-09-29,0.9284041699673784,0,0.9284041699673784
2020-10-05,0.9284041699673784,0,0.9284041699673784
2020-10-06,0.9284041699673784,0,0.9284041699673784
2020-10-07,0.9284041699673784,0,0.9284041699673784
2020-10-08,0.9284041699673784,0,0.9284041699673784
2020-10-12,0.9284041699673784,0,0.9284041699673784
2020-10-13,0.9284041699673784,0,0.9284041699673784
2020-10-14,0.9284041699673784,0,0.9284041699673784
2020-10-15,0.9284041699673784,0,0.9284041699673784
2020-10-16,0.9284041699673784,0,0.9284041699673784
2020-10-19,0.9284041699673784,0,0.9284041699673784
2020-10-20,0.9284041699673784,0,0.9284041699673784
2020-10-21,0.9284041699673784,0,0.9284041699673784
2020-10-22,0.9268010600301007,1,0.7427233359739027
2020-10-23,0.9371614554939965,1,0.7427233359739027
2020-10-26,0.9552319126984663,1,0.7427233359739027
2020-10-27,0.956195670416038,1,0.7427233359739027
2020-10-28,0.9704110967502207,1,0.7427233359739027
2020-10-29,0.9713748544677925,1,0.7427233359739027
2020-10-30,0.9588460041393603,1,0.7427233359739027
2020-11-02,0.966074187021148,1,0.7427233359739027
2020-11-03,0.9667970053093269,1,0.7427233359739027
2020-11-04,0.9701701573208279,1,0.7427233359739027
2020-11-05,0.9872768568077259,1,0.7427233359739027
2020-11-06,0.9896862511016551,1,0.7427233359739027
2020-11-09,1.0294412569514884,1,0.7427233359739027
2020-11-10,1.0414882284211349,1,0.7427233359739027
2020-11-11,1.0559445941847105,1,0.7427233359739027
2020-11-12,1.088471417152756,1,0.7427233359739027
2020-11-13,1.0896761142997207,1,0.7427233359739027
2020-11-16,1.082447931417933,1,0.7427233359739027
2020-11-17,1.054739897037746,1,0.7427233359739027
2020-11-18,1.0595586856256047,1,0.7427233359739027
2020-11-19,1.0451023198620288,1,0.7427233359739027
2020-11-20,1.0499211084498874,1,0.7427233359739027
2020-11-23,1.0655821713604279,1,0.7427233359739027
2020-11-24,1.0571492913316753,1,0.7427233359739027
2020-11-25,1.0511258055968522,1,0.7427233359739027
2020-11-26,1.0535351998907814,1,0.7427233359739027
2020-11-27,1.0559445941847105,1,0.7427233359739027
2020-11-30,1.064377474213463,1,0.7427233359739027
2020-12-01,1.0655821713604279,1,0.7427233359739027
2020-12-02,1.0631727770664985,1,0.7427233359739027
2020-12-03,1.054739897037746,1,0.7427233359739027
2020-12-04,1.0363757944207252,1,0.7291780219447406
2020-12-07,1.0255335200980435,1,0.7291780219447406
2020-12-08,1.0363757944207252,1,0.7291780219447406
2020-12-09,1.0399898858616192,1,0.7291780219447406
2020-12-10,1.0628791316539474,1,0.7291780219447406
2020-12-11,1.0616744345069828,1,0.7291780219447406
2020-12-14,1.0496274630373363,1,0.7291780219447406
2020-12-15,1.0568556459191243,1,0.7291780219447406
2020-12-16,1.0556509487721595,1,0.7291780219447406
2020-12-17,1.074926103123594,1,0.7291780219447406
2020-12-18,1.0616744345069828,1,0.7291780219447406
2020-12-21,1.0568556459191243,1,0.7291780219447406
2020-12-22,1.0423992801555486,1,0.7291780219447406
2020-12-23,1.0436039773025132,1,0.7291780219447406
2020-12-24,1.0387851887146546,1,0.7291780219447406
2020-12-28,1.0399898858616192,1,0.7291780219447406
2020-12-29,1.0604697373600183,1,0.7291780219447406
2020-12-30,1.0652885259478768,1,0.7291780219447406
2021-01-04,1.1279327775900383,1,0.7291780219447406
2021-01-05,1.1267280804430737,1,0.7291780219447406
2021-01-06,1.1110670175325332,1,0.7291780219447406
2021-01-07,1.1182952004143212,1,0.7291780219447406
2021-01-08,1.108657623238604,1,0.7291780219447406
2021-01-11,1.095405954621993,1,0.7291780219447406
2021-01-12,1.0869730745932404,1,0.7291780219447406
2021-01-13,1.091791863181099,1,0.7291780219447406
2021-01-14,1.095405954621993,1,0.7291780219447406
2021-01-15,1.0857683774462759,1,0.7291780219447406
2021-01-18,1.0676979202418062,1,0.7291780219447406
2021-01-19,1.0893824688871696,1,0.7291780219447406
2021-01-20,1.0833589831523465,1,0.7291780219447406
2021-01-21,1.0893824688871696,1,0.7291780219447406
2021-01-22,1.0833589831523465,1,0.7291780219447406
2021-01-25,1.0773354974175233,1,0.7291780219447406
2021-01-26,1.0676979202418062,1,0.7291780219447406
2021-01-27,1.0689026173887708,1,0.7291780219447406
2021-01-28,1.0676979202418062,1,0.7291780219447406
2021-01-29,1.0580603430660889,1,0.7291780219447406
2021-02-01,1.0494023753744124,0,1.0494023753744124
2021-02-02,1.0494023753744124,0,1.0494023753744124
2021-02-03,1.0494023753744124,0,1.0494023753744124
2021-02-04,1.0494023753744124,0,1.0494023753744124
2021-02-05,1.0494023753744124,0,1.0494023753744124
2021-02-08,1.0494023753744124,0,1.0494023753744124
2021-02-09,1.0494023753744124,0,1.0494023753744124
2021-02-10,1.0494023753744124,0,1.0494023753744124
2021-02-15,1.0494023753744124,0,1.0494023753744124
2021-02-16,1.0494023753744124,0,1.0494023753744124
2021-02-17,1.0494023753744124,0,1.0494023753744124
2021-02-18,1.0494023753744124,0,1.0494023753744124
2021-02-19,1.0494023753744124,0,1.0494023753744124
2021-02-22,1.0494023753744124,0,1.0494023753744124
2021-02-23,1.0494023753744124,0,1.0494023753744124
2021-02-24,1.0494023753744124,0,1.0494023753744124
2021-02-25,1.0494023753744124,0,1.0494023753744124
2021-02-26,1.0494023753744124,0,1.0494023753744124
2021-03-02,1.0494023753744124,0,1.0494023753744124
2021-03-03,1.0494023753744124,0,1.0494023753744124
2021-03-04,1.0494023753744124,0,1.0494023753744124
2021-03-05,1.0494023753744124,0,1.0494023753744124
2021-03-08,1.0494023753744124,0,1.0494023753744124
2021-03-09,1.0494023753744124,0,1.0494023753744124
2021-03-10,1.0494023753744124,0,1.0494023753744124
2021-03-11,1.0494023753744124,0,1.0494023753744124
2021-03-12,1.0494023753744124,0,1.0494023753744124
2021-03-15,1.0494023753744124,0,1.0494023753744124
2021-03-16,1.0494023753744124,0,1.0494023753744124
2021-03-17,1.0494023753744124,0,1.0494023753744124
2021-03-18,1.0494023753744124,0,1.0494023753744124
2021-03-19,1.0494023753744124,0,1.0494023753744124
2021-03-22,1.0494023753744124,0,1.0494023753744124
2021-03-23,1.0494023753744124,0,1.0494023753744124
2021-03-24,1.0494023753744124,0,1.0494023753744124
2021-03-25,1.0494023753744124,0,1.0494023753744124
2021-03-26,1.0494023753744124,0,1.0494023753744124
2021-03-29,1.0494023753744124,0,1.0494023753744124
2021-03-30,1.0494023753744124,0,1.0494023753744124
2021-03-31,1.0494023753744124,0,1.0494023753744124
2021-04-01,1.0494023753744124,0,1.0494023753744124
2021-04-02,1.0494023753744124,0,1.0494023753744124
2021-04-05,1.0494023753744124,0,1.0494023753744124
2021-04-06,1.0494023753744124,0,1.0494023753744124
2021-04-07,1.0494023753744124,0,1.0494023753744124
2021-04-08,1.0494023753744124,0,1.0494023753744124
2021-04-09,1.0494023753744124,0,1.0494023753744124
2021-04-12,1.0494023753744124,0,1.0494023753744124
2021-04-13,1.0494023753744124,0,1.0494023753744124
2021-04-14,1.0494023753744124,0,1.0494023753744124
2021-04-15,1.0494023753744124,0,1.0494023753744124
2021-04-16,1.0494023753744124,0,1.0494023753744124
2021-04-19,1.0494023753744124,0,1.0494023753744124
2021-04-20,1.0494023753744124,0,1.0494023753744124
2021-04-21,1.0494023753744124,0,1.0494023753744124
2021-04-22,1.0494023753744124,0,1.0494023753744124
2021-04-23,1.0494023753744124,0,1.0494023753744124
2021-04-26,1.0494023753744124,0,1.0494023753744124
2021-04-27,1.0494023753744124,0,1.0494023753744124
2021-04-28,1.0494023753744124,0,1.0494023753744124
2021-04-29,1.0494023753744124,0,1.0494023753744124
2021-04-30,1.0494023753744124,0,1.0494023753744124
2021-05-03,1.0494023753744124,0,1.0494023753744124
2021-05-04,1.0494023753744124,0,1.0494023753744124
2021-05-06,1.0494023753744124,0,1.0494023753744124
2021-05-07,1.0494023753744124,0,1.0494023753744124
2021-05-10,1.0494023753744124,0,1.0494023753744124
2021-05-11,1.0494023753744124,0,1.0494023753744124
2021-05-12,1.0494023753744124,0,1.0494023753744124
2021-05-13,1.0494023753744124,0,1.0494023753744124
2021-05-14,1.0494023753744124,0,1.0494023753744124
2021-05-17,1.0494023753744124,0,1.0494023753744124
2021-05-18,1.0494023753744124,0,1.0494023753744124
2021-05-20,1.0494023753744124,0,1.0494023753744124
2021-05-21,1.0494023753744124,0,1.0494023753744124
2021-05-24,1.0494023753744124,0,1.0494023753744124
2021-05-25,1.0494023753744124,0,1.0494023753744124
2021-05-26,1.0494023753744124,0,1.0494023753744124
2021-05-27,1.0494023753744124,0,1.0494023753744124
2021-05-28,1.0494023753744124,0,1.0494023753744124
2021-05-31,1.0494023753744124,0,1.0494023753744124
2021-06-01,1.0494023753744124,0,1.0494023753744124
2021-06-02,1.0494023753744124,0,1.0494023753744124
2021-06-03,1.0494023753744124,0,1.0494023753744124
2021-06-04,1.0494023753744124,0,1.0494023753744124
2021-06-07,1.0494023753744124,0,1.0494023753744124
2021-06-08,1.0494023753744124,0,1.0494023753744124
2021-06-09,1.0494023753744124,0,1.0494023753744124
2021-06-10,1.0494023753744124,0,1.0494023753744124
2021-06-11,1.0494023753744124,0,1.0494023753744124
2021-06-14,1.0494023753744124,0,1.0494023753744124
2021-06-15,1.0494023753744124,0,1.0494023753744124
2021-06-16,1.0494023753744124,0,1.0494023753744124
2021-06-17,1.0494023753744124,0,1.0494023753744124
2021-06-18,1.0494023753744124,0,1.0494023753744124
2021-06-21,1.0494023753744124,0,1.0494023753744124
2021-06-22,1.0494023753744124,0,1.0494023753744124
2021-06-23,1.0494023753744124,0,1.0494023753744124
2021-06-24,1.0494023753744124,0,1.0494023753744124
2021-06-25,1.0494023753744124,0,1.0494023753744124
2021-06-28,1.0494023753744124,0,1.0494023753744124
2021-06-29,1.0494023753744124,0,1.0494023753744124
2021-06-30,1.0494023753744124,0,1.0494023753744124
2021-07-01,1.0494023753744124,0,1.0494023753744124
2021-07-02,1.0494023753744124,0,1.0494023753744124
2021-07-05,1.0494023753744124,0,1.0494023753744124
2021-07-06,1.0494023753744124,0,1.0494023753744124
2021-07-07,1.0494023753744124,0,1.0494023753744124
2021-07-08,1.0494023753744124,0,1.0494023753744124
2021-07-09,1.0494023753744124,0,1.0494023753744124
2021-07-12,1.0494023753744124,0,1.0494023753744124
2021-07-13,1.0494023753744124,0,1.0494023753744124
2021-07-14,1.0494023753744124,0,1.0494023753744124
2021-07-15,1.0494023753744124,0,1.0494023753744124
2021-07-16,1.0494023753744124,0,1.0494023753744124
2021-07-19,1.0494023753744124,0,1.0494023753744124
2021-07-20,1.0494023753744124,0,1.0494023753744124
2021-07-21,1.0494023753744124,0,1.0494023753744124
2021-07-22,1.0494023753744124,0,1.0494023753744124
2021-07-23,1.0494023753744124,0,1.0494023753744124
2021-07-26,1.0494023753744124,0,1.0494023753744124
2021-07-27,1.0494023753744124,0,1.0494023753744124
2021-07-28,1.0494023753744124,0,1.0494023753744124
2021-07-29,1.0494023753744124,0,1.0494023753744124
2021-07-30,1.0494023753744124,0,1.0494023753744124
2021-08-02,1.0494023753744124,0,1.0494023753744124
2021-08-03,1.0494023753744124,0,1.0494023753744124
2021-08-04,1.0494023753744124,0,1.0494023753744124
2021-08-05,1.0494023753744124,0,1.0494023753744124
2021-08-06,1.0494023753744124,0,1.0494023753744124
2021-08-09,1.0494023753744124,0,1.0494023753744124
2021-08-10,1.0494023753744124,0,1.0494023753744124
2021-08-11,1.0494023753744124,0,1.0494023753744124
2021-08-12,1.0494023753744124,0,1.0494023753744124
2021-08-13,1.0494023753744124,0,1.0494023753744124
2021-08-17,1.0494023753744124,0,1.0494023753744124
2021-08-18,1.0494023753744124,0,1.0494023753744124
2021-08-19,1.0494023753744124,0,1.0494023753744124
2021-08-20,1.0494023753744124,0,1.0494023753744124
2021-08-23,1.0494023753744124,0,1.0494023753744124
2021-08-24,1.0494023753744124,0,1.0494023753744124
2021-08-25,1.0494023753744124,0,1.0494023753744124
2021-08-26,1.0494023753744124,0,1.0494023753744124
2021-08-27,1.0494023753744124,0,1.0494023753744124
2021-08-30,1.0494023753744124,0,1.0494023753744124
2021-08-31,1.0494023753744124,0,1.0494023753744124
2021-09-01,1.0494023753744124,0,1.0494023753744124
2021-09-02,1.0494023753744124,0,1.0494023753744124
2021-09-03,1.0494023753744124,0,1.0494023753744124
2021-09-06,1.0494023753744124,0,1.0494023753744124
2021-09-07,1.0494023753744124,0,1.0494023753744124
2021-09-08,1.0494023753744124,0,1.0494023753744124
2021-09-09,1.0494023753744124,0,1.0494023753744124
2021-09-10,1.0494023753744124,0,1.0494023753744124
2021-09-13,1.0494023753744124,0,1.0494023753744124
2021-09-14,1.0494023753744124,0,1.0494023753744124
2021-09-15,1.0494023753744124,0,1.0494023753744124
2021-09-16,1.0494023753744124,0,1.0494023753744124
2021-09-17,1.0494023753744124,0,1.0494023753744124
2021-09-23,1.0494023753744124,0,1.0494023753744124
2021-09-24,1.0474925942833002,1,0.8395219002995299
2021-09-27,1.0620870289488278,1,0.8395219002995299
2021-09-28,1.056614115949255,1,0.8395219002995299
2021-09-29,1.0544249507494259,1,0.8395219002995299
2021-09-30,1.0496817594831294,1,0.8395219002995299
2021-10-01,1.0482223160165767,1,0.8395219002995299
2021-10-05,1.0445737073501946,1,0.8395219002995299
2021-10-06,1.0401953769505363,1,0.8395219002995299
2021-10-07,1.0544249507494259,1,0.8395219002995299
2021-10-08,1.0544249507494259,1,0.8395219002995299
2021-10-12,1.047127733416662,1,0.8395219002995299
2021-10-13,1.0500466203497676,1,0.8395219002995299
2021-10-14,1.0485871768832147,1,0.8395219002995299
2021-10-15,1.0445737073501946,1,0.8395219002995299
2021-10-18,1.0518709246829585,1,0.8395219002995299
2021-10-19,1.056614115949255,1,0.8395219002995299
2021-10-20,1.0551546724827021,1,0.8395219002995299
2021-10-21,1.0573438376825313,1,0.8395219002995299
2021-10-22,1.0555195333493403,1,0.8395219002995299
2021-10-25,1.0449385682168328,1,0.8395219002995299
2021-10-26,1.0460331508167473,1,0.8395219002995299
2021-10-27,1.0420196812837272,1,0.8395219002995299
2021-10-28,1.037641350884069,1,0.8395219002995299
2021-10-29,1.0369116291507925,1,0.8395219002995299
2021-11-01,1.035903126368239,0,1.035903126368239
2021-11-02,1.035903126368239,0,1.035903126368239
2021-11-03,1.035903126368239,0,1.035903126368239
2021-11-04,1.035903126368239,0,1.035903126368239
2021-11-05,1.035903126368239,0,1.035903126368239
2021-11-08,1.035903126368239,0,1.035903126368239
2021-11-09,1.035903126368239,0,1.035903126368239
2021-11-10,1.035903126368239,0,1.035903126368239
2021-11-11,1.035903126368239,0,1.035903126368239
2021-11-12,1.035903126368239,0,1.035903126368239
2021-11-15,1.035903126368239,0,1.035903126368239
2021-11-16,1.035903126368239,0,1.035903126368239
2021-11-17,1.035903126368239,0,1.035903126368239
2021-11-18,1.035903126368239,0,1.035903126368239
2021-11-19,1.035903126368239,0,1.035903126368239
2021-11-22,1.035903126368239,0,1.035903126368239
2021-11-23,1.035903126368239,0,1.035903126368239
2021-11-24,1.035903126368239,0,1.035903126368239
2021-11-25,1.035903126368239,0,1.035903126368239
2021-11-26,1.035903126368239,0,1.035903126368239
2021-11-29,1.035903126368239,0,1.035903126368239
2021-11-30,1.035903126368239,0,1.035903126368239
2021-12-01,1.035903126368239,0,1.035903126368239
2021-12-02,1.035903126368239,0,1.035903126368239
2021-12-03,1.035903126368239,0,1.035903126368239
2021-12-06,1.035903126368239,0,1.035903126368239
2021-12-07,1.035903126368239,0,1.035903126368239
2021-12-08,1.035903126368239,0,1.035903126368239
2021-12-09,1.035903126368239,0,1.035903126368239
2021-12-10,1.035903126368239,0,1.035903126368239
2021-12-13,1.035903126368239,0,1.035903126368239
2021-12-14,1.035903126368239,0,1.035903126368239
2021-12-15,1.035903126368239,0,1.035903126368239
2021-12-16,1.035903126368239,0,1.035903126368239
2021-12-17,1.035903126368239,0,1.035903126368239
2021-12-20,1.035903126368239,0,1.035903126368239
2021-12-21,1.035903126368239,0,1.035903126368239
2021-12-22,1.035903126368239,0,1.035903126368239
2021-12-23,1.035903126368239,0,1.035903126368239
2021-12-24,1.035903126368239,0,1.035903126368239
2021-12-27,1.035903126368239,0,1.035903126368239
2021-12-28,1.035903126368239,0,1.035903126368239
2021-12-29,1.035903126368239,0,1.035903126368239
2021-12-30,1.035903126368239,0,1.035903126368239
2022-01-03,1.035903126368239,0,1.035903126368239
2022-01-04,1.035903126368239,0,1.035903126368239
2022-01-05,1.035903126368239,0,1.035903126368239
2022-01-06,1.035903126368239,0,1.035903126368239
2022-01-07,1.035903126368239,0,1.035903126368239
2022-01-10,1.035903126368239,0,1.035903126368239
2022-01-11,1.035903126368239,0,1.035903126368239
2022-01-12,1.035903126368239,0,1.035903126368239
2022-01-13,1.035903126368239,0,1.035903126368239
2022-01-14,1.035903126368239,0,1.035903126368239
2022-01-17,1.035903126368239,0,1.035903126368239
2022-01-18,1.035903126368239,0,1.035903126368239
2022-01-19,1.035903126368239,0,1.035903126368239
2022-01-20,1.035903126368239,0,1.035903126368239
2022-01-21,1.035903126368239,0,1.035903126368239
2022-01-24,1.035903126368239,0,1.035903126368239
2022-01-25,1.035903126368239,0,1.035903126368239
2022-01-26,1.035903126368239,0,1.035903126368239
2022-01-27,1.035903126368239,0,1.035903126368239
2022-01-28,1.035903126368239,0,1.035903126368239
2022-02-03,1.035903126368239,0,1.035903126368239
2022-02-04,1.035903126368239,0,1.035903126368239
2022-02-07,1.035903126368239,0,1.035903126368239
2022-02-08,1.035903126368239,0,1.035903126368239
2022-02-09,1.035903126368239,0,1.035903126368239
2022-02-10,1.035903126368239,0,1.035903126368239
2022-02-11,1.035903126368239,0,1.035903126368239
2022-02-14,1.035903126368239,0,1.035903126368239
2022-02-15,1.035903126368239,0,1.035903126368239
2022-02-16,1.035903126368239,0,1.035903126368239
2022-02-17,1.035903126368239,0,1.035903126368239
2022-02-18,1.035903126368239,0,1.035903126368239
2022-02-21,1.035903126368239,0,1.035903126368239
2022-02-22,1.035903126368239,0,1.035903126368239
2022-02-23,1.035903126368239,0,1.035903126368239
2022-02-24,1.035903126368239,0,1.035903126368239
2022-02-25,1.035903126368239,0,1.035903126368239
2022-02-28,1.035903126368239,0,1.035903126368239
2022-03-02,1.035903126368239,0,1.035903126368239
2022-03-03,1.035903126368239,0,1.035903126368239
2022-03-04,1.035903126368239,0,1.035903126368239
2022-03-07,1.035903126368239,0,1.035903126368239
2022-03-08,1.035903126368239,0,1.035903126368239
2022-03-10,1.035903126368239,0,1.035903126368239
2022-03-11,1.035903126368239,0,1.035903126368239
2022-03-14,1.035903126368239,0,1.035903126368239
2022-03-15,1.035903126368239,0,1.035903126368239
2022-03-16,1.035903126368239,0,1.035903126368239
2022-03-17,1.035903126368239,0,1.035903126368239
2022-03-18,1.035903126368239,0,1.035903126368239
2022-03-21,1.035903126368239,0,1.035903126368239
2022-03-22,1.035903126368239,0,1.035903126368239
2022-03-23,1.035903126368239,0,1.035903126368239
2022-03-24,1.035903126368239,0,1.035903126368239
2022-03-25,1.035903126368239,0,1.035903126368239
2022-03-28,1.035903126368239,0,1.035903126368239
2022-03-29,1.035903126368239,0,1.035903126368239
2022-03-30,1.035903126368239,0,1.035903126368239
2022-03-31,1.035903126368239,0,1.035903126368239
2022-04-01,1.035903126368239,0,1.035903126368239
2022-04-04,1.035903126368239,0,1.035903126368239
2022-04-05,1.035903126368239,0,1.035903126368239
2022-04-06,1.035903126368239,0,1.035903126368239
2022-04-07,1.035903126368239,0,1.035903126368239
2022-04-08,1.035903126368239,0,1.035903126368239
2022-04-11,1.035903126368239,0,1.035903126368239
2022-04-12,1.035903126368239,0,1.035903126368239
2022-04-13,1.035903126368239,0,1.035903126368239
2022-04-14,1.035903126368239,0,1.035903126368239
2022-04-15,1.035903126368239,0,1.035903126368239
2022-04-18,1.035903126368239,0,1.035903126368239
2022-04-19,1.035903126368239,0,1.035903126368239
2022-04-20,1.035903126368239,0,1.035903126368239
2022-04-21,1.035903126368239,0,1.035903126368239
2022-04-22,1.035903126368239,0,1.035903126368239
2022-04-25,1.035903126368239,0,1.035903126368239
2022-04-26,1.035903126368239,0,1.035903126368239
2022-04-27,1.0364069124192723,1,0.8287225010945912
2022-04-28,1.034510251128636,1,0.8287225010945912
2022-04-29,1.0326135898379996,1,0.8287225010945912
2022-05-02,1.0335619204833177,1,0.8287225010945912
2022-05-03,1.028820267256727,1,0.8287225010945912
2022-05-04,1.0269236059660907,1,0.8287225010945912
2022-05-06,1.0225775283161773,0,1.0225775283161773
2022-05-09,1.0225775283161773,0,1.0225775283161773
2022-05-10,1.0225775283161773,0,1.0225775283161773
2022-05-11,1.0225775283161773,0,1.0225775283161773
2022-05-12,1.0225775283161773,0,1.0225775283161773
2022-05-13,1.0225775283161773,0,1.0225775283161773
2022-05-16,1.0225775283161773,0,1.0225775283161773
2022-05-17,1.0225775283161773,0,1.0225775283161773
2022-05-18,1.0225775283161773,0,1.0225775283161773
2022-05-19,1.0225775283161773,0,1.0225775283161773
2022-05-20,1.0225775283161773,0,1.0225775283161773
2022-05-23,1.0225775283161773,0,1.0225775283161773
2022-05-24,1.0225775283161773,0,1.0225775283161773
2022-05-25,1.0225775283161773,0,1.0225775283161773
2022-05-26,1.0225775283161773,0,1.0225775283161773
2022-05-27,1.0225775283161773,0,1.0225775283161773
2022-05-30,1.0225775283161773,0,1.0225775283161773
2022-05-31,1.0225775283161773,0,1.0225775283161773
2022-06-02,1.0225775283161773,0,1.0225775283161773
2022-06-03,1.0225775283161773,0,1.0225775283161773
2022-06-07,1.0225775283161773,0,1.0225775283161773
2022-06-08,1.0225775283161773,0,1.0225775283161773
2022-06-09,1.0225775283161773,0,1.0225775283161773
2022-06-10,1.0225775283161773,0,1.0225775283161773
2022-06-13,1.0225775283161773,0,1.0225775283161773
2022-06-14,1.0225775283161773,0,1.0225775283161773
2022-06-15,1.0225775283161773,0,1.0225775283161773
2022-06-16,1.0225775283161773,0,1.0225775283161773
2022-06-17,1.0225775283161773,0,1.0225775283161773
2022-06-20,1.0225775283161773,0,1.0225775283161773
2022-06-21,1.0225775283161773,0,1.0225775283161773
2022-06-22,1.0225775283161773,0,1.0225775283161773
2022-06-23,1.0225775283161773,0,1.0225775283161773
2022-06-24,1.0225775283161773,0,1.0225775283161773
2022-06-27,1.0225775283161773,0,1.0225775283161773
2022-06-28,1.0225775283161773,0,1.0225775283161773
2022-06-29,1.0225775283161773,0,1.0225775283161773
2022-06-30,1.0225775283161773,0,1.0225775283161773
2022-07-01,1.0225775283161773,0,1.0225775283161773
2022-07-04,1.0225775283161773,0,1.0225775283161773
2022-07-05,1.0225775283161773,0,1.0225775283161773
2022-07-06,1.0225775283161773,0,1.0225775283161773
2022-07-07,1.0225775283161773,0,1.0225775283161773
2022-07-08,1.0225775283161773,0,1.0225775283161773
2022-07-11,1.0225775283161773,0,1.0225775283161773
2022-07-12,1.0225775283161773,0,1.0225775283161773
2022-07-13,1.0225775283161773,0,1.0225775283161773
2022-07-14,1.0225775283161773,0,1.0225775283161773
2022-07-15,1.0225775283161773,0,1.0225775283161773
2022-07-18,1.0225775283161773,0,1.0225775283161773
2022-07-19,1.0225775283161773,0,1.0225775283161773
2022-07-20,1.0225775283161773,0,1.0225775283161773
2022-07-21,1.0225775283161773,0,1.0225775283161773
2022-07-22,1.0225775283161773,0,1.0225775283161773
2022-07-25,1.0225775283161773,0,1.0225775283161773
2022-07-26,1.0225775283161773,0,1.0225775283161773
2022-07-27,1.0225775283161773,0,1.0225775283161773
2022-07-28,1.0225775283161773,0,1.0225775283161773
2022-07-29,1.0225775283161773,0,1.0225775283161773
2022-08-01,1.0225775283161773,0,1.0225775283161773
2022-08-02,1.0225775283161773,0,1.0225775283161773
2022-08-03,1.0225775283161773,0,1.0225775283161773
2022-08-04,1.0198850947275233,1,0.8180620226529418
2022-08-05,1.0094233474158985,0,1.0094233474158985
2022-08-08,1.0094233474158985,0,1.0094233474158985
2022-08-09,1.0094233474158985,0,1.0094233474158985
2022-08-10,1.0094233474158985,0,1.0094233474158985
2022-08-11,1.0094233474158985,0,1.0094233474158985
2022-08-12,1.0094233474158985,0,1.0094233474158985
2022-08-16,1.0094233474158985,0,1.0094233474158985
2022-08-17,1.0094233474158985,0,1.0094233474158985
2022-08-18,1.0094233474158985,0,1.0094233474158985
2022-08-19,1.0094233474158985,0,1.0094233474158985
2022-08-22,1.0094233474158985,0,1.0094233474158985
2022-08-23,1.0094233474158985,0,1.0094233474158985
2022-08-24,1.0094233474158985,0,1.0094233474158985
2022-08-25,1.0094233474158985,0,1.0094233474158985
2022-08-26,1.0094233474158985,0,1.0094233474158985
2022-08-29,1.0094233474158985,0,1.0094233474158985
2022-08-30,1.0094233474158985,0,1.0094233474158985
2022-08-31,1.0094233474158985,0,1.0094233474158985
2022-09-01,1.0094233474158985,0,1.0094233474158985
2022-09-02,1.0094233474158985,0,1.0094233474158985
2022-09-05,1.0094233474158985,0,1.0094233474158985
2022-09-06,1.0094233474158985,0,1.0094233474158985
2022-09-07,1.0094233474158985,0,1.0094233474158985
2022-09-08,1.0094233474158985,0,1.0094233474158985
2022-09-13,1.0094233474158985,0,1.0094233474158985
2022-09-14,1.0094233474158985,0,1.0094233474158985
2022-09-15,1.0094233474158985,0,1.0094233474158985
2022-09-16,1.0094233474158985,0,1.0094233474158985
2022-09-19,1.0094233474158985,0,1.0094233474158985
2022-09-20,1.0094233474158985,0,1.0094233474158985
2022-09-21,1.0094233474158985,0,1.0094233474158985
2022-09-22,1.0094233474158985,0,1.0094233474158985
2022-09-23,1.0094233474158985,0,1.0094233474158985
2022-09-26,1.0094233474158985,0,1.0094233474158985
2022-09-27,1.0094233474158985,0,1.0094233474158985
2022-09-28,1.0094233474158985,0,1.0094233474158985
2022-09-29,1.0094233474158985,0,1.0094233474158985
2022-09-30,1.0094233474158985,0,1.0094233474158985
2022-10-04,1.0094233474158985,0,1.0094233474158985
2022-10-05,1.0094233474158985,0,1.0094233474158985
2022-10-06,1.0094233474158985,0,1.0094233474158985
2022-10-07,1.0094233474158985,0,1.0094233474158985
2022-10-11,1.0094233474158985,0,1.0094233474158985
2022-10-12,1.0094233474158985,0,1.0094233474158985
2022-10-13,1.0094233474158985,0,1.0094233474158985
2022-10-14,1.0094233474158985,0,1.0094233474158985
2022-10-17,1.0094233474158985,0,1.0094233474158985
2022-10-18,1.0094233474158985,0,1.0094233474158985
2022-10-19,1.0094233474158985,0,1.0094233474158985
2022-10-20,1.0094233474158985,0,1.0094233474158985
2022-10-21,1.0094233474158985,0,1.0094233474158985
2022-10-24,1.0094233474158985,0,1.0094233474158985
2022-10-25,1.0094233474158985,0,1.0094233474158985
2022-10-26,1.0094233474158985,0,1.0094233474158985
2022-10-27,1.0094233474158985,0,1.0094233474158985
2022-10-28,1.0094233474158985,0,1.0094233474158985
2022-10-31,1.0094233474158985,0,1.0094233474158985
2022-11-01,1.0094233474158985,0,1.0094233474158985
2022-11-02,1.0094233474158985,0,1.0094233474158985
2022-11-03,1.0094233474158985,0,1.0094233474158985
2022-11-04,1.0094233474158985,0,1.0094233474158985
2022-11-07,1.0094233474158985,0,1.0094233474158985
2022-11-08,1.0094233474158985,0,1.0094233474158985
2022-11-09,1.0094233474158985,0,1.0094233474158985
2022-11-10,1.0094233474158985,0,1.0094233474158985
2022-11-11,1.0094233474158985,0,1.0094233474158985
2022-11-14,1.0094233474158985,0,1.0094233474158985
2022-11-15,1.0094233474158985,0,1.0094233474158985
2022-11-16,1.0094233474158985,0,1.0094233474158985
2022-11-17,1.0094233474158985,0,1.0094233474158985
2022-11-18,1.0094233474158985,0,1.0094233474158985
2022-11-21,1.0094233474158985,0,1.0094233474158985
2022-11-22,1.0094233474158985,0,1.0094233474158985
2022-11-23,1.0094233474158985,0,1.0094233474158985
2022-11-24,1.0094233474158985,0,1.0094233474158985
2022-11-25,1.0094233474158985,0,1.0094233474158985
2022-11-28,1.0094233474158985,0,1.0094233474158985
2022-11-29,1.0094233474158985,0,1.0094233474158985
2022-11-30,1.0094233474158985,0,1.0094233474158985
2022-12-01,1.0094233474158985,0,1.0094233474158985
2022-12-02,1.0094233474158985,0,1.0094233474158985
2022-12-05,1.0094233474158985,0,1.0094233474158985
2022-12-06,1.0094233474158985,0,1.0094233474158985
2022-12-07,1.0094233474158985,0,1.0094233474158985
2022-12-08,1.0094233474158985,0,1.0094233474158985
2022-12-09,1.0094233474158985,0,1.0094233474158985
2022-12-12,1.0094233474158985,0,1.0094233474158985
2022-12-13,1.0094233474158985,0,1.0094233474158985
2022-12-14,1.0094233474158985,0,1.0094233474158985
2022-12-15,1.0094233474158985,0,1.0094233474158985
2022-12-16,1.0094233474158985,0,1.0094233474158985
2022-12-19,1.0094233474158985,0,1.0094233474158985
2022-12-20,1.0094233474158985,0,1.0094233474158985
2022-12-21,1.0094233474158985,0,1.0094233474158985
2022-12-22,1.0094233474158985,0,1.0094233474158985
2022-12-23,1.0094233474158985,0,1.0094233474158985
2022-12-26,1.0094233474158985,0,1.0094233474158985
2022-12-27,1.0094233474158985,0,1.0094233474158985
2022-12-28,1.0094233474158985,0,1.0094233474158985
2022-12-29,1.0094233474158985,0,1.0094233474158985
2023-01-02,1.0094233474158985,0,1.0094233474158985
2023-01-03,1.0094233474158985,0,1.0094233474158985
2023-01-04,1.0094233474158985,0,1.0094233474158985
2023-01-05,1.0094233474158985,0,1.0094233474158985
2023-01-06,1.0094233474158985,0,1.0094233474158985
2023-01-09,1.0094233474158985,0,1.0094233474158985
2023-01-10,1.0094233474158985,0,1.0094233474158985
2023-01-11,1.0094233474158985,0,1.0094233474158985
2023-01-12,1.0094233474158985,0,1.0094233474158985
2023-01-13,1.0094233474158985,0,1.0094233474158985
2023-01-16,1.0094233474158985,0,1.0094233474158985
2023-01-17,1.0094233474158985,0,1.0094233474158985
2023-01-18,1.0094233474158985,0,1.0094233474158985
2023-01-19,1.0094233474158985,0,1.0094233474158985
2023-01-20,1.0094233474158985,0,1.0094233474158985
2023-01-25,1.0094233474158985,0,1.0094233474158985
2023-01-26,1.0094233474158985,0,1.0094233474158985
2023-01-27,1.0094233474158985,0,1.0094233474158985
2023-01-30,1.0094233474158985,0,1.0094233474158985
2023-01-31,1.0094233474158985,0,1.0094233474158985
2023-02-01,1.0094233474158985,0,1.0094233474158985
2023-02-02,1.0094233474158985,0,1.0094233474158985
2023-02-03,1.0094233474158985,0,1.0094233474158985
2023-02-06,1.0094233474158985,0,1.0094233474158985
2023-02-07,1.0094233474158985,0,1.0094233474158985
2023-02-08,1.0094233474158985,0,1.0094233474158985
2023-02-09,1.0094233474158985,0,1.0094233474158985
2023-02-10,1.0094233474158985,0,1.0094233474158985
2023-02-13,1.0094233474158985,0,1.0094233474158985
2023-02-14,1.0094233474158985,0,1.0094233474158985
2023-02-15,1.0094233474158985,0,1.0094233474158985
2023-02-16,1.0094233474158985,0,1.0094233474158985
2023-02-17,1.0094233474158985,0,1.0094233474158985
2023-02-20,1.0094233474158985,0,1.0094233474158985
2023-02-21,1.0094233474158985,0,1.0094233474158985
2023-02-22,1.0094233474158985,0,1.0094233474158985
2023-02-23,1.0094233474158985,0,1.0094233474158985
2023-02-24,1.0094233474158985,0,1.0094233474158985
2023-02-27,1.0094233474158985,0,1.0094233474158985
2023-02-28,1.0094233474158985,0,1.0094233474158985
2023-03-02,1.0094233474158985,0,1.0094233474158985
2023-03-03,1.0094233474158985,0,1.0094233474158985
2023-03-06,1.0094233474158985,0,1.0094233474158985
2023-03-07,1.0094233474158985,0,1.0094233474158985
2023-03-08,1.0094233474158985,0,1.0094233474158985
2023-03-09,1.0094233474158985,0,1.0094233474158985
2023-03-10,1.0094233474158985,0,1.0094233474158985
2023-03-13,1.0094233474158985,0,1.0094233474158985
2023-03-14,1.0094233474158985,0,1.0094233474158985
2023-03-15,1.0094233474158985,0,1.0094233474158985
2023-03-16,1.0094233474158985,0,1.0094233474158985
2023-03-17,1.0094233474158985,0,1.0094233474158985
2023-03-20,1.0094233474158985,0,1.0094233474158985
2023-03-21,1.0094233474158985,0,1.0094233474158985
2023-03-22,1.0094233474158985,0,1.0094233474158985
2023-03-23,1.0094233474158985,0,1.0094233474158985
2023-03-24,1.0094233474158985,0,1.0094233474158985
2023-03-27,1.0094233474158985,0,1.0094233474158985
2023-03-28,1.0094233474158985,0,1.0094233474158985
2023-03-29,1.0094233474158985,0,1.0094233474158985
2023-03-30,1.0094233474158985,0,1.0094233474158985
2023-03-31,1.0094233474158985,0,1.0094233474158985
2023-04-03,1.0094233474158985,0,1.0094233474158985
2023-04-04,1.0094233474158985,0,1.0094233474158985
2023-04-05,1.0094233474158985,0,1.0094233474158985
2023-04-06,1.0094233474158985,0,1.0094233474158985
2023-04-07,1.0094233474158985,0,1.0094233474158985
2023-04-10,1.0094233474158985,0,1.0094233474158985
2023-04-11,1.0094233474158985,0,1.0094233474158985
2023-04-12,1.0094233474158985,0,1.0094233474158985
2023-04-13,1.0094233474158985,0,1.0094233474158985
2023-04-14,1.0094233474158985,0,1.0094233474158985
2023-04-17,1.0094233474158985,0,1.0094233474158985
2023-04-18,1.0094233474158985,0,1.0094233474158985
2023-04-19,1.0094233474158985,0,1.0094233474158985
2023-04-20,1.0094233474158985,0,1.0094233474158985
2023-04-21,1.0094233474158985,0,1.0094233474158985
2023-04-24,1.0094233474158985,0,1.0094233474158985
2023-04-25,1.0094233474158985,0,1.0094233474158985
2023-04-26,1.0094233474158985,0,1.0094233474158985
2023-04-27,1.0094233474158985,0,1.0094233474158985
2023-04-28,1.0094233474158985,0,1.0094233474158985
2023-05-02,1.0094233474158985,0,1.0094233474158985
2023-05-03,1.0094233474158985,0,1.0094233474158985
2023-05-04,1.0094233474158985,0,1.0094233474158985
2023-05-08,1.0094233474158985,0,1.0094233474158985
2023-05-09,1.0094233474158985,0,1.0094233474158985
2023-05-10,1.0094233474158985,0,1.0094233474158985
2023-05-11,1.0094233474158985,0,1.0094233474158985
2023-05-12,1.0094233474158985,0,1.0094233474158985
2023-05-15,1.0094233474158985,0,1.0094233474158985
2023-05-16,1.0094233474158985,0,1.0094233474158985
2023-05-17,1.0094233474158985,0,1.0094233474158985
2023-05-18,1.0094233474158985,0,1.0094233474158985
2023-05-19,1.0094233474158985,0,1.0094233474158985
2023-05-22,1.0094233474158985,0,1.0094233474158985
2023-05-23,1.0094233474158985,0,1.0094233474158985
2023-05-24,1.0094233474158985,0,1.0094233474158985
2023-05-25,1.0094233474158985,0,1.0094233474158985
2023-05-26,1.0094233474158985,0,1.0094233474158985
2023-05-30,1.0094233474158985,0,1.0094233474158985
2023-05-31,1.0094233474158985,0,1.0094233474158985
2023-06-01,1.0094233474158985,0,1.0094233474158985
2023-06-02,1.0108436589852565,1,0.8075386779327187
2023-06-05,1.004588121106717,1,0.8075386779327187
2023-06-07,1.0038930613424348,1,0.8075386779327187
2023-06-08,1.0117704053376328,1,0.8075386779327187
2023-06-09,1.0093376961626452,1,0.8075386779327187
2023-06-12,1.0033138448721997,1,0.8075386779327187
2023-06-13,1.0038930613424348,1,0.8075386779327187
2023-06-14,1.0031980015781525,1,0.8075386779327187
2023-06-15,1.004588121106717,1,0.8075386779327187
2023-06-16,0.9964951876926238,0,0.9964951876926238
2023-06-19,0.9964951876926238,0,0.9964951876926238
2023-06-20,0.9964951876926238,0,0.9964951876926238
2023-06-21,0.9964951876926238,0,0.9964951876926238
2023-06-22,0.9964951876926238,0,0.9964951876926238
2023-06-23,0.9964951876926238,0,0.9964951876926238
2023-06-26,0.9964951876926238,0,0.9964951876926238
2023-06-27,0.9964951876926238,0,0.9964951876926238
2023-06-28,0.9964951876926238,0,0.9964951876926238
2023-06-29,0.9964951876926238,0,0.9964951876926238
2023-06-30,0.9964951876926238,0,0.9964951876926238
2023-07-03,0.9964951876926238,0,0.9964951876926238
2023-07-04,0.9964951876926238,0,0.9964951876926238
2023-07-05,0.9964951876926238,0,0.9964951876926238
2023-07-06,0.9964951876926238,0,0.9964951876926238
2023-07-07,0.9964951876926238,0,0.9964951876926238
2023-07-10,0.9964951876926238,0,0.9964951876926238
2023-07-11,0.9964951876926238,0,0.9964951876926238
2023-07-12,0.9964951876926238,0,0.9964951876926238
2023-07-13,0.9964951876926238,0,0.9964951876926238
2023-07-14,0.9964951876926238,0,0.9964951876926238
2023-07-17,0.9964951876926238,0,0.9964951876926238
2023-07-18,0.9964951876926238,0,0.9964951876926238
2023-07-19,0.9964951876926238,0,0.9964951876926238
2023-07-20,0.9964951876926238,0,0.9964951876926238
2023-07-21,0.9964951876926238,0,0.9964951876926238
2023-07-24,0.9964951876926238,0,0.9964951876926238
2023-07-25,0.9964951876926238,0,0.9964951876926238
2023-07-26,0.9964951876926238,0,0.9964951876926238
2023-07-27,0.9964951876926238,0,0.9964951876926238
2023-07-28,0.9964951876926238,0,0.9964951876926238
2023-07-31,0.9964951876926238,0,0.9964951876926238
2023-08-01,0.9964951876926238,0,0.9964951876926238
2023-08-02,0.9964951876926238,0,0.9964951876926238
2023-08-03,0.9964951876926238,0,0.9964951876926238
2023-08-04,0.9964951876926238,0,0.9964951876926238
2023-08-07,0.9964951876926238,0,0.9964951876926238
2023-08-08,0.9964951876926238,0,0.9964951876926238
2023-08-09,0.9964951876926238,0,0.9964951876926238
2023-08-10,0.9964951876926238,0,0.9964951876926238
2023-08-11,0.9964951876926238,0,0.9964951876926238
2023-08-14,0.9964951876926238,0,0.9964951876926238
2023-08-16,0.9964951876926238,0,0.9964951876926238
2023-08-17,0.9964951876926238,0,0.9964951876926238
2023-08-18,0.9964951876926238,0,0.9964951876926238
2023-08-21,0.9964951876926238,0,0.9964951876926238
2023-08-22,0.9964951876926238,0,0.9964951876926238
2023-08-23,0.9964951876926238,0,0.9964951876926238
2023-08-24,0.9964951876926238,0,0.9964951876926238
2023-08-25,0.9964951876926238,0,0.9964951876926238
2023-08-28,0.9964951876926238,0,0.9964951876926238
2023-08-29,0.9964951876926238,0,0.9964951876926238
2023-08-30,0.9964951876926238,0,0.9964951876926238
2023-08-31,0.9964951876926238,0,0.9964951876926238
2023-09-01,0.9964951876926238,0,0.9964951876926238
2023-09-04,0.9964951876926238,0,0.9964951876926238
2023-09-05,0.9964951876926238,0,0.9964951876926238
2023-09-06,0.9964951876926238,0,0.9964951876926238
2023-09-07,0.9964951876926238,0,0.9964951876926238
2023-09-08,0.9964951876926238,0,0.9964951876926238
2023-09-11,0.9964951876926238,0,0.9964951876926238
2023-09-12,0.9964951876926238,0,0.9964951876926238
2023-09-13,0.9964951876926238,0,0.9964951876926238
2023-09-14,0.9964951876926238,0,0.9964951876926238
2023-09-15,0.9964951876926238,0,0.9964951876926238
2023-09-18,0.9964951876926238,0,0.9964951876926238
2023-09-19,0.9964951876926238,0,0.9964951876926238
2023-09-20,0.9964951876926238,0,0.9964951876926238
2023-09-21,0.9964951876926238,0,0.9964951876926238
2023-09-22,0.9964951876926238,0,0.9964951876926238
2023-09-25,0.9964951876926238,0,0.9964951876926238
2023-09-26,0.9964951876926238,0,0.9964951876926238
2023-09-27,0.9964951876926238,0,0.9964951876926238
2023-10-04,0.9964951876926238,0,0.9964951876926238
2023-10-05,0.9964951876926238,0,0.9964951876926238
2023-10-06,0.9964951876926238,0,0.9964951876926238
2023-10-10,0.9964951876926238,0,0.9964951876926238
2023-10-11,0.9964951876926238,0,0.9964951876926238
2023-10-12,0.9964951876926238,0,0.9964951876926238
2023-10-13,0.9964951876926238,0,0.9964951876926238
2023-10-16,0.9964951876926238,0,0.9964951876926238
2023-10-17,0.9964951876926238,0,0.9964951876926238
2023-10-18,0.9964951876926238,0,0.9964951876926238
2023-10-19,0.9964951876926238,0,0.9964951876926238
2023-10-20,0.9964951876926238,0,0.9964951876926238
2023-10-23,0.9964951876926238,0,0.9964951876926238
2023-10-24,0.9964951876926238,0,0.9964951876926238
2023-10-25,0.9964951876926238,0,0.9964951876926238
2023-10-26,0.9964951876926238,0,0.9964951876926238
2023-10-27,0.9964951876926238,0,0.9964951876926238
2023-10-30,0.9964951876926238,0,0.9964951876926238
2023-10-31,0.9964951876926238,0,0.9964951876926238
2023-11-01,0.9964951876926238,0,0.9964951876926238
2023-11-02,0.9964951876926238,0,0.9964951876926238
2023-11-03,0.9964951876926238,0,0.9964951876926238
2023-11-06,0.9964951876926238,0,0.9964951876926238
2023-11-07,0.9964951876926238,0,0.9964951876926238
2023-11-08,0.9964951876926238,0,0.9964951876926238
2023-11-09,0.9964951876926238,0,0.9964951876926238
2023-11-10,0.9964951876926238,0,0.9964951876926238
2023-11-13,0.9964951876926238,0,0.9964951876926238
2023-11-14,0.9964951876926238,0,0.9964951876926238
2023-11-15,0.9964951876926238,0,0.9964951876926238
2023-11-16,0.9964951876926238,0,0.9964951876926238
2023-11-17,0.9964951876926238,0,0.9964951876926238
2023-11-20,0.9964951876926238,0,0.9964951876926238
2023-11-21,0.9964951876926238,0,0.9964951876926238
2023-11-22,0.9964951876926238,0,0.9964951876926238
2023-11-23,0.9964951876926238,0,0.9964951876926238
2023-11-24,0.9964951876926238,0,0.9964951876926238
2023-11-27,0.9964951876926238,0,0.9964951876926238
2023-11-28,0.9964951876926238,0,0.9964951876926238
2023-11-29,0.9964951876926238,0,0.9964951876926238
2023-11-30,0.9964951876926238,0,0.9964951876926238
2023-12-01,0.9964951876926238,0,0.9964951876926238
2023-12-04,0.9964951876926238,0,0.9964951876926238
2023-12-05,0.9964951876926238,0,0.9964951876926238
2023-12-06,0.9964951876926238,0,0.9964951876926238
2023-12-07,0.9964951876926238,0,0.9964951876926238
2023-12-08,0.9964951876926238,0,0.9964951876926238
2023-12-11,0.9964951876926238,0,0.9964951876926238
2023-12-12,0.9964951876926238,0,0.9964951876926238
2023-12-13,0.9964951876926238,0,0.9964951876926238
2023-12-14,0.9964951876926238,0,0.9964951876926238
2023-12-15,0.9964951876926238,0,0.9964951876926238
2023-12-18,0.9964951876926238,0,0.9964951876926238
2023-12-19,0.9964951876926238,0,0.9964951876926238
2023-12-20,0.9964951876926238,0,0.9964951876926238
2023-12-21,0.9964951876926238,0,0.9964951876926238
2023-12-22,0.9964951876926238,0,0.9964951876926238
2023-12-26,0.9964951876926238,0,0.9964951876926238
2023-12-27,1.0023931771485028,1,0.797196150154099
2023-12-28,0.9991532240906965,1,0.797196150154099
2024-01-02,0.995758987553947,1,0.797196150154099
2024-01-03,0.9971475388644354,1,0.797196150154099
2024-01-04,0.9912847666645953,1,0.797196150154099
2024-01-05,0.9903590657909364,1,0.797196150154099
2024-01-08,0.9837699926678263,0,0.9837699926678263
2024-01-09,0.9837699926678263,0,0.9837699926678263
2024-01-10,0.9837699926678263,0,0.9837699926678263
2024-01-11,0.9837699926678263,0,0.9837699926678263
2024-01-12,0.9837699926678263,0,0.9837699926678263
2024-01-15,0.9837699926678263,0,0.9837699926678263
2024-01-16,0.9837699926678263,0,0.9837699926678263
2024-01-17,0.9837699926678263,0,0.9837699926678263
2024-01-18,0.9837699926678263,0,0.9837699926678263
2024-01-19,0.9837699926678263,0,0.9837699926678263
2024-01-22,0.9837699926678263,0,0.9837699926678263
2024-01-23,0.9837699926678263,0,0.9837699926678263
2024-01-24,0.9837699926678263,0,0.9837699926678263
2024-01-25,0.9837699926678263,0,0.9837699926678263
2024-01-26,0.9837699926678263,0,0.9837699926678263
2024-01-29,0.9837699926678263,0,0.9837699926678263
2024-01-30,0.9837699926678263,0,0.9837699926678263
2024-01-31,0.9837699926678263,0,0.9837699926678263
2024-02-01,0.9837699926678263,0,0.9837699926678263
2024-02-02,0.9837699926678263,0,0.9837699926678263
2024-02-05,0.9837699926678263,0,0.9837699926678263
2024-02-06,0.9837699926678263,0,0.9837699926678263
2024-02-07,0.9837699926678263,0,0.9837699926678263
2024-02-08,0.9837699926678263,0,0.9837699926678263
2024-02-13,0.9837699926678263,0,0.9837699926678263
2024-02-14,0.9837699926678263,0,0.9837699926678263
2024-02-15,0.9837699926678263,0,0.9837699926678263
2024-02-16,0.9837699926678263,0,0.9837699926678263
2024-02-19,0.9837699926678263,0,0.9837699926678263
2024-02-20,0.9837699926678263,0,0.9837699926678263
2024-02-21,0.9837699926678263,0,0.9837699926678263
2024-02-22,0.9837699926678263,0,0.9837699926678263
2024-02-23,0.9837699926678263,0,0.9837699926678263
2024-02-26,0.9837699926678263,0,0.9837699926678263
2024-02-27,0.9837699926678263,0,0.9837699926678263
2024-02-28,0.9837699926678263,0,0.9837699926678263
2024-02-29,0.9837699926678263,0,0.9837699926678263
2024-03-04,0.9837699926678263,0,0.9837699926678263
2024-03-05,0.9837699926678263,0,0.9837699926678263
2024-03-06,0.9837699926678263,0,0.9837699926678263
2024-03-07,0.9837699926678263,0,0.9837699926678263
2024-03-08,0.9837699926678263,0,0.9837699926678263
2024-03-11,0.9837699926678263,0,0.9837699926678263
2024-03-12,0.9837699926678263,0,0.9837699926678263
2024-03-13,0.9837699926678263,0,0.9837699926678263
2024-03-14,0.9837699926678263,0,0.9837699926678263
2024-03-15,0.9837699926678263,0,0.9837699926678263
2024-03-18,0.9837699926678263,0,0.9837699926678263
2024-03-19,0.9837699926678263,0,0.9837699926678263
2024-03-20,0.9837699926678263,0,0.9837699926678263
2024-03-21,0.9837699926678263,0,0.9837699926678263
2024-03-22,0.9837699926678263,0,0.9837699926678263
2024-03-25,0.9837699926678263,0,0.9837699926678263
2024-03-26,0.9837699926678263,0,0.9837699926678263
2024-03-27,0.9837699926678263,0,0.9837699926678263
2024-03-28,0.9837699926678263,0,0.9837699926678263
2024-03-29,0.9837699926678263,0,0.9837699926678263
2024-04-01,0.9837699926678263,0,0.9837699926678263
2024-04-02,0.9837699926678263,0,0.9837699926678263
2024-04-03,0.9837699926678263,0,0.9837699926678263
2024-04-04,0.9837699926678263,0,0.9837699926678263
2024-04-05,0.9837699926678263,0,0.9837699926678263
2024-04-08,0.9837699926678263,0,0.9837699926678263
2024-04-09,0.9837699926678263,0,0.9837699926678263
2024-04-11,0.9837699926678263,0,0.9837699926678263
2024-04-12,0.9837699926678263,0,0.9837699926678263
2024-04-15,0.9837699926678263,0,0.9837699926678263
2024-04-16,0.9837699926678263,0,0.9837699926678263
2024-04-17,0.9837699926678263,0,0.9837699926678263
2024-04-18,0.9837699926678263,0,0.9837699926678263
2024-04-19,0.9837699926678263,0,0.9837699926678263
2024-04-22,0.9837699926678263,0,0.9837699926678263
2024-04-23,0.9837699926678263,0,0.9837699926678263
2024-04-24,0.9837699926678263,0,0.9837699926678263
2024-04-25,0.9837699926678263,0,0.9837699926678263
2024-04-26,0.9837699926678263,0,0.9837699926678263
2024-04-29,0.9837699926678263,0,0.9837699926678263
2024-04-30,0.9837699926678263,0,0.9837699926678263
2024-05-02,0.9837699926678263,0,0.9837699926678263
2024-05-03,0.9837699926678263,0,0.9837699926678263
2024-05-07,0.9837699926678263,0,0.9837699926678263
2024-05-08,0.9837699926678263,0,0.9837699926678263
2024-05-09,0.9837699926678263,0,0.9837699926678263
2024-05-10,0.9837699926678263,0,0.9837699926678263
2024-05-13,0.9837699926678263,0,0.9837699926678263
2024-05-14,0.9837699926678263,0,0.9837699926678263
2024-05-16,0.9837699926678263,0,0.9837699926678263
2024-05-17,0.9837699926678263,0,0.9837699926678263
2024-05-20,0.9837699926678263,0,0.9837699926678263
2024-05-21,0.9837699926678263,0,0.9837699926678263
2024-05-22,0.9837699926678263,0,0.9837699926678263
2024-05-23,0.9837699926678263,0,0.9837699926678263
2024-05-24,0.9837699926678263,0,0.9837699926678263
2024-05-27,0.9837699926678263,0,0.9837699926678263
2024-05-28,0.9837699926678263,0,0.9837699926678263
2024-05-29,0.9837699926678263,0,0.9837699926678263
2024-05-30,0.9837699926678263,0,0.9837699926678263
2024-05-31,0.9837699926678263,0,0.9837699926678263
2024-06-03,0.9837699926678263,0,0.9837699926678263
2024-06-04,0.9837699926678263,0,0.9837699926678263
2024-06-05,0.9837699926678263,0,0.9837699926678263
2024-06-07,0.9837699926678263,0,0.9837699926678263
2024-06-10,0.9837699926678263,0,0.9837699926678263
2024-06-11,0.9837699926678263,0,0.9837699926678263
2024-06-12,0.9837699926678263,0,0.9837699926678263
2024-06-13,0.9837699926678263,0,0.9837699926678263
2024-06-14,0.9837699926678263,0,0.9837699926678263
2024-06-17,0.9837699926678263,0,0.9837699926678263
2024-06-18,0.9837699926678263,0,0.9837699926678263
2024-06-19,0.9837699926678263,0,0.9837699926678263
2024-06-20,0.9837699926678263,0,0.9837699926678263
2024-06-21,0.9837699926678263,0,0.9837699926678263
2024-06-24,0.9837699926678263,0,0.9837699926678263
2024-06-25,0.9837699926678263,0,0.9837699926678263
2024-06-26,0.9837699926678263,0,0.9837699926678263
2024-06-27,0.9837699926678263,0,0.9837699926678263
2024-06-28,0.9837699926678263,0,0.9837699926678263
2024-07-01,0.9837699926678263,0,0.9837699926678263
2024-07-02,0.9837699926678263,0,0.9837699926678263
2024-07-03,0.9837699926678263,0,0.9837699926678263
2024-07-04,0.9837699926678263,0,0.9837699926678263
2024-07-05,0.9837699926678263,0,0.9837699926678263
2024-07-08,0.9837699926678263,0,0.9837699926678263
2024-07-09,0.9837699926678263,0,0.9837699926678263
2024-07-10,0.9837699926678263,0,0.9837699926678263
2024-07-11,0.9837699926678263,0,0.9837699926678263
2024-07-12,0.9837699926678263,0,0.9837699926678263
2024-07-15,0.9837699926678263,0,0.9837699926678263
2024-07-16,0.9837699926678263,0,0.9837699926678263
2024-07-17,0.9837699926678263,0,0.9837699926678263
2024-07-18,0.9837699926678263,0,0.9837699926678263
2024-07-19,0.9837699926678263,0,0.9837699926678263
2024-07-22,0.9837699926678263,0,0.9837699926678263
2024-07-23,0.9837699926678263,0,0.9837699926678263
2024-07-24,0.9837699926678263,0,0.9837699926678263
2024-07-25,0.9837699926678263,0,0.9837699926678263
2024-07-26,0.9837699926678263,0,0.9837699926678263
2024-07-29,0.9837699926678263,0,0.9837699926678263
2024-07-30,0.9837699926678263,0,0.9837699926678263
2024-07-31,0.9837699926678263,0,0.9837699926678263
2024-08-01,0.9837699926678263,0,0.9837699926678263
2024-08-02,0.9837699926678263,0,0.9837699926678263
2024-08-05,0.9837699926678263,0,0.9837699926678263
2024-08-06,0.9837699926678263,0,0.9837699926678263
2024-08-07,0.9837699926678263,0,0.9837699926678263
2024-08-08,0.9837699926678263,0,0.9837699926678263
2024-08-09,0.9837699926678263,0,0.9837699926678263
2024-08-12,0.9837699926678263,0,0.9837699926678263
2024-08-13,0.9837699926678263,0,0.9837699926678263
2024-08-14,0.9837699926678263,0,0.9837699926678263
2024-08-16,0.9837699926678263,0,0.9837699926678263
2024-08-19,0.9837699926678263,0,0.9837699926678263
2024-08-20,0.9837699926678263,0,0.9837699926678263
2024-08-21,0.9837699926678263,0,0.9837699926678263
2024-08-22,0.9837699926678263,0,0.9837699926678263
2024-08-23,0.9837699926678263,0,0.9837699926678263
2024-08-26,0.9837699926678263,0,0.9837699926678263
2024-08-27,0.9837699926678263,0,0.9837699926678263
2024-08-28,0.9837699926678263,0,0.9837699926678263
2024-08-29,0.9837699926678263,0,0.9837699926678263
2024-08-30,0.9837699926678263,0,0.9837699926678263
2024-09-02,0.9837699926678263,0,0.9837699926678263
2024-09-03,0.9837699926678263,0,0.9837699926678263
2024-09-04,0.9837699926678263,0,0.9837699926678263
2024-09-05,0.9837699926678263,0,0.9837699926678263
2024-09-06,0.9837699926678263,0,0.9837699926678263
2024-09-09,0.9837699926678263,0,0.9837699926678263
2024-09-10,0.9837699926678263,0,0.9837699926678263
2024-09-11,0.9837699926678263,0,0.9837699926678263
2024-09-12,0.9837699926678263,0,0.9837699926678263
2024-09-13,0.9837699926678263,0,0.9837699926678263
2024-09-19,0.9837699926678263,0,0.9837699926678263
2024-09-20,0.9837699926678263,0,0.9837699926678263
2024-09-23,0.9837699926678263,0,0.9837699926678263
2024-09-24,0.9837699926678263,0,0.9837699926678263
2024-09-25,0.9837699926678263,0,0.9837699926678263
2024-09-26,0.9837699926678263,0,0.9837699926678263
2024-09-27,0.9837699926678263,0,0.9837699926678263
2024-09-30,0.9837699926678263,0,0.9837699926678263
2024-10-02,0.9837699926678263,0,0.9837699926678263
2024-10-04,0.9837699926678263,0,0.9837699926678263
2024-10-07,0.9837699926678263,0,0.9837699926678263
2024-10-08,0.9837699926678263,0,0.9837699926678263
2024-10-10,0.9837699926678263,0,0.9837699926678263
2024-10-11,0.9837699926678263,0,0.9837699926678263
2024-10-14,0.9837699926678263,0,0.9837699926678263
2024-10-15,0.9837699926678263,0,0.9837699926678263
2024-10-16,0.9837699926678263,0,0.9837699926678263
2024-10-17,0.9837699926678263,0,0.9837699926678263
2024-10-18,0.9837699926678263,0,0.9837699926678263
2024-10-21,0.9837699926678263,0,0.9837699926678263
2024-10-22,0.9837699926678263,0,0.9837699926678263
2024-10-23,0.9837699926678263,0,0.9837699926678263
2024-10-24,0.9837699926678263,0,0.9837699926678263
2024-10-25,0.9837699926678263,0,0.9837699926678263
2024-10-28,0.9837699926678263,0,0.9837699926678263
2024-10-29,0.9837699926678263,0,0.9837699926678263
2024-10-30,0.9837699926678263,0,0.9837699926678263
2024-10-31,0.9837699926678263,0,0.9837699926678263
2024-11-01,0.9837699926678263,0,0.9837699926678263
2024-11-04,0.9837699926678263,0,0.9837699926678263
2024-11-05,0.9837699926678263,0,0.9837699926678263
2024-11-06,0.9837699926678263,0,0.9837699926678263
2024-11-07,0.9837699926678263,0,0.9837699926678263
2024-11-08,0.9837699926678263,0,0.9837699926678263
2024-11-11,0.9837699926678263,0,0.9837699926678263
2024-11-12,0.9837699926678263,0,0.9837699926678263
2024-11-13,0.9837699926678263,0,0.9837699926678263
2024-11-14,0.9837699926678263,0,0.9837699926678263
2024-11-15,0.9837699926678263,0,0.9837699926678263
2024-11-18,0.9837699926678263,0,0.9837699926678263
2024-11-19,0.9837699926678263,0,0.9837699926678263
2024-11-20,0.9837699926678263,0,0.9837699926678263
2024-11-21,0.9837699926678263,0,0.9837699926678263
2024-11-22,0.9837699926678263,0,0.9837699926678263
2024-11-25,0.9837699926678263,0,0.9837699926678263
2024-11-26,0.9837699926678263,0,0.9837699926678263
2024-11-27,0.9837699926678263,0,0.9837699926678263
2024-11-28,0.9837699926678263,0,0.9837699926678263
2024-11-29,0.9837699926678263,0,0.9837699926678263
2024-12-02,0.9837699926678263,0,0.9837699926678263
2024-12-03,0.9837699926678263,0,0.9837699926678263
2024-12-04,0.9837699926678263,0,0.9837699926678263
2024-12-05,0.9837699926678263,0,0.9837699926678263
2024-12-06,0.9837699926678263,0,0.9837699926678263
2024-12-09,0.9837699926678263,0,0.9837699926678263
2024-12-10,0.9837699926678263,0,0.9837699926678263
2024-12-11,0.9837699926678263,0,0.9837699926678263
2024-12-12,0.9837699926678263,0,0.9837699926678263
2024-12-13,0.9837699926678263,0,0.9837699926678263
2024-12-16,0.9837699926678263,0,0.9837699926678263
2024-12-17,0.9837699926678263,0,0.9837699926678263
2024-12-18,0.9837699926678263,0,0.9837699926678263
2024-12-19,0.9837699926678263,0,0.9837699926678263
2024-12-20,0.9837699926678263,0,0.9837699926678263
2024-12-23,0.9837699926678263,0,0.9837699926678263
2024-12-24,0.9837699926678263,0,0.9837699926678263
2024-12-26,0.9837699926678263,0,0.9837699926678263
2024-12-27,0.9837699926678263,0,0.9837699926678263
2024-12-30,0.9837699926678263,0,0.9837699926678263
2025-01-02,0.9837699926678263,0,0.9837699926678263
2025-01-03,0.9837699926678263,0,0.9837699926678263
2025-01-06,0.9837699926678263,0,0.9837699926678263
2025-01-07,0.9837699926678263,0,0.9837699926678263
2025-01-08,0.9837699926678263,0,0.9837699926678263
2025-01-09,0.9837699926678263,0,0.9837699926678263
2025-01-10,0.9837699926678263,0,0.9837699926678263
2025-01-13,0.9837699926678263,0,0.9837699926678263
2025-01-14,0.9837699926678263,0,0.9837699926678263
2025-01-15,0.9837699926678263,0,0.9837699926678263
2025-01-16,0.9837699926678263,0,0.9837699926678263
2025-01-17,0.9837699926678263,0,0.9837699926678263
2025-01-20,0.9837699926678263,0,0.9837699926678263
2025-01-21,0.9837699926678263,0,0.9837699926678263
2025-01-22,0.9837699926678263,0,0.9837699926678263
2025-01-23,0.9837699926678263,0,0.9837699926678263
2025-01-24,0.9837699926678263,0,0.9837699926678263
2025-01-31,0.9837699926678263,0,0.9837699926678263
2025-02-03,0.9837699926678263,0,0.9837699926678263
2025-02-04,0.9837699926678263,0,0.9837699926678263
2025-02-05,0.9837699926678263,0,0.9837699926678263
2025-02-06,0.9837699926678263,0,0.9837699926678263
2025-02-07,0.9837699926678263,0,0.9837699926678263
2025-02-10,0.9837699926678263,0,0.9837699926678263
2025-02-11,0.9837699926678263,0,0.9837699926678263
2025-02-12,0.9837699926678263,0,0.9837699926678263
2025-02-13,0.9837699926678263,0,0.9837699926678263
2025-02-14,0.9837699926678263,0,0.9837699926678263
2025-02-17,0.9837699926678263,0,0.9837699926678263
2025-02-18,0.9837699926678263,0,0.9837699926678263
2025-02-19,0.9837699926678263,0,0.9837699926678263
2025-02-20,0.9837699926678263,0,0.9837699926678263
2025-02-21,0.9837699926678263,0,0.9837699926678263
2025-02-24,0.9837699926678263,0,0.9837699926678263
2025-02-25,0.9837699926678263,0,0.9837699926678263
2025-02-26,0.9837699926678263,0,0.9837699926678263
2025-02-27,0.9837699926678263,0,0.9837699926678263
2025-02-28,0.9837699926678263,0,0.9837699926678263
2025-03-04,0.9837699926678263,0,0.9837699926678263
2025-03-05,0.9837699926678263,0,0.9837699926678263
2025-03-06,0.9837699926678263,0,0.9837699926678263
2025-03-07,0.9837699926678263,0,0.9837699926678263
2025-03-10,0.9837699926678263,0,0.9837699926678263
2025-03-11,0.9837699926678263,0,0.9837699926678263
2025-03-12,0.9837699926678263,0,0.9837699926678263
2025-03-13,0.9837699926678263,0,0.9837699926678263
2025-03-14,0.9837699926678263,0,0.9837699926678263
2025-03-17,0.9837699926678263,0,0.9837699926678263
2025-03-18,0.9837699926678263,0,0.9837699926678263
2025-03-19,0.9837699926678263,0,0.9837699926678263
2025-03-20,0.9837699926678263,0,0.9837699926678263
2025-03-21,0.9837699926678263,0,0.9837699926678263
2025-03-24,0.9837699926678263,0,0.9837699926678263
2025-03-25,0.9837699926678263,0,0.9837699926678263
2025-03-26,0.9837699926678263,0,0.9837699926678263
2025-03-27,0.9837699926678263,0,0.9837699926678263
2025-03-28,0.9837699926678263,0,0.9837699926678263
2025-03-31,0.9837699926678263,0,0.9837699926678263
2025-04-01,0.9837699926678263,0,0.9837699926678263
2025-04-02,0.9837699926678263,0,0.9837699926678263
2025-04-03,0.9837699926678263,0,0.9837699926678263
2025-04-04,0.9837699926678263,0,0.9837699926678263
2025-04-07,0.9837699926678263,0,0.9837699926678263
2025-04-08,0.9837699926678263,0,0.9837699926678263
2025-04-09,0.9837699926678263,0,0.9837699926678263
2025-04-10,0.9837699926678263,0,0.9837699926678263
2025-04-11,0.9837699926678263,0,0.9837699926678263
2025-04-14,0.9837699926678263,0,0.9837699926678263
2025-04-15,0.9837699926678263,0,0.9837699926678263
2025-04-16,0.9837699926678263,0,0.9837699926678263
2025-04-17,0.9837699926678263,0,0.9837699926678263
2025-04-18,0.9837699926678263,0,0.9837699926678263
2025-04-21,0.9837699926678263,0,0.9837699926678263
2025-04-22,0.9837699926678263,0,0.9837699926678263
2025-04-23,0.9837699926678263,0,0.9837699926678263
2025-04-24,0.9837699926678263,0,0.9837699926678263
2025-04-25,0.9837699926678263,0,0.9837699926678263
2025-04-28,0.9837699926678263,0,0.9837699926678263
2025-04-29,0.9837699926678263,0,0.9837699926678263
2025-04-30,0.9837699926678263,0,0.9837699926678263
2025-05-02,0.9837699926678263,0,0.9837699926678263
2025-05-07,0.9837699926678263,0,0.9837699926678263
2025-05-08,0.9837699926678263,0,0.9837699926678263
2025-05-09,0.9837699926678263,0,0.9837699926678263
2025-05-12,0.9837699926678263,0,0.9837699926678263
2025-05-13,0.9837699926678263,0,0.9837699926678263
2025-05-14,0.9837699926678263,0,0.9837699926678263
2025-05-15,0.9837699926678263,0,0.9837699926678263
2025-05-16,0.9837699926678263,0,0.9837699926678263
2025-05-19,0.9837699926678263,0,0.9837699926678263
2025-05-20,0.9837699926678263,0,0.9837699926678263
2025-05-21,0.9837699926678263,0,0.9837699926678263
2025-05-22,0.9837699926678263,0,0.9837699926678263
2025-05-23,0.9837699926678263,0,0.9837699926678263
2025-05-26,0.9837699926678263,0,0.9837699926678263
2025-05-27,0.9837699926678263,0,0.9837699926678263
2025-05-28,0.9837699926678263,0,0.9837699926678263
2025-05-29,0.9837699926678263,0,0.9837699926678263
2025-05-30,0.9837699926678263,0,0.9837699926678263
2025-06-02,0.9837699926678263,0,0.9837699926678263
2025-06-04,0.9837699926678263,0,0.9837699926678263
2025-06-05,0.9837699926678263,0,0.9837699926678263
2025-06-09,0.9837699926678263,0,0.9837699926678263
2025-06-10,0.9837699926678263,0,0.9837699926678263
2025-06-11,0.9837699926678263,0,0.9837699926678263
2025-06-12,0.9837699926678263,0,0.9837699926678263
2025-06-13,0.9837699926678263,0,0.9837699926678263
2025-06-16,0.9837699926678263,0,0.9837699926678263
2025-06-17,0.9837699926678263,0,0.9837699926678263
2025-06-18,0.9837699926678263,0,0.9837699926678263
2025-06-19,0.9837699926678263,0,0.9837699926678263
2025-06-20,0.9837699926678263,0,0.9837699926678263
2025-06-23,0.9837699926678263,0,0.9837699926678263
2025-06-24,0.9837699926678263,0,0.9837699926678263
2025-06-25,0.9837699926678263,0,0.9837699926678263
2025-06-26,0.9837699926678263,0,0.9837699926678263
2025-06-27,0.9837699926678263,0,0.9837699926678263
2025-06-30,0.9837699926678263,0,0.9837699926678263
2025-07-01,0.9837699926678263,0,0.9837699926678263
2025-07-02,0.9837699926678263,0,0.9837699926678263
2025-07-03,0.9837699926678263,0,0.9837699926678263
2025-07-04,0.9837699926678263,0,0.9837699926678263
2025-07-07,0.9837699926678263,0,0.9837699926678263
2025-07-08,0.9837699926678263,0,0.9837699926678263
2025-07-09,0.9837699926678263,0,0.9837699926678263
2025-07-10,0.9837699926678263,0,0.9837699926678263
2025-07-11,0.9837699926678263,0,0.9837699926678263
2025-07-14,0.9837699926678263,0,0.9837699926678263
2025-07-15,0.9837699926678263,0,0.9837699926678263
2025-07-16,0.9837699926678263,0,0.9837699926678263
2025-07-17,0.9837699926678263,0,0.9837699926678263
2025-07-18,0.9837699926678263,0,0.9837699926678263
2025-07-21,0.9837699926678263,0,0.9837699926678263
2025-07-22,0.9837699926678263,0,0.9837699926678263
2025-07-23,0.9837699926678263,0,0.9837699926678263
2025-07-24,0.9837699926678263,0,0.9837699926678263
2025-07-25,0.9837699926678263,0,0.9837699926678263
2025-07-28,0.9837699926678263,0,0.9837699926678263
2025-07-29,0.9837699926678263,0,0.9837699926678263
2025-07-30,0.9837699926678263,0,0.9837699926678263
2025-07-31,0.9837699926678263,0,0.9837699926678263
2025-08-01,0.9837699926678263,0,0.9837699926678263
2025-08-04,0.9837699926678263,0,0.9837699926678263
2025-08-05,0.9837699926678263,0,0.9837699926678263
2025-08-06,0.9837699926678263,0,0.9837699926678263
2025-08-07,0.9837699926678263,0,0.9837699926678263
2025-08-08,0.9837699926678263,0,0.9837699926678263
2025-08-11,0.9837699926678263,0,0.9837699926678263
2025-08-12,0.9837699926678263,0,0.9837699926678263
2025-08-13,0.9837699926678263,0,0.9837699926678263
2025-08-14,0.9837699926678263,0,0.9837699926678263
2025-08-18,0.9837699926678263,0,0.9837699926678263
2025-08-19,0.9837699926678263,0,0.9837699926678263
2025-08-20,0.9837699926678263,0,0.9837699926678263
2025-08-21,0.9837699926678263,0,0.9837699926678263
2025-08-22,0.9837699926678263,0,0.9837699926678263
2025-08-25,0.9837699926678263,0,0.9837699926678263
2025-08-26,0.9837699926678263,0,0.9837699926678263
2025-08-27,0.9837699926678263,0,0.9837699926678263
2025-08-28,0.9837699926678263,0,0.9837699926678263
2025-08-29,0.9837699926678263,0,0.9837699926678263
2025-09-01,0.9837699926678263,0,0.9837699926678263
2025-09-02,0.9837699926678263,0,0.9837699926678263
2025-09-03,0.9837699926678263,0,0.9837699926678263
2025-09-04,0.9837699926678263,0,0.9837699926678263
2025-09-05,0.9837699926678263,0,0.9837699926678263
2025-09-08,0.9837699926678263,0,0.9837699926678263
2025-09-09,0.9837699926678263,0,0.9837699926678263
2025-09-10,0.9837699926678263,0,0.9837699926678263
2025-09-11,0.9744762446979703,1,0.787015994134261
2025-09-12,0.9712626631173997,0,0.9712626631173997
2025-09-15,0.9712626631173997,0,0.9712626631173997
2025-09-16,0.9712626631173997,0,0.9712626631173997
2025-09-17,0.9712626631173997,0,0.9712626631173997
2025-09-18,0.9712626631173997,0,0.9712626631173997
2025-09-19,0.9712626631173997,0,0.9712626631173997
2025-09-22,0.9712626631173997,0,0.9712626631173997
2025-09-23,0.9712626631173997,0,0.9712626631173997
2025-09-24,0.9712626631173997,0,0.9712626631173997
2025-09-25,0.9712626631173997,0,0.9712626631173997
2025-09-26,0.9712626631173997,0,0.9712626631173997
2025-09-29,0.9712626631173997,0,0.9712626631173997
2025-09-30,0.9712626631173997,0,0.9712626631173997
2025-10-01,0.9712626631173997,0,0.9712626631173997
2025-10-02,0.9712626631173997,0,0.9712626631173997
2025-10-10,0.9712626631173997,0,0.9712626631173997
2025-10-13,0.9712626631173997,0,0.9712626631173997
2025-10-14,0.9712626631173997,0,0.9712626631173997
2025-10-15,0.9712626631173997,0,0.9712626631173997
2025-10-16,0.9712626631173997,0,0.9712626631173997
2025-10-17,0.9712626631173997,0,0.9712626631173997
2025-10-20,0.9712626631173997,0,0.9712626631173997
2025-10-21,0.9712626631173997,0,0.9712626631173997
2025-10-22,0.9712626631173997,0,0.9712626631173997
2025-10-23,0.9712626631173997,0,0.9712626631173997
2025-10-24,0.9712626631173997,0,0.9712626631173997
2025-10-27,0.9712626631173997,0,0.9712626631173997
2025-10-28,0.9712626631173997,0,0.9712626631173997
2025-10-29,0.9712626631173997,0,0.9712626631173997
2025-10-30,0.9712626631173997,0,0.9712626631173997
2025-10-31,0.9712626631173997,0,0.9712626631173997
2025-11-03,0.9712626631173997,0,0.9712626631173997
2025-11-04,0.9712626631173997,0,0.9712626631173997
2025-11-05,0.9712626631173997,0,0.9712626631173997
2025-11-06,0.9712626631173997,0,0.9712626631173997
2025-11-07,0.9712626631173997,0,0.9712626631173997
2025-11-10,0.9712626631173997,0,0.9712626631173997
2025-11-11,0.9712626631173997,0,0.9712626631173997
2025-11-12,0.9712626631173997,0,0.9712626631173997
2025-11-13,0.9712626631173997,0,0.9712626631173997
2025-11-14,0.9712626631173997,0,0.9712626631173997
2025-11-17,0.9712626631173997,0,0.9712626631173997
2025-11-18,0.9712626631173997,0,0.9712626631173997
2025-11-19,0.9712626631173997,0,0.9712626631173997
2025-11-20,0.9712626631173997,0,0.9712626631173997
2025-11-21,0.9712626631173997,0,0.9712626631173997
2025-11-24,0.9712626631173997,0,0.9712626631173997
2025-11-25,0.9712626631173997,0,0.9712626631173997
2025-11-26,0.9712626631173997,0,0.9712626631173997
2025-11-27,0.9712626631173997,0,0.9712626631173997
2025-11-28,0.9712626631173997,0,0.9712626631173997
2025-12-01,0.9712626631173997,0,0.9712626631173997
2025-12-02,0.9712626631173997,0,0.9712626631173997
2025-12-03,0.9712626631173997,0,0.9712626631173997
2025-12-04,0.9712626631173997,0,0.9712626631173997
2025-12-05,0.9712626631173997,0,0.9712626631173997
2025-12-08,0.9712626631173997,0,0.9712626631173997
2025-12-09,0.9712626631173997,0,0.9712626631173997
2025-12-10,0.9712626631173997,0,0.9712626631173997
2025-12-11,0.9712626631173997,0,0.9712626631173997
2025-12-12,0.9712626631173997,0,0.9712626631173997
2025-12-15,0.9712626631173997,0,0.9712626631173997
2025-12-16,0.9712626631173997,0,0.9712626631173997
2025-12-17,0.9712626631173997,0,0.9712626631173997
2025-12-18,0.9712626631173997,0,0.9712626631173997
2025-12-19,0.9712626631173997,0,0.9712626631173997
2025-12-22,0.9712626631173997,0,0.9712626631173997
2025-12-23,0.9712626631173997,0,0.9712626631173997
2025-12-24,0.9712626631173997,0,0.9712626631173997
2025-12-26,0.9712626631173997,0,0.9712626631173997
2025-12-29,0.9712626631173997,0,0.9712626631173997
2025-12-30,0.9712626631173997,0,0.9712626631173997
2026-01-02,0.9712626631173997,0,0.9712626631173997
2026-01-05,0.9712626631173997,0,0.9712626631173997
2026-01-06,0.9712626631173997,0,0.9712626631173997
2026-01-07,0.9712626631173997,0,0.9712626631173997
2026-01-08,0.9712626631173997,0,0.9712626631173997
2026-01-09,0.9712626631173997,0,0.9712626631173997
2026-01-12,0.9712626631173997,0,0.9712626631173997
2026-01-13,0.9712626631173997,0,0.9712626631173997
2026-01-14,0.9712626631173997,0,0.9712626631173997
2026-01-15,0.9712626631173997,0,0.9712626631173997
2026-01-16,0.9712626631173997,0,0.9712626631173997
2026-01-19,0.9712626631173997,0,0.9712626631173997
2026-01-20,0.9712626631173997,0,0.9712626631173997
2026-01-21,0.9712626631173997,0,0.9712626631173997
2026-01-22,0.9712626631173997,0,0.9712626631173997
2026-01-23,0.9712626631173997,0,0.9712626631173997
2026-01-26,0.9712626631173997,0,0.9712626631173997
2026-01-27,0.9712626631173997,0,0.9712626631173997
2026-01-28,0.9712626631173997,0,0.9712626631173997
2026-01-29,0.9712626631173997,0,0.9712626631173997
2026-01-30,0.9712626631173997,0,0.9712626631173997
2026-02-02,0.9712626631173997,0,0.9712626631173997
2026-02-03,0.9712626631173997,0,0.9712626631173997
2026-02-04,0.9712626631173997,0,0.9712626631173997
2026-02-05,0.9712626631173997,0,0.9712626631173997
2026-02-06,0.9712626631173997,0,0.9712626631173997
2026-02-09,0.9712626631173997,0,0.9712626631173997
2026-02-10,0.9712626631173997,0,0.9712626631173997
2026-02-11,0.9712626631173997,0,0.9712626631173997
2026-02-12,0.9712626631173997,0,0.9712626631173997
2026-02-13,0.9712626631173997,0,0.9712626631173997
2026-02-19,0.9712626631173997,0,0.9712626631173997
2026-02-20,0.9712626631173997,0,0.9712626631173997
2026-02-23,0.9712626631173997,0,0.9712626631173997
2026-02-24,0.9712626631173997,0,0.9712626631173997
2026-02-25,0.9712626631173997,0,0.9712626631173997
2026-02-26,0.9712626631173997,0,0.9712626631173997
2026-02-27,0.9712626631173997,0,0.9712626631173997
2026-03-03,0.9712626631173997,0,0.9712626631173997
2026-03-04,0.9712626631173997,0,0.9712626631173997
2026-03-05,0.9712626631173997,0,0.9712626631173997
2026-03-06,0.9712626631173997,0,0.9712626631173997
2026-03-09,0.9712626631173997,0,0.9712626631173997
2026-03-10,0.9712626631173997,0,0.9712626631173997
2026-03-11,0.9712626631173997,0,0.9712626631173997
2026-03-12,0.9712626631173997,0,0.9712626631173997
2026-03-13,0.9712626631173997,0,0.9712626631173997
2026-03-16,0.9712626631173997,0,0.9712626631173997
2026-03-17,0.9712626631173997,0,0.9712626631173997
2026-03-18,0.9712626631173997,0,0.9712626631173997
2026-03-19,0.9712626631173997,0,0.9712626631173997
2026-03-20,0.9712626631173997,0,0.9712626631173997
2026-03-23,0.9712626631173997,0,0.9712626631173997
2026-03-24,0.9712626631173997,0,0.9712626631173997
2026-03-25,0.9712626631173997,0,0.9712626631173997
2026-03-26,0.9712626631173997,0,0.9712626631173997
2026-03-27,0.9712626631173997,0,0.9712626631173997
2026-03-30,0.9712626631173997,0,0.9712626631173997
2026-03-31,0.9712626631173997,0,0.9712626631173997
2026-04-01,0.9712626631173997,0,0.9712626631173997
2026-04-02,0.9712626631173997,0,0.9712626631173997
2026-04-03,0.9712626631173997,0,0.9712626631173997
2026-04-06,0.9712626631173997,0,0.9712626631173997
2026-04-07,0.9712626631173997,0,0.9712626631173997
2026-04-08,0.9712626631173997,0,0.9712626631173997
2026-04-09,0.9712626631173997,0,0.9712626631173997
2026-04-10,0.9712626631173997,0,0.9712626631173997
2026-04-13,0.9712626631173997,0,0.9712626631173997
2026-04-14,0.9712626631173997,0,0.9712626631173997
2026-04-15,0.9712626631173997,0,0.9712626631173997
2026-04-16,0.9712626631173997,0,0.9712626631173997
2026-04-17,0.9712626631173997,0,0.9712626631173997
2026-04-20,0.9712626631173997,0,0.9712626631173997
2026-04-21,0.9712626631173997,0,0.9712626631173997
2026-04-22,0.9712626631173997,0,0.9712626631173997
2026-04-23,0.9712626631173997,0,0.9712626631173997
2026-04-24,0.9712626631173997,0,0.9712626631173997
2026-04-27,0.9712626631173997,0,0.9712626631173997
2026-04-28,0.9712626631173997,0,0.9712626631173997
2026-04-29,0.9712626631173997,0,0.9712626631173997
2026-04-30,0.9712626631173997,0,0.9712626631173997
2026-05-04,0.9712626631173997,0,0.9712626631173997
2026-05-06,0.9712626631173997,0,0.9712626631173997
2026-05-07,0.9712626631173997,0,0.9712626631173997
2026-05-08,0.9712626631173997,0,0.9712626631173997
2026-05-11,0.9712626631173997,0,0.9712626631173997
2026-05-12,0.9712626631173997,0,0.9712626631173997
2026-05-13,0.9712626631173997,0,0.9712626631173997
2026-05-14,0.9712626631173997,0,0.9712626631173997
2026-05-15,0.9712626631173997,0,0.9712626631173997
2026-05-18,0.9712626631173997,0,0.9712626631173997
2026-05-19,0.9712626631173997,0,0.9712626631173997
2026-05-20,0.9712626631173997,0,0.9712626631173997
2026-05-21,0.9712626631173997,0,0.9712626631173997
2026-05-22,0.9712626631173997,0,0.9712626631173997
2026-05-26,0.9712626631173997,0,0.9712626631173997
2026-05-27,0.9712626631173997,0,0.9712626631173997
2026-05-28,0.9712626631173997,0,0.9712626631173997
2026-05-29,0.9712626631173997,0,0.9712626631173997
2026-06-01,0.9712626631173997,0,0.9712626631173997
2026-06-02,0.9712626631173997,0,0.9712626631173997
2026-06-04,0.9712626631173997,0,0.9712626631173997
2026-06-05,0.9712626631173997,0,0.9712626631173997
2026-06-08,0.9712626631173997,0,0.9712626631173997
2026-06-09,0.9712626631173997,0,0.9712626631173997
2026-06-10,0.9712626631173997,0,0.9712626631173997
2026-06-11,0.9712626631173997,0,0.9712626631173997
2026-06-12,0.9712626631173997,0,0.9712626631173997
2026-06-15,0.9712626631173997,0,0.9712626631173997
2026-06-16,0.9712626631173997,0,0.9712626631173997
2026-06-17,0.9712626631173997,0,0.9712626631173997
2026-06-18,0.9712626631173997,0,0.9712626631173997
2026-06-19,0.9712626631173997,0,0.9712626631173997
2026-06-22,0.9712626631173997,0,0.9712626631173997
2026-06-23,0.9712626631173997,0,0.9712626631173997
2026-06-24,0.9712626631173997,0,0.9712626631173997
2026-06-25,0.9712626631173997,0,0.9712626631173997
2026-06-26,0.9712626631173997,0,0.9712626631173997
2026-06-29,0.9712626631173997,0,0.9712626631173997
2026-06-30,0.9712626631173997,0,0.9712626631173997
2026-07-01,0.9712626631173997,0,0.9712626631173997
2026-07-02,0.9712626631173997,0,0.9712626631173997
2026-07-03,0.9712626631173997,0,0.9712626631173997
2026-07-06,0.9712626631173997,0,0.9712626631173997
2026-07-07,0.9712626631173997,0,0.9712626631173997
2026-07-08,0.9712626631173997,0,0.9712626631173997
2026-07-09,0.9712626631173997,0,0.9712626631173997
2026-07-10,0.9712626631173997,0,0.9712626631173997
2026-07-13,0.9712626631173997,0,0.9712626631173997
2026-07-14,0.9712626631173997,0,0.9712626631173997
2026-07-15,0.9712626631173997,0,0.9712626631173997
2026-07-16,0.9712626631173997,0,0.9712626631173997
2026-07-20,0.9712626631173997,0,0.9712626631173997
2026-07-21,0.9712626631173997,0,0.9712626631173997
2026-07-22,0.9712626631173997,0,0.9712626631173997
2026-07-23,0.9712626631173997,0,0.9712626631173997
2026-07-24,0.9712626631173997,0,0.9712626631173997
2026-07-27,0.9712626631173997,0,0.9712626631173997
2026-07-28,0.9712626631173997,0,0.9712626631173997
2026-07-29,0.9712626631173997,0,0.9712626631173997
2026-07-30,0.9712626631173997,0,0.9712626631173997
2026-07-31,0.9712626631173997,0,0.9712626631173997
2026-08-03,0.9712626631173997,0,0.9712626631173997
2026-08-04,0.9712626631173997,0,0.9712626631173997
2026-08-05,0.9712626631173997,0,0.9712626631173997
2026-08-06,0.9712626631173997,0,0.9712626631173997
2026-08-07,0.9712626631173997,0,0.9712626631173997
2026-08-10,0.9712626631173997,0,0.9712626631173997
2026-08-11,0.9712626631173997,0,0.9712626631173997
2026-08-12,0.9712626631173997,0,0.9712626631173997
2026-08-13,0.9712626631173997,0,0.9712626631173997
2026-08-14,0.9712626631173997,0,0.9712626631173997
2026-08-18,0.9712626631173997,0,0.9712626631173997
2026-08-19,0.9712626631173997,0,0.9712626631173997
2026-08-20,0.9712626631173997,0,0.9712626631173997
2026-08-21,0.9712626631173997,0,0.9712626631173997
2026-08-24,0.9712626631173997,0,0.9712626631173997
2026-08-25,0.9712626631173997,0,0.9712626631173997
2026-08-26,0.9712626631173997,0,0.9712626631173997
2026-08-27,0.9712626631173997,0,0.9712626631173997
2026-08-28,0.9712626631173997,0,0.9712626631173997
2026-08-31,0.9712626631173997,0,0.9712626631173997
2026-09-01,0.9712626631173997,0,0.9712626631173997
2026-09-02,0.9712626631173997,0,0.9712626631173997
2026-09-03,0.9712626631173997,0,0.9712626631173997
2026-09-04,0.9712626631173997,0,0.9712626631173997
2026-09-07,0.9712626631173997,0,0.9712626631173997
2026-09-08,0.9712626631173997,0,0.9712626631173997
2026-09-09,0.9712626631173997,0,0.9712626631173997
2026-09-10,0.9712626631173997,0,0.9712626631173997
