Date,equity,npos,cash
2015-01-02,1.0,0,1.0
2015-01-05,1.0,0,1.0
2015-01-06,1.0,0,1.0
2015-01-07,1.0,0,1.0
2015-01-08,1.0,0,1.0
2015-01-09,1.0,0,1.0
2015-01-12,1.0,0,1.0
2015-01-13,1.0,0,1.0
2015-01-14,1.0,0,1.0
2015-01-15,1.0,0,1.0
2015-01-16,1.0,0,1.0
2015-01-19,1.0,0,1.0
2015-01-20,1.0,0,1.0
2015-01-21,1.0,0,1.0
2015-01-22,1.0,0,1.0
2015-01-23,1.0,0,1.0
2015-01-26,1.0,0,1.0
2015-01-27,1.0,0,1.0
2015-01-28,1.0,0,1.0
2015-01-29,1.0,0,1.0
2015-01-30,1.0,0,1.0
2015-02-02,1.0,0,1.0
2015-02-03,1.0,0,1.0
2015-02-04,1.0,0,1.0
2015-02-05,1.0,0,1.0
2015-02-06,1.0,0,1.0
2015-02-09,1.0,0,1.0
2015-02-10,1.0,0,1.0
2015-02-11,1.0,0,1.0
2015-02-12,1.0,0,1.0
2015-02-13,1.0,0,1.0
2015-02-16,1.0,0,1.0
2015-02-17,1.0,0,1.0
2015-02-23,1.0,0,1.0
2015-02-24,1.0,0,1.0
2015-02-25,1.0,0,1.0
2015-02-26,1.0,0,1.0
2015-02-27,1.0,0,1.0
2015-03-02,1.0,0,1.0
2015-03-03,1.0,0,1.0
2015-03-04,1.0,0,1.0
2015-03-05,1.0,0,1.0
2015-03-06,1.0,0,1.0
2015-03-09,1.0,0,1.0
2015-03-10,1.0,0,1.0
2015-03-11,1.0,0,1.0
2015-03-12,1.0,0,1.0
2015-03-13,1.0,0,1.0
2015-03-16,1.0,0,1.0
2015-03-17,1.0,0,1.0
2015-03-18,1.0,0,1.0
2015-03-19,1.0,0,1.0
2015-03-20,1.0,0,1.0
2015-03-23,1.0,0,1.0
2015-03-24,1.0,0,1.0
2015-03-25,1.0,0,1.0
2015-03-26,1.0,0,1.0
2015-03-27,1.0,0,1.0
2015-03-30,1.0,0,1.0
2015-03-31,1.0,0,1.0
2015-04-01,1.0,0,1.0
2015-04-02,1.0,0,1.0
2015-04-03,1.0,0,1.0
2015-04-06,1.0,0,1.0
2015-04-07,1.0,0,1.0
2015-04-08,1.0,0,1.0
2015-04-09,1.0,0,1.0
2015-04-10,1.0,0,1.0
2015-04-13,1.0,0,1.0
2015-04-14,1.0,0,1.0
2015-04-15,1.0,0,1.0
2015-04-16,1.0,0,1.0
2015-04-17,1.0,0,1.0
2015-04-20,1.0,0,1.0
2015-04-21,1.0,0,1.0
2015-04-22,1.0,0,1.0
2015-04-23,1.0,0,1.0
2015-04-24,1.0,0,1.0
2015-04-27,1.0,0,1.0
2015-04-28,1.0,0,1.0
2015-04-29,1.0,0,1.0
2015-04-30,1.0,0,1.0
2015-05-04,1.0,0,1.0
2015-05-06,1.0,0,1.0
2015-05-07,1.0,0,1.0
2015-05-08,1.0,0,1.0
2015-05-11,1.0,0,1.0
2015-05-12,1.0,0,1.0
2015-05-13,1.0,0,1.0
2015-05-14,1.0,0,1.0
2015-05-15,1.0,0,1.0
2015-05-18,1.0,0,1.0
2015-05-19,1.0,0,1.0
2015-05-20,1.0,0,1.0
2015-05-21,1.0,0,1.0
2015-05-22,1.0,0,1.0
2015-05-26,1.0,0,1.0
2015-05-27,1.0,0,1.0
2015-05-28,1.0,0,1.0
2015-05-29,1.0,0,1.0
2015-06-01,1.0,0,1.0
2015-06-02,1.0,0,1.0
2015-06-03,1.0,0,1.0
2015-06-04,1.0,0,1.0
2015-06-05,1.0,0,1.0
2015-06-08,1.0,0,1.0
2015-06-09,1.0,0,1.0
2015-06-10,1.0,0,1.0
2015-06-11,1.0,0,1.0
2015-06-12,1.0,0,1.0
2015-06-15,1.0,0,1.0
2015-06-16,1.0,0,1.0
2015-06-17,1.0,0,1.0
2015-06-18,1.0,0,1.0
2015-06-19,1.0,0,1.0
2015-06-22,1.0,0,1.0
2015-06-23,1.0,0,1.0
2015-06-24,1.0,0,1.0
2015-06-25,1.0,0,1.0
2015-06-26,1.0,0,1.0
2015-06-29,1.0,0,1.0
2015-06-30,1.0,0,1.0
2015-07-01,1.0,0,1.0
2015-07-02,1.0,0,1.0
2015-07-03,1.0,0,1.0
2015-07-06,1.0,0,1.0
2015-07-07,1.0,0,1.0
2015-07-08,1.0,0,1.0
2015-07-09,1.0,0,1.0
2015-07-10,1.0,0,1.0
2015-07-13,1.0,0,1.0
2015-07-14,1.0,0,1.0
2015-07-15,1.0,0,1.0
2015-07-16,1.0,0,1.0
2015-07-17,1.0,0,1.0
2015-07-20,1.0,0,1.0
2015-07-21,1.0,0,1.0
2015-07-22,1.0,0,1.0
2015-07-23,1.0,0,1.0
2015-07-24,1.0,0,1.0
2015-07-27,1.0,0,1.0
2015-07-28,1.0,0,1.0
2015-07-29,1.0,0,1.0
2015-07-30,1.0,0,1.0
2015-07-31,1.0,0,1.0
2015-08-03,1.0,0,1.0
2015-08-04,1.0,0,1.0
2015-08-05,1.0,0,1.0
2015-08-06,1.0,0,1.0
2015-08-07,1.0,0,1.0
2015-08-10,1.0,0,1.0
2015-08-11,1.0,0,1.0
2015-08-12,1.0,0,1.0
2015-08-13,1.0,0,1.0
2015-08-17,1.0,0,1.0
2015-08-18,1.0,0,1.0
2015-08-19,1.0,0,1.0
2015-08-20,1.0,0,1.0
2015-08-21,1.0,0,1.0
2015-08-24,1.0,0,1.0
2015-08-25,1.0,0,1.0
2015-08-26,1.0,0,1.0
2015-08-27,1.0,0,1.0
2015-08-28,1.0,0,1.0
2015-08-31,1.0,0,1.0
2015-09-01,1.0,0,1.0
2015-09-02,1.0,0,1.0
2015-09-03,1.0,0,1.0
2015-09-04,1.0,0,1.0
2015-09-07,1.0,0,1.0
2015-09-08,1.0,0,1.0
2015-09-09,1.0,0,1.0
2015-09-10,1.0,0,1.0
2015-09-11,1.0,0,1.0
2015-09-14,1.0,0,1.0
2015-09-15,1.0,0,1.0
2015-09-16,1.0,0,1.0
2015-09-17,1.0,0,1.0
2015-09-18,1.0,0,1.0
2015-09-21,1.0,0,1.0
2015-09-22,1.0,0,1.0
2015-09-23,1.0,0,1.0
2015-09-24,1.0,0,1.0
2015-09-25,1.0,0,1.0
2015-09-30,1.0,0,1.0
2015-10-01,1.0,0,1.0
2015-10-02,1.0,0,1.0
2015-10-05,1.0,0,1.0
2015-10-06,1.0,0,1.0
2015-10-07,1.0,0,1.0
2015-10-08,1.0,0,1.0
2015-10-12,1.0,0,1.0
2015-10-13,1.0,0,1.0
2015-10-14,1.0,0,1.0
2015-10-15,1.0,0,1.0
2015-10-16,1.0,0,1.0
2015-10-19,1.0,0,1.0
2015-10-20,1.0,0,1.0
2015-10-21,1.0,0,1.0
2015-10-22,1.0,0,1.0
2015-10-23,1.0,0,1.0
2015-10-26,1.0,0,1.0
2015-10-27,1.0,0,1.0
2015-10-28,1.0,0,1.0
2015-10-29,1.0,0,1.0
2015-10-30,1.0,0,1.0
2015-11-02,1.0,0,1.0
2015-11-03,1.0,0,1.0
2015-11-04,1.0,0,1.0
2015-11-05,1.0,0,1.0
2015-11-06,1.0,0,1.0
2015-11-09,1.0,0,1.0
2015-11-10,1.0,0,1.0
2015-11-11,1.0,0,1.0
2015-11-12,1.0,0,1.0
2015-11-13,1.0,0,1.0
2015-11-16,1.0,0,1.0
2015-11-17,1.0,0,1.0
2015-11-18,1.0,0,1.0
2015-11-19,1.0,0,1.0
2015-11-20,1.0,0,1.0
2015-11-23,1.0,0,1.0
2015-11-24,1.0,0,1.0
2015-11-25,1.0,0,1.0
2015-11-26,1.0,0,1.0
2015-11-27,1.0,0,1.0
2015-11-30,1.0,0,1.0
2015-12-01,1.0,0,1.0
2015-12-02,1.0,0,1.0
2015-12-03,1.0,0,1.0
2015-12-04,1.0,0,1.0
2015-12-07,1.0,0,1.0
2015-12-08,1.0,0,1.0
2015-12-09,1.0,0,1.0
2015-12-10,1.0,0,1.0
2015-12-11,1.0,0,1.0
2015-12-14,1.0,0,1.0
2015-12-15,1.0,0,1.0
2015-12-16,1.0,0,1.0
2015-12-17,1.0,0,1.0
2015-12-18,1.0,0,1.0
2015-12-21,1.0,0,1.0
2015-12-22,1.0,0,1.0
2015-12-23,1.0,0,1.0
2015-12-24,1.0,0,1.0
2015-12-28,1.0,0,1.0
2015-12-29,1.0,0,1.0
2015-12-30,1.0,0,1.0
2016-01-04,1.0,0,1.0
2016-01-05,1.0,0,1.0
2016-01-06,1.0,0,1.0
2016-01-07,1.0,0,1.0
2016-01-08,1.0,0,1.0
2016-01-11,1.0,0,1.0
2016-01-12,1.0,0,1.0
2016-01-13,1.0,0,1.0
2016-01-14,1.0,0,1.0
2016-01-15,1.0,0,1.0
2016-01-18,1.0,0,1.0
2016-01-19,1.0,0,1.0
2016-01-20,1.0,0,1.0
2016-01-21,1.0,0,1.0
2016-01-22,1.0,0,1.0
2016-01-25,1.0,0,1.0
2016-01-26,1.0,0,1.0
2016-01-27,1.0,0,1.0
2016-01-28,1.0,0,1.0
2016-01-29,1.0,0,1.0
2016-02-01,1.0,0,1.0
2016-02-02,1.0,0,1.0
2016-02-03,1.0,0,1.0
2016-02-04,1.0,0,1.0
2016-02-05,1.0,0,1.0
2016-02-11,1.0,0,1.0
2016-02-12,1.0,0,1.0
2016-02-15,1.0,0,1.0
2016-02-16,1.0,0,1.0
2016-02-17,1.0,0,1.0
2016-02-18,1.0,0,1.0
2016-02-19,1.0,0,1.0
2016-02-22,1.0,0,1.0
2016-02-23,1.0,0,1.0
2016-02-24,1.0,0,1.0
2016-02-25,1.0,0,1.0
2016-02-26,1.0,0,1.0
2016-02-29,1.0,0,1.0
2016-03-02,1.0,0,1.0
2016-03-03,1.0,0,1.0
2016-03-04,1.0,0,1.0
2016-03-07,1.0,0,1.0
2016-03-08,1.0,0,1.0
2016-03-09,1.0,0,1.0
2016-03-10,1.0,0,1.0
2016-03-11,1.0,0,1.0
2016-03-14,1.0,0,1.0
2016-03-15,1.0,0,1.0
2016-03-16,1.0,0,1.0
2016-03-17,1.0,0,1.0
2016-03-18,1.0,0,1.0
2016-03-21,1.0005034368988888,1,0.8
2016-03-22,0.9930428438979998,1,0.8
2016-03-23,0.9916439827103332,1,0.8
2016-03-24,0.9850155194720792,0,0.9850155194720792
2016-03-25,0.992484726395116,1,0.7880124155776634
2016-03-28,1.0369664220817196,1,0.7880124155776634
2016-03-29,1.038401315490965,1,0.7880124155776634
2016-03-30,1.0410020740372383,3,0.3735128254268246
2016-03-31,1.0506702519936275,3,0.3735128254268246
2016-04-01,1.0760176387352383,3,0.3735128254268246
2016-04-04,1.0665894013720068,3,0.3735128254268246
2016-04-05,1.083335047245081,4,0.15697188646010998
2016-04-06,1.0733892143661985,3,0.3572890580096025
2016-04-07,1.1293560950570365,3,0.3572890580096025
2016-04-08,1.1308406182557915,3,0.3572890580096025
2016-04-11,1.1234240399922892,3,0.3572890580096025
2016-04-12,1.1258649325996029,3,0.3572890580096025
2016-04-14,1.1373923524774454,3,0.3572890580096025
2016-04-15,1.1188556075467138,3,0.3572890580096025
2016-04-18,1.1153535119338855,2,0.5490112004914058
2016-04-19,1.1151181170396967,2,0.5490112004914058
2016-04-20,1.1011406128288983,3,0.32793319801995074
2016-04-21,1.1136376200711142,3,0.32793319801995074
2016-04-22,1.1589674840800743,3,0.32793319801995074
2016-04-25,1.2924886367622497,3,0.32793319801995074
2016-04-26,1.3464956588063735,3,0.32793319801995074
2016-04-27,1.299120312392694,3,0.32793319801995074
2016-04-28,1.3037284600715113,3,0.32793319801995074
2016-04-29,1.307610030499509,2,0.5196553405017541
2016-05-02,1.3248865166730353,2,0.5196553405017541
2016-05-03,1.3050339486638878,2,0.5196553405017541
2016-05-04,1.3339993467865274,1,0.7241696478572834
2016-05-09,1.3203678593986974,1,0.7241696478572834
2016-05-10,1.4315720986152067,1,0.7241696478572834
2016-05-11,1.427267418387471,1,0.7241696478572834
2016-05-12,1.4487908195261499,1,0.7241696478572834
2016-05-13,1.434441885433697,1,0.7241696478572834
2016-05-16,1.5097737894190741,1,0.7241696478572834
2016-05-17,1.5061865558959608,1,0.7241696478572834
2016-05-18,1.7393567348983192,1,0.7241696478572834
2016-05-19,1.7788163036525644,1,0.7241696478572834
2016-05-20,1.8254503394530357,1,0.7241696478572834
2016-05-23,1.8254503394530357,1,0.7241696478572834
2016-05-24,1.9797013809469033,1,0.7241696478572834
2016-05-25,1.6030418610200174,1,0.7241696478572834
2016-05-26,1.542058891127093,1,0.7241696478572834
2016-05-27,1.5851056934044514,1,0.7241696478572834
2016-05-30,1.559995058742659,1,0.7241696478572834
2016-05-31,1.5886929269275647,1,0.7241696478572834
2016-06-01,1.6382990751051896,2,0.39925659542554415
2016-06-02,1.6382990751051896,2,0.39925659542554415
2016-06-03,1.719664395152063,2,0.39925659542554415
2016-06-07,1.8025138327788572,2,0.39925659542554415
2016-06-08,1.8340158555546848,2,0.39925659542554415
2016-06-09,1.8491478685793288,2,0.39925659542554415
2016-06-10,1.8304286220315715,2,0.39925659542554415
2016-06-13,1.7481832773106984,2,0.39925659542554415
2016-06-14,1.759907042838499,2,0.39925659542554415
2016-06-15,1.6784757677769342,3,0.061555507631259054
2016-06-16,1.6161148848426043,3,0.061555507631259054
2016-06-17,1.528649237569569,2,0.3739552185539884
2016-06-20,1.6195531669165906,2,0.3739552185539884
2016-06-21,1.6067852961458686,2,0.3739552185539884
2016-06-22,1.5645215728007011,2,0.3739552185539884
2016-06-23,1.5898111934887633,2,0.3739552185539884
2016-06-24,1.5059996909035083,2,0.3739552185539884
2016-06-27,1.5412530277713703,2,0.3739552185539884
2016-06-28,1.5989918307363724,2,0.3739552185539884
2016-06-29,1.583680831685459,2,0.3739552185539884
2016-06-30,1.568369832634545,2,0.3739552185539884
2016-07-01,1.5753653136545016,2,0.3739552185539884
2016-07-04,1.6102755839271725,2,0.3739552185539884
2016-07-05,1.5890132090992237,2,0.3739552185539884
2016-07-06,1.5992528570471025,2,0.3739552185539884
2016-07-07,1.623401426750434,2,0.3739552185539884
2016-07-08,1.61885212826886,2,0.3739552185539884
2016-07-11,1.6286517638797386,2,0.3739552185539884
2016-07-12,1.661294837640297,2,0.3739552185539884
2016-07-13,1.6474679561693053,2,0.3739552185539884
2016-07-14,1.6005728940581032,2,0.3739552185539884
2016-07-15,1.5849039229546498,2,0.3739552185539884
2016-07-18,1.593040454959337,2,0.3739552185539884
2016-07-19,1.589714247746954,2,0.3739552185539884
2016-07-20,1.5958420359422165,3,0.053527408169491364
2016-07-21,1.6045956550564122,3,0.053527408169491364
2016-07-22,1.5992046424816977,3,0.053527408169491364
2016-07-25,1.5551731146753829,4,6.938893903907228e-18
2016-07-26,1.5441522225265332,3,0.827957393849364
2016-07-27,1.5344759899022784,3,0.827957393849364
2016-07-28,1.5256671231509265,3,0.827957393849364
2016-07-29,1.5326664852561964,3,0.827957393849364
2016-08-01,1.5416421011264851,3,0.827957393849364
2016-08-02,1.5242244593183765,4,0.5231258473614899
2016-08-03,1.5425997039313923,5,0.2153639837874119
2016-08-04,1.4901345520161606,4,0.5000675891016779
2016-08-05,1.4950674293494584,4,0.5000675891016779
2016-08-08,1.4900985663811759,4,0.5000675891016779
2016-08-09,1.4989467360929543,4,0.5000675891016779
2016-08-10,1.5023977121671892,4,0.5000675891016779
2016-08-11,1.4948113136742074,5,0.19980148343902926
2016-08-12,1.518401833783388,5,0.19980148343902926
2016-08-16,1.5016910106783707,5,0.19980148343902926
2016-08-17,1.500305606663457,4,0.4962220723969722
2016-08-18,1.5082617780008971,4,0.4962220723969722
2016-08-19,1.4930445179925387,5,0.1943946195474746
2016-08-22,1.4867932544142541,5,0.1943946195474746
2016-08-23,1.4740348578242557,4,0.473608434446896
2016-08-24,1.481125361143724,4,0.473608434446896
2016-08-25,1.4763630878013125,3,0.5231254405892583
2016-08-26,1.474197111750382,3,0.5231254405892583
2016-08-29,1.4363831074115343,2,0.800894888184424
2016-08-30,1.4532177461481703,2,0.800894888184424
2016-08-31,1.4438473500399684,2,0.800894888184424
2016-09-01,1.439751832802577,2,0.800894888184424
2016-09-02,1.4309741135839436,2,0.800894888184424
2016-09-05,1.4202782565941061,2,0.800894888184424
2016-09-06,1.4232835860619744,2,0.800894888184424
2016-09-07,1.4003691591011733,1,1.0828877228090803
2016-09-08,1.3997306400459433,2,0.80319871697223
2016-09-09,1.3866288552478983,1,1.1037685028668156
2016-09-12,1.3702858126658803,1,1.1037685028668156
2016-09-13,1.3696572341050333,1,1.1037685028668156
2016-09-19,1.3800287803590063,1,1.1037685028668156
2016-09-20,1.3671429198616458,1,1.1037685028668156
2016-09-21,1.3625025363944867,0,1.3625025363944867
2016-09-22,1.3625025363944867,0,1.3625025363944867
2016-09-23,1.3625025363944867,0,1.3625025363944867
2016-09-26,1.3625025363944867,0,1.3625025363944867
2016-09-27,1.3625025363944867,0,1.3625025363944867
2016-09-28,1.3625025363944867,0,1.3625025363944867
2016-09-29,1.3625025363944867,0,1.3625025363944867
2016-09-30,1.3625025363944867,0,1.3625025363944867
2016-10-04,1.3625025363944867,0,1.3625025363944867
2016-10-05,1.3655494325861448,1,1.0900020291155894
2016-10-06,1.3669112813677127,1,1.0900020291155894
2016-10-07,1.3655694855232157,2,0.8180724115423859
2016-10-10,1.364293110428665,2,0.8180724115423859
2016-10-11,1.364357215693928,2,0.8180724115423859
2016-10-12,1.3535831469826363,1,1.0701565260954373
2016-10-13,1.3507953441542375,1,1.0701565260954373
2016-10-14,1.3433612032785076,1,1.0701565260954373
2016-10-17,1.3461490061069064,1,1.0701565260954373
2016-10-18,1.3545124145921024,1,1.0701565260954373
2016-10-19,1.3470782737163727,1,1.0701565260954373
2016-10-20,1.3499224068190911,2,0.7996257502208033
2016-10-21,1.353002672848803,2,0.7996257502208033
2016-10-24,1.3639557745562139,2,0.7996257502208033
2016-10-25,1.3639557745562139,2,0.7996257502208033
2016-10-26,1.3414127667332387,2,0.7996257502208033
2016-10-27,1.3463515679818827,2,0.7996257502208033
2016-10-28,1.3378419278960303,2,0.7996257502208033
2016-10-31,1.338917427106153,2,0.7996257502208033
2016-11-01,1.3265444849817791,2,0.7996257502208033
2016-11-02,1.3168300523968637,1,1.0511817474965537
2016-11-03,1.3157545531867407,1,1.0511817474965537
2016-11-04,1.318981050817109,1,1.0511817474965537
2016-11-07,1.318981050817109,1,1.0511817474965537
2016-11-08,1.318981050817109,1,1.0511817474965537
2016-11-09,1.3125280555563728,1,1.0511817474965537
2016-11-10,1.3200565500272317,1,1.0511817474965537
2016-11-11,1.325434046077845,1,1.0511817474965537
2016-11-14,1.3136035547664955,1,1.0511817474965537
2016-11-15,1.31145255634625,1,1.0511817474965537
2016-11-16,1.3103770571361273,1,1.0511817474965537
2016-11-17,1.3103770571361273,1,1.0511817474965537
2016-11-18,1.3136035547664955,1,1.0511817474965537
2016-11-21,1.3125280555563728,1,1.0511817474965537
2016-11-22,1.3103770571361273,1,1.0511817474965537
2016-11-23,1.3136035547664955,1,1.0511817474965537
2016-11-24,1.3157545531867407,1,1.0511817474965537
2016-11-25,1.3146790539766182,1,1.0511817474965537
2016-11-28,1.3136035547664955,1,1.0511817474965537
2016-11-29,1.31145255634625,1,1.0511817474965537
2016-11-30,1.3093015579260046,1,1.0511817474965537
2016-12-01,1.318981050817109,1,1.0511817474965537
2016-12-02,1.3179055516069862,1,1.0511817474965537
2016-12-05,1.3157545531867407,1,1.0511817474965537
2016-12-06,1.3211320492373544,1,1.0511817474965537
2016-12-07,1.3222075484474771,1,1.0511817474965537
2016-12-08,1.3308115421284588,1,1.0511817474965537
2016-12-09,1.3174119100657777,5,0.0
2016-12-12,1.3195888678222012,5,0.0
2016-12-13,1.3044981396512516,5,0.0
2016-12-14,1.3195152280063003,5,0.0
2016-12-15,1.3079436185003535,5,0.0
2016-12-16,1.3391896328339639,5,0.0
2016-12-19,1.331913740486678,5,0.0
2016-12-20,1.331304001875425,5,0.0
2016-12-21,1.3328875548106838,5,0.0
2016-12-22,1.3342036696878135,5,0.0
2016-12-23,1.327234977185388,5,0.0
2016-12-26,1.3285904422426205,5,0.0
2016-12-27,1.3269756292635215,5,0.0
2016-12-28,1.3069675328056192,5,0.0
2016-12-29,1.297471291494661,5,0.0
2017-01-02,1.3000323275538217,5,0.0
2017-01-03,1.3260925356854372,5,0.0
2017-01-04,1.3251005952373,5,0.0
2017-01-05,1.2963052547095795,5,0.0
2017-01-06,1.309352456872429,5,0.0
2017-01-09,1.322919186377329,5,0.0
2017-01-10,1.3328581985291845,5,0.0
2017-01-11,1.3560221080505295,5,0.0
2017-01-12,1.3613837739902201,5,0.0
2017-01-13,1.340735139214188,5,0.0
2017-01-16,1.344744305702383,5,0.0
2017-01-17,1.3613969287854877,5,0.0
2017-01-18,1.3580977619281351,5,0.0
2017-01-19,1.3648651358923067,5,0.0
2017-01-20,1.359319295878893,5,0.0
2017-01-23,1.3631369833126687,5,0.0
2017-01-24,1.3657458588507678,5,0.0
2017-01-25,1.3897380113991344,5,0.0
2017-01-26,1.4136708172614165,5,0.0
2017-01-31,1.4106977320078078,5,0.0
2017-02-01,1.4222690085258594,5,0.0
2017-02-02,1.4109612016049469,5,0.0
2017-02-03,1.417784748845201,5,0.0
2017-02-06,1.4230565014422463,5,0.0
2017-02-07,1.4217923445757819,5,0.0
2017-02-08,1.421073179686336,5,0.0
2017-02-09,1.4198356233481155,5,0.0
2017-02-10,1.4087749998902848,5,0.0
2017-02-13,1.4096686501005884,5,0.0
2017-02-14,1.3929450298348258,5,0.0
2017-02-15,1.381800784507188,5,0.0
2017-02-16,1.389163436048119,5,0.0
2017-02-17,1.3987032585735082,5,0.0
2017-02-20,1.394562083537851,5,0.0
2017-02-21,1.4132190125413369,5,0.0
2017-02-22,1.4096186692938288,5,0.0
2017-02-23,1.40836379017595,5,0.0
2017-02-24,1.3848008367724274,5,0.0
2017-02-27,1.3498820123111757,5,0.0
2017-02-28,1.3710920522302308,5,0.0
2017-03-02,1.4004979648558624,5,0.0
2017-03-03,1.3896932209322015,5,0.0
2017-03-06,1.4003979388991685,5,0.0
2017-03-07,1.4091985818496178,5,0.0
2017-03-08,1.4114522047864064,5,0.0
2017-03-09,1.4061637980995916,5,0.0
2017-03-10,1.4209147720506292,5,0.0
2017-03-13,1.4590719721906542,5,0.0
2017-03-14,1.4685426854911785,5,0.0
2017-03-15,1.4542217164170412,5,0.0
2017-03-16,1.4594130463489932,5,0.0
2017-03-17,1.4590999938945612,5,0.0
2017-03-20,1.4480439238454146,5,0.0
2017-03-21,1.4460023718301453,5,0.0
2017-03-22,1.43456385862012,5,0.0
2017-03-23,1.4353777396530212,5,0.0
2017-03-24,1.4420243844628335,5,0.0
2017-03-27,1.4301553463296937,5,0.0
2017-03-28,1.4359036905233955,5,0.0
2017-03-29,1.4391945921772904,5,0.0
2017-03-30,1.4321087483251418,5,0.0
2017-03-31,1.418985527610381,5,0.0
2017-04-03,1.4337007464007294,5,0.0
2017-04-04,1.4278415862264389,5,0.0
2017-04-05,1.4382112561942255,5,0.0
2017-04-06,1.4354633270527313,5,0.0
2017-04-07,1.4362099463388873,5,0.0
2017-04-10,1.417567391474509,5,0.0
2017-04-11,1.4125206896440616,5,0.0
2017-04-12,1.4142559781012365,5,0.0
2017-04-13,1.4379353319493817,5,0.0
2017-04-14,1.4350683985533017,5,0.0
2017-04-17,1.4463495408553615,5,0.0
2017-04-18,1.4485552216174904,5,0.0
2017-04-19,1.4465825603627784,5,0.0
2017-04-20,1.4548043976291867,5,0.0
2017-04-21,1.469726382624066,5,0.0
2017-04-24,1.4928683556991564,5,0.0
2017-04-25,1.5122806929432957,5,0.0
2017-04-26,1.517632246323848,5,0.0
2017-04-27,1.5173155922898345,5,0.0
2017-04-28,1.517983531949113,5,0.0
2017-05-02,1.5363873082866482,5,0.0
2017-05-04,1.554449714523415,5,0.0
2017-05-08,1.5970417715226302,5,0.0
2017-05-10,1.575287394889854,5,0.0
2017-05-11,1.6087165029015584,5,0.0
2017-05-12,1.5885420081649921,5,0.0
2017-05-15,1.6011499049752538,5,0.0
2017-05-16,1.5896837275516733,5,0.0
2017-05-17,1.574823147946852,5,0.0
2017-05-18,1.5702642146051242,5,0.0
2017-05-19,1.5521200289719363,5,0.0
2017-05-22,1.568975284892245,5,0.0
2017-05-23,1.5728469714466644,5,0.0
2017-05-24,1.5669395811655318,5,0.0
2017-05-25,1.5802564378753727,5,0.0
2017-05-26,1.5951520444985217,5,0.0
2017-05-29,1.593824948820513,5,0.0
2017-05-30,1.5743118846699786,4,0.32847991960453027
2017-05-31,1.5714127114723877,3,0.6565900683756327
2017-06-01,1.5608510003802276,3,0.6565900683756327
2017-06-02,1.5561994483910961,3,0.6620129570861013
2017-06-05,1.5430100857477518,4,0.3529970500212055
2017-06-07,1.5514007738602698,4,0.3529970500212055
2017-06-08,1.5677503606107148,5,0.03913957819170644
2017-06-09,1.585165878827084,5,0.03913957819170644
2017-06-12,1.552581531644341,5,0.03913957819170644
2017-06-13,1.566486669954605,5,0.03913957819170644
2017-06-14,1.5707763751471302,5,0.03913957819170644
2017-06-15,1.5793896613156617,5,0.03913957819170644
2017-06-16,1.5636316419522949,5,0.03913957819170644
2017-06-19,1.582374430755836,5,0.03913957819170644
2017-06-20,1.571414081539498,4,0.32948209414534757
2017-06-21,1.5643663515473085,5,0.015855545840831653
2017-06-22,1.5577612908094702,4,0.30171923869456885
2017-06-23,1.5510137073417678,4,0.30171923869456885
2017-06-26,1.5670674799244981,4,0.30171923869456885
2017-06-27,1.5922404947681579,4,0.30171923869456885
2017-06-28,1.5831918500826645,4,0.30171923869456885
2017-06-29,1.588718648821987,4,0.30171923869456885
2017-06-30,1.5650542629381863,4,0.30171923869456885
2017-07-03,1.550961957172527,3,0.5919144870691857
2017-07-04,1.5535798809769497,3,0.5919144870691857
2017-07-05,1.5648067895811275,3,0.5919144870691857
2017-07-06,1.5549748806042971,5,0.0
2017-07-07,1.5442967698690027,5,0.0
2017-07-10,1.5606426098799244,4,0.25733918154172253
2017-07-11,1.578203694865836,4,0.25733918154172253
2017-07-12,1.5731549213343776,4,0.25733918154172253
2017-07-13,1.593001198205092,4,0.25733918154172253
2017-07-14,1.6021059733883702,5,0.0
2017-07-17,1.6093094341559608,5,0.0
2017-07-18,1.6231052823126,5,0.0
2017-07-19,1.622748833058646,5,0.0
2017-07-20,1.6551760042808652,5,0.0
2017-07-21,1.6507016351237969,5,0.0
2017-07-24,1.666691577484689,5,0.0
2017-07-25,1.634979342354379,5,0.0
2017-07-26,1.611787323593813,4,0.23805871176730742
2017-07-27,1.6018918215673819,5,0.0
2017-07-28,1.5676496257838926,5,0.0
2017-07-31,1.6134055912043728,5,0.0
2017-08-01,1.6123554382386702,5,0.0
2017-08-02,1.6522568019143524,5,0.0
2017-08-03,1.617113529939921,5,0.0
2017-08-04,1.6399255169985665,5,0.0
2017-08-07,1.650156888485035,5,0.0
2017-08-08,1.6611594934494471,5,0.0
2017-08-09,1.6499573906331764,5,0.0
2017-08-10,1.637485244782313,5,0.0
2017-08-11,1.6032419764081722,5,0.0
2017-08-14,1.6231590638804259,3,0.5785904975364364
2017-08-16,1.619587055498675,3,0.5785904975364364
2017-08-17,1.6122630425158142,3,0.5785904975364364
2017-08-18,1.630696942327465,3,0.5785904975364364
2017-08-21,1.6281741645877499,3,0.5785904975364364
2017-08-22,1.6361544178780467,3,0.5785904975364364
2017-08-23,1.63228678112047,4,0.25217153871244635
2017-08-24,1.6492783827487074,5,0.0
2017-08-25,1.6540946211852954,5,0.0
2017-08-28,1.6417415905278636,5,0.0
2017-08-29,1.6578303454288892,5,0.0
2017-08-30,1.6809369776635814,5,0.0
2017-08-31,1.6867604519961474,5,0.0
2017-09-01,1.679001212324514,5,0.0
2017-09-04,1.6646795999380193,5,0.0
2017-09-05,1.6337369902730292,5,0.0
2017-09-06,1.6827115159647448,5,0.0
2017-09-07,1.7304018909475158,5,0.0
2017-09-08,1.7319817476592023,5,0.0
2017-09-11,1.764636016884915,5,0.0
2017-09-12,1.7811975673238374,5,0.0
2017-09-13,1.796892407484961,5,0.0
2017-09-14,1.7762164158378284,5,0.0
2017-09-15,1.7915072706064321,5,0.0
2017-09-18,1.7948073157818263,5,0.0
2017-09-19,1.7903313802869267,5,0.0
2017-09-20,1.7183088546688043,5,0.0
2017-09-21,1.689803072101531,5,0.0
2017-09-22,1.6605487538998747,5,0.0
2017-09-25,1.6398799861404694,4,0.3369899820728458
2017-09-26,1.6537807970273337,4,0.3369899820728458
2017-09-27,1.6469077385707642,4,0.3369899820728458
2017-09-28,1.6608316618667218,4,0.3369899820728458
2017-09-29,1.6650216470785937,4,0.3369899820728458
2017-10-10,1.6573204637543424,4,0.3369899820728458
2017-10-11,1.6793104031716624,5,0.0
2017-10-12,1.67987929302475,5,0.0
2017-10-13,1.6435613087299916,5,0.0
2017-10-16,1.5838909638073932,4,0.23327824115478388
2017-10-17,1.5868570085735558,3,0.6516636515592412
2017-10-18,1.5922941651880085,3,0.6516636515592412
2017-10-19,1.6042225472822131,3,0.6516636515592412
2017-10-20,1.6014212072237908,3,0.6516636515592412
2017-10-23,1.6063195674870063,3,0.6516636515592412
2017-10-24,1.6046501521548828,3,0.6516636515592412
2017-10-25,1.604158370475048,3,0.6516636515592412
2017-10-26,1.6098490491025186,4,0.3294657683345968
2017-10-27,1.6178401260446904,4,0.3294657683345968
2017-10-30,1.6180657949651802,4,0.3294657683345968
2017-10-31,1.5975001983240926,4,0.3294657683345968
2017-11-01,1.6032059689189493,3,0.6275238120226563
2017-11-02,1.6037624797172754,3,0.6275238120226563
2017-11-03,1.6076296948019702,4,0.3056294827136057
2017-11-06,1.5979705007657015,4,0.3056294827136057
2017-11-07,1.5991819705798416,5,0.0
2017-11-08,1.593759667474525,5,0.0
2017-11-09,1.5844530333256086,5,0.0
2017-11-10,1.5756468925830696,4,0.28273098755120296
2017-11-13,1.5555897009597128,4,0.28273098755120296
2017-11-14,1.5565991556813759,4,0.28273098755120296
2017-11-15,1.5441449996672043,5,0.0
2017-11-16,1.5597463501071445,5,0.0
2017-11-17,1.5505313724915653,5,0.0
2017-11-20,1.5313808805162128,4,0.2615481026631988
2017-11-21,1.5252234068064008,4,0.2615481026631988
2017-11-22,1.5447278400424918,4,0.2615481026631988
2017-11-23,1.539602827636032,4,0.2615481026631988
2017-11-24,1.5516222483119249,4,0.2615481026631988
2017-11-27,1.5387860767097559,4,0.2615481026631988
2017-11-28,1.5374046058805941,4,0.2615481026631988
2017-11-29,1.5416182608239604,4,0.2615481026631988
2017-11-30,1.5241723819948758,3,0.5570473114079145
2017-12-01,1.5058131169575915,3,0.5570473114079145
2017-12-04,1.5258971169106206,3,0.5570473114079145
2017-12-05,1.5248395319604442,3,0.5570473114079145
2017-12-06,1.5183167538869613,3,0.5570473114079145
2017-12-07,1.4974971576422345,3,0.5570473114079145
2017-12-08,1.5004504171821165,3,0.5570473114079145
2017-12-11,1.4990932627879854,3,0.5570473114079145
2017-12-12,1.481760582418472,3,0.5570473114079145
2017-12-13,1.4982380530426465,3,0.5570473114079145
2017-12-14,1.5042254357550673,4,0.2559496232716696
2017-12-15,1.5036576046932837,4,0.2559496232716696
2017-12-18,1.4931325457462923,5,0.0
2017-12-19,1.4849299334041843,4,0.2785387259118472
2017-12-20,1.4946842391451587,4,0.2785387259118472
2017-12-21,1.4781687712661156,4,0.2785387259118472
2017-12-22,1.5070548697175596,5,0.0
2017-12-26,1.517765116352278,5,0.0
2017-12-27,1.4984013249341706,5,0.0
2017-12-28,1.498995072046747,5,0.0
2018-01-02,1.5188109282582407,5,0.0
2018-01-03,1.5119844244691414,5,0.0
2018-01-04,1.4662266348185096,4,0.2576699353383574
2018-01-05,1.4908368467248605,4,0.2576699353383574
2018-01-08,1.5144423019510196,5,0.0
2018-01-09,1.5068277603855238,5,0.0
2018-01-10,1.525004747104747,5,0.0
2018-01-11,1.523106282653681,5,0.0
2018-01-12,1.5886073611032177,5,0.0
2018-01-15,1.5997657296704528,5,0.0
2018-01-16,1.578092207055013,5,0.0
2018-01-17,1.5533016587737576,5,0.0
2018-01-18,1.5308705569204322,4,0.3117418829504711
2018-01-19,1.5344023778223184,4,0.3117418829504711
2018-01-22,1.5268679011889654,4,0.3117418829504711
2018-01-23,1.544496553309127,4,0.3117418829504711
2018-01-24,1.5233512958871969,4,0.3117418829504711
2018-01-25,1.571886482539164,4,0.29945665272787475
2018-01-26,1.5659335856394077,4,0.29945665272787475
2018-01-29,1.572050577137215,4,0.29945665272787475
2018-01-30,1.5752251330621467,4,0.29945665272787475
2018-01-31,1.5748701509475211,4,0.29945665272787475
2018-02-01,1.5508754742225543,4,0.29945665272787475
2018-02-02,1.5411998821693225,3,0.6678892953440658
2018-02-05,1.5215054729598472,3,0.6678892953440658
2018-02-06,1.4922602430853802,2,0.9503149769029988
2018-02-07,1.480307078071512,2,0.9503149769029988
2018-02-08,1.4787847225468913,2,0.9503149769029988
2018-02-09,1.4706587189082327,2,0.9503149769029988
2018-02-12,1.4732238761532286,2,0.9503149769029988
2018-02-13,1.4619435602604094,2,0.9503149769029988
2018-02-14,1.4665106268342716,2,0.9503149769029988
2018-02-19,1.4748493561095097,2,0.9503149769029988
2018-02-20,1.4642844344650556,2,0.9503149769029988
2018-02-21,1.466237321893347,2,0.9503149769029988
2018-02-22,1.4618829809560647,2,0.9503149769029988
2018-02-23,1.4789368688791265,2,0.9503149769029988
2018-02-26,1.4743402107244659,2,0.9503149769029988
2018-02-27,1.4676024504552214,2,0.9503149769029988
2018-02-28,1.4573903313675594,3,0.657424053908135
2018-03-02,1.455108656189947,3,0.657424053908135
2018-03-05,1.4294492248586117,3,0.657424053908135
2018-03-06,1.4415186670380784,3,0.657424053908135
2018-03-07,1.4172872154247307,1,1.1609100640916856
2018-03-08,1.433935082394409,1,1.1609100640916856
2018-03-09,1.4540827898030046,2,0.8726432372154991
2018-03-12,1.4454017459119726,2,0.8726432372154991
2018-03-13,1.4477382381788308,4,0.2962078427859538
2018-03-14,1.4977977954108546,5,0.0
2018-03-15,1.4932958357432686,5,0.0
2018-03-16,1.5172207393969193,5,0.0
2018-03-19,1.509449777269099,5,0.0
2018-03-20,1.5499155193800707,5,0.0
2018-03-21,1.5872474263252703,5,0.0
2018-03-22,1.5351879509395108,5,0.0
2018-03-23,1.4364922211759306,5,0.0
2018-03-26,1.516491232396894,5,0.0
2018-03-27,1.5370953108198802,5,0.0
2018-03-28,1.5041592053225317,5,0.0
2018-03-29,1.529959458993976,5,0.0
2018-03-30,1.578825433382239,5,0.0
2018-04-02,1.5684900829155075,5,0.0
2018-04-03,1.5587385546107533,5,0.0
2018-04-04,1.6360732759701353,4,0.27401523952373597
2018-04-05,1.6453746581344748,4,0.27401523952373597
2018-04-06,1.6748636115348212,4,0.27401523952373597
2018-04-09,1.6845100198269853,4,0.27401523952373597
2018-04-10,1.6590409393075656,4,0.27401523952373597
2018-04-11,1.6242384781465362,4,0.27401523952373597
2018-04-12,1.5582234756241609,4,0.27401523952373597
2018-04-13,1.5809466945863129,5,0.0
2018-04-16,1.5284418277698004,5,0.0
2018-04-17,1.5375186528582634,5,0.0
2018-04-18,1.5206721290774052,5,0.0
2018-04-19,1.5235797833294007,4,0.3056542417679904
2018-04-20,1.5391651446288288,4,0.3056542417679904
2018-04-23,1.5023117126027548,4,0.3056542417679904
2018-04-24,1.4988986193718483,4,0.3056542417679904
2018-04-25,1.5081585307294967,4,0.3056542417679904
2018-04-26,1.5518964546207703,4,0.3056542417679904
2018-04-27,1.5497787304939428,4,0.3056542417679904
2018-04-30,1.5057639658466073,4,0.3056542417679904
2018-05-02,1.4847857240041002,3,0.5723234253733183
2018-05-03,1.4650198882298042,3,0.5723234253733183
2018-05-04,1.4666432003378698,3,0.5723234253733183
2018-05-08,1.4618245210289504,2,0.8106881100681345
2018-05-09,1.5012404098088348,2,0.8106881100681345
2018-05-10,1.5102928738459875,2,0.8106881100681345
2018-05-11,1.5075533863481354,2,0.8106881100681345
2018-05-14,1.4983532963205477,2,0.8106881100681345
2018-05-15,1.5075971118434919,2,0.8106881100681345
2018-05-16,1.529680696149986,2,0.8106881100681345
2018-05-17,1.451576613752818,2,0.8106881100681345
2018-05-18,1.4776813768438986,2,0.8106881100681345
2018-05-21,1.4726962229726053,2,0.8106881100681345
2018-05-23,1.4731651739919422,2,0.8106881100681345
2018-05-24,1.4914614535520394,2,0.8106881100681345
2018-05-25,1.511490722970884,2,0.8106881100681345
2018-05-28,1.5184038270155913,2,0.8106881100681345
2018-05-29,1.4830115229062102,2,0.8106881100681345
2018-05-30,1.5017129696570473,2,0.8106881100681345
2018-05-31,1.5059291087563003,2,0.8106881100681345
2018-06-01,1.5429019649621598,2,0.8106881100681345
2018-06-04,1.5173299367190136,2,0.8106881100681345
2018-06-05,1.5007441827985062,2,0.8106881100681345
2018-06-07,1.5077195005448643,1,1.1996324145453416
2018-06-08,1.502713085397372,1,1.1996324145453416
2018-06-11,1.4971290069636307,1,1.1996324145453416
2018-06-12,1.5019428676823732,1,1.1996324145453416
2018-06-14,1.4829860319768384,2,0.901130874410614
2018-06-15,1.4966810707775977,2,0.901130874410614
2018-06-18,1.4555091115101444,1,1.1772679619668256
2018-06-19,1.448769706503905,1,1.1772679619668256
2018-06-20,1.457819764655141,1,1.1772679619668256
2018-06-21,1.4497324786476535,1,1.1772679619668256
2018-06-22,1.4510803596489013,1,1.1772679619668256
2018-06-25,1.4533910127938978,1,1.1772679619668256
2018-06-26,1.4489622609326547,1,1.1772679619668256
2018-06-27,1.4497324786476533,1,1.1772679619668256
2018-06-28,1.443570736927663,1,1.1772679619668256
2018-06-29,1.4497324786476533,1,1.1772679619668256
2018-07-02,1.4352908964914257,1,1.1772679619668256
2018-07-03,1.4420303014976654,1,1.1772679619668256
2018-07-04,1.4503101419339026,1,1.1772679619668256
2018-07-05,1.4489622609326547,1,1.1772679619668256
2018-07-06,1.4533910127938978,1,1.1772679619668256
2018-07-09,1.4734166733838667,1,1.1772679619668256
2018-07-10,1.4668698228063768,1,1.1772679619668256
2018-07-11,1.4533910127938978,1,1.1772679619668256
2018-07-12,1.4535835672226476,1,1.1772679619668256
2018-07-13,1.4537761216513971,1,1.1772679619668256
2018-07-16,1.450695250791402,1,1.1772679619668256
2018-07-17,1.4468441622164079,1,1.1772679619668256
2018-07-18,1.4495399242189038,1,1.1772679619668256
2018-07-19,1.4468441622164079,1,1.1772679619668256
2018-07-20,1.4449186179289109,1,1.1772679619668256
2018-07-23,1.4307533213855765,0,1.4307533213855765
2018-07-24,1.4307533213855765,0,1.4307533213855765
2018-07-25,1.4307533213855765,0,1.4307533213855765
2018-07-26,1.4307533213855765,0,1.4307533213855765
2018-07-27,1.4307533213855765,0,1.4307533213855765
2018-07-30,1.4307533213855765,0,1.4307533213855765
2018-07-31,1.4307533213855765,0,1.4307533213855765
2018-08-01,1.4307533213855765,0,1.4307533213855765
2018-08-02,1.4307533213855765,0,1.4307533213855765
2018-08-03,1.4307533213855765,0,1.4307533213855765
2018-08-06,1.4307533213855765,0,1.4307533213855765
2018-08-07,1.4307533213855765,0,1.4307533213855765
2018-08-08,1.4307533213855765,0,1.4307533213855765
2018-08-09,1.4307533213855765,0,1.4307533213855765
2018-08-10,1.4307533213855765,0,1.4307533213855765
2018-08-13,1.4307533213855765,0,1.4307533213855765
2018-08-14,1.4307533213855765,0,1.4307533213855765
2018-08-16,1.4307533213855765,0,1.4307533213855765
2018-08-17,1.4307533213855765,0,1.4307533213855765
2018-08-20,1.4307533213855765,0,1.4307533213855765
2018-08-21,1.4307533213855765,0,1.4307533213855765
2018-08-22,1.4307533213855765,0,1.4307533213855765
2018-08-23,1.4307533213855765,0,1.4307533213855765
2018-08-24,1.4307533213855765,0,1.4307533213855765
2018-08-27,1.4307533213855765,0,1.4307533213855765
2018-08-28,1.4307533213855765,0,1.4307533213855765
2018-08-29,1.4307533213855765,0,1.4307533213855765
2018-08-30,1.4307533213855765,0,1.4307533213855765
2018-08-31,1.4307533213855765,0,1.4307533213855765
2018-09-03,1.4307533213855765,0,1.4307533213855765
2018-09-04,1.4307533213855765,0,1.4307533213855765
2018-09-05,1.4307533213855765,0,1.4307533213855765
2018-09-06,1.4307533213855765,0,1.4307533213855765
2018-09-07,1.4307533213855765,0,1.4307533213855765
2018-09-10,1.4307533213855765,0,1.4307533213855765
2018-09-11,1.4307533213855765,0,1.4307533213855765
2018-09-12,1.4307533213855765,0,1.4307533213855765
2018-09-13,1.4307533213855765,0,1.4307533213855765
2018-09-14,1.4307533213855765,0,1.4307533213855765
2018-09-17,1.4307533213855765,0,1.4307533213855765
2018-09-18,1.4307533213855765,0,1.4307533213855765
2018-09-19,1.4307533213855765,0,1.4307533213855765
2018-09-20,1.4307533213855765,0,1.4307533213855765
2018-09-21,1.4307533213855765,0,1.4307533213855765
2018-09-27,1.4307533213855765,0,1.4307533213855765
2018-09-28,1.4307533213855765,0,1.4307533213855765
2018-10-01,1.4307533213855765,0,1.4307533213855765
2018-10-02,1.4307533213855765,0,1.4307533213855765
2018-10-04,1.4307533213855765,0,1.4307533213855765
2018-10-05,1.4307533213855765,0,1.4307533213855765
2018-10-08,1.4307533213855765,0,1.4307533213855765
2018-10-10,1.4307533213855765,0,1.4307533213855765
2018-10-11,1.4307533213855765,0,1.4307533213855765
2018-10-12,1.4307533213855765,0,1.4307533213855765
2018-10-15,1.4307533213855765,0,1.4307533213855765
2018-10-16,1.4307533213855765,0,1.4307533213855765
2018-10-17,1.4307533213855765,0,1.4307533213855765
2018-10-18,1.4307533213855765,0,1.4307533213855765
2018-10-19,1.4307533213855765,0,1.4307533213855765
2018-10-22,1.4307533213855765,0,1.4307533213855765
2018-10-23,1.4307533213855765,0,1.4307533213855765
2018-10-24,1.4307533213855765,0,1.4307533213855765
2018-10-25,1.4307533213855765,0,1.4307533213855765
2018-10-26,1.4307533213855765,0,1.4307533213855765
2018-10-29,1.4307533213855765,0,1.4307533213855765
2018-10-30,1.4307533213855765,0,1.4307533213855765
2018-10-31,1.4307533213855765,0,1.4307533213855765
2018-11-01,1.4307533213855765,0,1.4307533213855765
2018-11-02,1.4307533213855765,0,1.4307533213855765
2018-11-05,1.4307533213855765,0,1.4307533213855765
2018-11-06,1.4307533213855765,0,1.4307533213855765
2018-11-07,1.4307533213855765,0,1.4307533213855765
2018-11-08,1.4307533213855765,0,1.4307533213855765
2018-11-09,1.4307533213855765,0,1.4307533213855765
2018-11-12,1.4307533213855765,0,1.4307533213855765
2018-11-13,1.4307533213855765,0,1.4307533213855765
2018-11-14,1.4307533213855765,0,1.4307533213855765
2018-11-15,1.4307533213855765,0,1.4307533213855765
2018-11-16,1.4307533213855765,0,1.4307533213855765
2018-11-19,1.4307533213855765,0,1.4307533213855765
2018-11-20,1.4307533213855765,0,1.4307533213855765
2018-11-21,1.4307533213855765,0,1.4307533213855765
2018-11-22,1.4307533213855765,0,1.4307533213855765
2018-11-23,1.4307533213855765,0,1.4307533213855765
2018-11-26,1.4307533213855765,0,1.4307533213855765
2018-11-27,1.4307533213855765,0,1.4307533213855765
2018-11-28,1.4307533213855765,0,1.4307533213855765
2018-11-29,1.4307533213855765,0,1.4307533213855765
2018-11-30,1.4307533213855765,0,1.4307533213855765
2018-12-03,1.4307533213855765,0,1.4307533213855765
2018-12-04,1.4307533213855765,0,1.4307533213855765
2018-12-05,1.4307533213855765,0,1.4307533213855765
2018-12-06,1.4307533213855765,0,1.4307533213855765
2018-12-07,1.4307533213855765,0,1.4307533213855765
2018-12-10,1.4307533213855765,0,1.4307533213855765
2018-12-11,1.4307533213855765,0,1.4307533213855765
2018-12-12,1.4307533213855765,0,1.4307533213855765
2018-12-13,1.4307533213855765,0,1.4307533213855765
2018-12-14,1.4307533213855765,0,1.4307533213855765
2018-12-17,1.4307533213855765,0,1.4307533213855765
2018-12-18,1.4307533213855765,0,1.4307533213855765
2018-12-19,1.4307533213855765,0,1.4307533213855765
2018-12-20,1.4307533213855765,0,1.4307533213855765
2018-12-21,1.4307533213855765,0,1.4307533213855765
2018-12-24,1.4307533213855765,0,1.4307533213855765
2018-12-26,1.4307533213855765,0,1.4307533213855765
2018-12-27,1.4307533213855765,0,1.4307533213855765
2018-12-28,1.4307533213855765,0,1.4307533213855765
2019-01-02,1.4307533213855765,0,1.4307533213855765
2019-01-03,1.4307533213855765,0,1.4307533213855765
2019-01-04,1.4307533213855765,0,1.4307533213855765
2019-01-07,1.4307533213855765,0,1.4307533213855765
2019-01-08,1.4307533213855765,0,1.4307533213855765
2019-01-09,1.4307533213855765,0,1.4307533213855765
2019-01-10,1.4307533213855765,0,1.4307533213855765
2019-01-11,1.4307533213855765,0,1.4307533213855765
2019-01-14,1.4307533213855765,0,1.4307533213855765
2019-01-15,1.4307533213855765,0,1.4307533213855765
2019-01-16,1.4307533213855765,0,1.4307533213855765
2019-01-17,1.4307533213855765,0,1.4307533213855765
2019-01-18,1.4307533213855765,0,1.4307533213855765
2019-01-21,1.4307533213855765,0,1.4307533213855765
2019-01-22,1.4307533213855765,0,1.4307533213855765
2019-01-23,1.4307533213855765,0,1.4307533213855765
2019-01-24,1.4307533213855765,0,1.4307533213855765
2019-01-25,1.4307533213855765,0,1.4307533213855765
2019-01-28,1.4307533213855765,0,1.4307533213855765
2019-01-29,1.4307533213855765,0,1.4307533213855765
2019-01-30,1.4307533213855765,0,1.4307533213855765
2019-01-31,1.4307533213855765,0,1.4307533213855765
2019-02-01,1.4307533213855765,0,1.4307533213855765
2019-02-07,1.4307533213855765,0,1.4307533213855765
2019-02-08,1.4307533213855765,0,1.4307533213855765
2019-02-11,1.4307533213855765,0,1.4307533213855765
2019-02-12,1.4307533213855765,0,1.4307533213855765
2019-02-13,1.4307533213855765,0,1.4307533213855765
2019-02-14,1.4307533213855765,0,1.4307533213855765
2019-02-15,1.4307533213855765,0,1.4307533213855765
2019-02-18,1.4307533213855765,0,1.4307533213855765
2019-02-19,1.4307533213855765,0,1.4307533213855765
2019-02-20,1.4307533213855765,0,1.4307533213855765
2019-02-21,1.4307533213855765,0,1.4307533213855765
2019-02-22,1.4307533213855765,0,1.4307533213855765
2019-02-25,1.4307533213855765,0,1.4307533213855765
2019-02-26,1.4307533213855765,0,1.4307533213855765
2019-02-27,1.4307533213855765,0,1.4307533213855765
2019-02-28,1.4307533213855765,0,1.4307533213855765
2019-03-04,1.4307533213855765,0,1.4307533213855765
2019-03-05,1.4307533213855765,0,1.4307533213855765
2019-03-06,1.4307533213855765,0,1.4307533213855765
2019-03-07,1.4307533213855765,0,1.4307533213855765
2019-03-08,1.4307533213855765,0,1.4307533213855765
2019-03-11,1.4307533213855765,0,1.4307533213855765
2019-03-12,1.4307533213855765,0,1.4307533213855765
2019-03-13,1.4307533213855765,0,1.4307533213855765
2019-03-14,1.4307533213855765,0,1.4307533213855765
2019-03-15,1.4307533213855765,0,1.4307533213855765
2019-03-18,1.4307533213855765,0,1.4307533213855765
2019-03-19,1.4307533213855765,0,1.4307533213855765
2019-03-20,1.4307533213855765,0,1.4307533213855765
2019-03-21,1.4307533213855765,0,1.4307533213855765
2019-03-22,1.4307533213855765,0,1.4307533213855765
2019-03-25,1.4307533213855765,0,1.4307533213855765
2019-03-26,1.4307533213855765,0,1.4307533213855765
2019-03-27,1.4307533213855765,0,1.4307533213855765
2019-03-28,1.4307533213855765,0,1.4307533213855765
2019-03-29,1.4307533213855765,0,1.4307533213855765
2019-04-01,1.4307533213855765,0,1.4307533213855765
2019-04-02,1.4307533213855765,0,1.4307533213855765
2019-04-03,1.4307533213855765,0,1.4307533213855765
2019-04-04,1.4307533213855765,0,1.4307533213855765
2019-04-05,1.4307533213855765,0,1.4307533213855765
2019-04-08,1.4307533213855765,0,1.4307533213855765
2019-04-09,1.4307533213855765,0,1.4307533213855765
2019-04-10,1.4307533213855765,0,1.4307533213855765
2019-04-11,1.4307533213855765,0,1.4307533213855765
2019-04-12,1.4307533213855765,0,1.4307533213855765
2019-04-15,1.4307533213855765,0,1.4307533213855765
2019-04-16,1.4307533213855765,0,1.4307533213855765
2019-04-17,1.4307533213855765,0,1.4307533213855765
2019-04-18,1.4307533213855765,0,1.4307533213855765
2019-04-19,1.4307533213855765,0,1.4307533213855765
2019-04-22,1.4307533213855765,0,1.4307533213855765
2019-04-23,1.4307533213855765,0,1.4307533213855765
2019-04-24,1.4307533213855765,0,1.4307533213855765
2019-04-25,1.4307533213855765,0,1.4307533213855765
2019-04-26,1.4307533213855765,0,1.4307533213855765
2019-04-29,1.4307533213855765,0,1.4307533213855765
2019-04-30,1.4307533213855765,0,1.4307533213855765
2019-05-02,1.4448606812638465,2,0.858451992831346
2019-05-03,1.4498214371103635,3,0.5686137287972944
2019-05-07,1.4489520839673842,3,0.5686137287972944
2019-05-08,1.4536240975115922,3,0.5686137287972944
2019-05-09,1.449478157100359,3,0.5686137287972944
2019-05-10,1.44832198917249,3,0.5686137287972944
2019-05-13,1.4589632399495254,3,0.5686137287972944
2019-05-14,1.4866230233752744,3,0.5686137287972944
2019-05-15,1.6036936812408213,3,0.5686137287972944
2019-05-16,1.6016344046494497,3,0.5686137287972944
2019-05-17,1.6131456436935334,3,0.5686137287972944
2019-05-20,1.5969888256476277,3,0.5686137287972944
2019-05-21,1.6160184433268392,3,0.5686137287972944
2019-05-22,1.6359798271461812,3,0.5686137287972944
2019-05-23,1.6533545909930387,3,0.5686137287972944
2019-05-24,1.6636125409054747,3,0.5686137287972944
2019-05-27,1.651650592913707,3,0.5686137287972944
2019-05-28,1.7191766787530258,3,0.5686137287972944
2019-05-29,1.6687845106023063,3,0.5686137287972944
2019-05-30,1.6502687529499616,3,0.5686137287972944
2019-05-31,1.6351597212081415,3,0.5686137287972944
2019-06-03,1.638718128175352,3,0.5686137287972944
2019-06-04,1.611476988944898,3,0.5686137287972944
2019-06-05,1.6193194310678192,3,0.5686137287972944
2019-06-07,1.6535832240451884,3,0.5686137287972944
2019-06-10,1.6553613160616725,3,0.5686137287972944
2019-06-11,1.6417495093234837,3,0.5686137287972944
2019-06-12,1.6491528204807597,3,0.5686137287972944
2019-06-13,1.654325742863695,3,0.5686137287972944
2019-06-14,1.6333053123202625,3,0.5686137287972944
2019-06-17,1.6355288006364628,3,0.5686137287972944
2019-06-18,1.633948358303296,3,0.5686137287972944
2019-06-19,1.5990759099874858,3,0.5686137287972944
2019-06-20,1.6038450447354724,3,0.5686137287972944
2019-06-21,1.6189084254126955,3,0.5686137287972944
2019-06-24,1.625011843687623,3,0.5686137287972944
2019-06-25,1.5946630064376426,3,0.5686137287972944
2019-06-26,1.611750320375541,3,0.5686137287972944
2019-06-27,1.6002006482870352,3,0.5686137287972944
2019-06-28,1.5890462755651642,3,0.5686137287972944
2019-07-01,1.5578967564090933,2,0.8334580718125173
2019-07-02,1.5744226538833206,2,0.8334580718125173
2019-07-03,1.5727671649268973,2,0.8334580718125173
2019-07-04,1.5944259639294651,2,0.8334580718125173
2019-07-05,1.5927288663082741,2,0.8334580718125173
2019-07-08,1.591476847424765,2,0.8334580718125173
2019-07-09,1.6165714503344821,2,0.8334580718125173
2019-07-10,1.6627965561795501,2,0.8334580718125173
2019-07-11,1.6594023609371682,2,0.8334580718125173
2019-07-12,1.7023164888693898,2,0.8334580718125173
2019-07-15,1.6820345347446346,2,0.8334580718125173
2019-07-16,1.645992014626712,2,0.8334580718125173
2019-07-17,1.6541207174963102,1,1.1017154417986754
2019-07-18,1.6736373401400058,1,1.1017154417986754
2019-07-19,1.6702431448976238,1,1.1017154417986754
2019-07-22,1.6795771818141738,1,1.1017154417986754
2019-07-23,1.656666363928097,1,1.1017154417986754
2019-07-24,1.6473323270115467,1,1.1017154417986754
2019-07-25,1.6473323270115467,1,1.1017154417986754
2019-07-26,1.6676974984658375,1,1.1017154417986754
2019-07-29,1.634604094852615,1,1.1017154417986754
2019-07-30,1.6337555460420197,1,1.1017154417986754
2019-07-31,1.6660004008446467,1,1.1017154417986754
2019-08-01,1.6558178151175014,1,1.1017154417986754
2019-08-02,1.6549692663069058,1,1.1017154417986754
2019-08-05,1.626967155557256,1,1.1017154417986754
2019-08-06,1.6125418257771336,1,1.1017154417986754
2019-08-07,1.626967155557256,1,1.1017154417986754
2019-08-08,1.6600605591704785,1,1.1017154417986754
2019-08-09,1.6956996092154872,1,1.1017154417986754
2019-08-12,1.659212010359883,1,1.1017154417986754
2019-08-13,1.6252700579360653,1,1.1017154417986754
2019-08-14,1.6278157043678516,1,1.1017154417986754
2019-08-16,1.5896310078910565,1,1.1017154417986754
2019-08-19,1.5865201789052925,0,1.5865201789052925
2019-08-20,1.5865201789052925,0,1.5865201789052925
2019-08-21,1.5865201789052925,0,1.5865201789052925
2019-08-22,1.5865201789052925,0,1.5865201789052925
2019-08-23,1.5865201789052925,0,1.5865201789052925
2019-08-26,1.5865201789052925,0,1.5865201789052925
2019-08-27,1.5865201789052925,0,1.5865201789052925
2019-08-28,1.5865201789052925,0,1.5865201789052925
2019-08-29,1.5865201789052925,0,1.5865201789052925
2019-08-30,1.5865201789052925,0,1.5865201789052925
2019-09-02,1.5865201789052925,0,1.5865201789052925
2019-09-03,1.5865201789052925,0,1.5865201789052925
2019-09-04,1.5865201789052925,0,1.5865201789052925
2019-09-05,1.5865201789052925,0,1.5865201789052925
2019-09-06,1.5865201789052925,0,1.5865201789052925
2019-09-09,1.5865201789052925,0,1.5865201789052925
2019-09-10,1.5865201789052925,0,1.5865201789052925
2019-09-11,1.5865201789052925,0,1.5865201789052925
2019-09-16,1.5865201789052925,0,1.5865201789052925
2019-09-17,1.5865201789052925,0,1.5865201789052925
2019-09-18,1.5865201789052925,0,1.5865201789052925
2019-09-19,1.5865201789052925,0,1.5865201789052925
2019-09-20,1.5865201789052925,0,1.5865201789052925
2019-09-23,1.5865201789052925,0,1.5865201789052925
2019-09-24,1.5865201789052925,0,1.5865201789052925
2019-09-25,1.5865201789052925,0,1.5865201789052925
2019-09-26,1.5865201789052925,0,1.5865201789052925
2019-09-27,1.5865201789052925,0,1.5865201789052925
2019-09-30,1.5865201789052925,0,1.5865201789052925
2019-10-01,1.5865201789052925,0,1.5865201789052925
2019-10-02,1.5865201789052925,0,1.5865201789052925
2019-10-04,1.5865201789052925,0,1.5865201789052925
2019-10-07,1.5865201789052925,0,1.5865201789052925
2019-10-08,1.5865201789052925,0,1.5865201789052925
2019-10-10,1.5865201789052925,0,1.5865201789052925
2019-10-11,1.5865201789052925,0,1.5865201789052925
2019-10-14,1.5865201789052925,0,1.5865201789052925
2019-10-15,1.5865201789052925,0,1.5865201789052925
2019-10-16,1.5865201789052925,0,1.5865201789052925
2019-10-17,1.5865201789052925,0,1.5865201789052925
2019-10-18,1.5865201789052925,0,1.5865201789052925
2019-10-21,1.5865201789052925,0,1.5865201789052925
2019-10-22,1.5865201789052925,0,1.5865201789052925
2019-10-23,1.5865201789052925,0,1.5865201789052925
2019-10-24,1.5865201789052925,0,1.5865201789052925
2019-10-25,1.5865201789052925,0,1.5865201789052925
2019-10-28,1.5865201789052925,0,1.5865201789052925
2019-10-29,1.5865201789052925,0,1.5865201789052925
2019-10-30,1.5865201789052925,0,1.5865201789052925
2019-10-31,1.5865201789052925,0,1.5865201789052925
2019-11-01,1.5865201789052925,0,1.5865201789052925
2019-11-04,1.5865201789052925,0,1.5865201789052925
2019-11-05,1.5865201789052925,0,1.5865201789052925
2019-11-06,1.5865201789052925,0,1.5865201789052925
2019-11-07,1.5865201789052925,0,1.5865201789052925
2019-11-08,1.5865201789052925,0,1.5865201789052925
2019-11-11,1.5865201789052925,0,1.5865201789052925
2019-11-12,1.5865201789052925,0,1.5865201789052925
2019-11-13,1.5806010925506921,1,1.269216143124234
2019-11-14,1.5731331271647389,3,0.6365100837496744
2019-11-15,1.582661210483848,3,0.6365100837496744
2019-11-18,1.5759705273469167,3,0.6365100837496744
2019-11-19,1.5433031452138422,2,0.9293079723027622
2019-11-20,1.5331492730337852,2,0.9293079723027622
2019-11-21,1.5241783631966572,1,1.22210586085585
2019-11-22,1.5157839451084536,0,1.5157839451084536
2019-11-25,1.5157839451084536,0,1.5157839451084536
2019-11-26,1.5157839451084536,0,1.5157839451084536
2019-11-27,1.5157839451084536,0,1.5157839451084536
2019-11-28,1.5157839451084536,0,1.5157839451084536
2019-11-29,1.5157839451084536,0,1.5157839451084536
2019-12-02,1.5157839451084536,0,1.5157839451084536
2019-12-03,1.5157839451084536,0,1.5157839451084536
2019-12-04,1.5157839451084536,0,1.5157839451084536
2019-12-05,1.5157839451084536,0,1.5157839451084536
2019-12-06,1.5157839451084536,0,1.5157839451084536
2019-12-09,1.5157839451084536,0,1.5157839451084536
2019-12-10,1.5157839451084536,0,1.5157839451084536
2019-12-11,1.5157839451084536,0,1.5157839451084536
2019-12-12,1.5157839451084536,0,1.5157839451084536
2019-12-13,1.5157839451084536,0,1.5157839451084536
2019-12-16,1.5157839451084536,0,1.5157839451084536
2019-12-17,1.5157839451084536,0,1.5157839451084536
2019-12-18,1.5157839451084536,0,1.5157839451084536
2019-12-19,1.5157839451084536,0,1.5157839451084536
2019-12-20,1.5157839451084536,0,1.5157839451084536
2019-12-23,1.5134982965490544,1,1.212627156086763
2019-12-24,1.5063620961615185,2,0.9105815644736093
2019-12-26,1.5014066347355501,2,0.9105815644736093
2019-12-27,1.5177530913222113,2,0.9105815644736093
2019-12-30,1.525161306610644,2,0.9105815644736093
2020-01-02,1.5154028627767102,2,0.9105815644736093
2020-01-03,1.5091198080599884,2,0.9105815644736093
2020-01-06,1.5003340457797627,2,0.9105815644736093
2020-01-07,1.5159680609774495,2,0.9105815644736093
2020-01-08,1.501919261320366,2,0.9105815644736093
2020-01-09,1.515047951039665,2,0.9105815644736093
2020-01-10,1.5301167680366123,2,0.9105815644736093
2020-01-13,1.5329770052520455,2,0.9105815644736093
2020-01-14,1.5221606333053965,3,0.6039551440366229
2020-01-15,1.5200004246211862,3,0.6039551440366229
2020-01-16,1.513008947032157,2,0.8877506511234038
2020-01-17,1.5125488920632648,2,0.8877506511234038
2020-01-20,1.5075408590213728,2,0.8877506511234038
2020-01-21,1.498547428192337,2,0.8877506511234038
2020-01-22,1.5152507914422226,3,0.5847308640408189
2020-01-23,1.5172733358429173,3,0.5847308640408189
2020-01-28,1.50526693886601,2,0.8601499331267629
2020-01-29,1.5055745148168993,2,0.8601499331267629
2020-01-30,1.5084347520323322,2,0.8601499331267629
2020-01-31,1.500109044720999,2,0.8601499331267629
2020-02-03,1.4932634097184216,2,0.8601499331267629
2020-02-04,1.5074646883935081,2,0.8601499331267629
2020-02-05,1.5073122093755051,2,0.8601499331267629
2020-02-06,1.5280489291873955,2,0.8601499331267629
2020-02-07,1.5337720215331456,2,0.8601499331267629
2020-02-10,1.5391849200131222,2,0.8601499331267629
2020-02-11,1.5393899706470486,2,0.8601499331267629
2020-02-12,1.5416376738755866,2,0.8601499331267629
2020-02-13,1.5408200892547654,2,0.8601499331267629
2020-02-14,1.5366735828475588,3,0.5514748594399244
2020-02-17,1.52977359541126,3,0.5514748594399244
2020-02-18,1.5222129011048242,3,0.5514748594399244
2020-02-19,1.5377907700386122,3,0.5514748594399244
2020-02-20,1.5309407363033527,3,0.5514748594399244
2020-02-21,1.5198076616613467,2,0.9023617269193825
2020-02-24,1.4978725184851593,2,0.9023617269193825
2020-02-25,1.4995530883412587,1,1.1880533478082884
2020-02-26,1.4938299959955086,1,1.1880533478082884
2020-02-27,1.4856541497872942,1,1.1880533478082884
2020-02-28,1.4686375666913172,0,1.4686375666913172
2020-03-02,1.4686375666913172,0,1.4686375666913172
2020-03-03,1.4686375666913172,0,1.4686375666913172
2020-03-04,1.4686375666913172,0,1.4686375666913172
2020-03-05,1.4686375666913172,0,1.4686375666913172
2020-03-06,1.4686375666913172,0,1.4686375666913172
2020-03-09,1.4686375666913172,0,1.4686375666913172
2020-03-10,1.4686375666913172,0,1.4686375666913172
2020-03-11,1.4686375666913172,0,1.4686375666913172
2020-03-12,1.4686375666913172,0,1.4686375666913172
2020-03-13,1.4686375666913172,0,1.4686375666913172
2020-03-16,1.4686375666913172,0,1.4686375666913172
2020-03-17,1.4686375666913172,0,1.4686375666913172
2020-03-18,1.4686375666913172,0,1.4686375666913172
2020-03-19,1.4686375666913172,0,1.4686375666913172
2020-03-20,1.4686375666913172,0,1.4686375666913172
2020-03-23,1.4686375666913172,0,1.4686375666913172
2020-03-24,1.4686375666913172,0,1.4686375666913172
2020-03-25,1.4686375666913172,0,1.4686375666913172
2020-03-26,1.4686375666913172,0,1.4686375666913172
2020-03-27,1.4686375666913172,0,1.4686375666913172
2020-03-30,1.4686375666913172,0,1.4686375666913172
2020-03-31,1.4686375666913172,0,1.4686375666913172
2020-04-01,1.4686375666913172,0,1.4686375666913172
2020-04-02,1.4686375666913172,0,1.4686375666913172
2020-04-03,1.4686375666913172,0,1.4686375666913172
2020-04-06,1.4686375666913172,0,1.4686375666913172
2020-04-07,1.4686375666913172,0,1.4686375666913172
2020-04-08,1.4686375666913172,0,1.4686375666913172
2020-04-09,1.4686375666913172,0,1.4686375666913172
2020-04-10,1.4686375666913172,0,1.4686375666913172
2020-04-13,1.4686375666913172,0,1.4686375666913172
2020-04-14,1.4686375666913172,0,1.4686375666913172
2020-04-16,1.4686375666913172,0,1.4686375666913172
2020-04-17,1.4686375666913172,0,1.4686375666913172
2020-04-20,1.4686375666913172,0,1.4686375666913172
2020-04-21,1.4686375666913172,0,1.4686375666913172
2020-04-22,1.4686375666913172,0,1.4686375666913172
2020-04-23,1.4686375666913172,0,1.4686375666913172
2020-04-24,1.4686375666913172,0,1.4686375666913172
2020-04-27,1.4686375666913172,0,1.4686375666913172
2020-04-28,1.4686375666913172,0,1.4686375666913172
2020-04-29,1.4686375666913172,0,1.4686375666913172
2020-05-04,1.4686375666913172,0,1.4686375666913172
2020-05-06,1.4686375666913172,0,1.4686375666913172
2020-05-07,1.4686375666913172,0,1.4686375666913172
2020-05-08,1.472210800642427,1,1.1749100533530537
2020-05-11,1.463803838636815,1,1.1749100533530537
2020-05-12,1.4506266643653465,2,0.8833721164628706
2020-05-13,1.448627824733265,2,0.8833721164628706
2020-05-14,1.4545828356545218,3,0.5945485569660902
2020-05-15,1.4704255074926125,2,0.8643790448831822
2020-05-18,1.4773067893663767,2,0.8643790448831822
2020-05-19,1.477664523880894,3,0.5680285808364771
2020-05-20,1.508112156094661,3,0.5680285808364771
2020-05-21,1.5092431887409385,4,0.2633247204013506
2020-05-22,1.489162294404782,3,0.5453408182322199
2020-05-25,1.5295143002035796,3,0.5453408182322199
2020-05-26,1.5373537259757135,3,0.5453408182322199
2020-05-27,1.5081529824487503,3,0.5453408182322199
2020-05-28,1.4806619425509855,3,0.5453408182322199
2020-05-29,1.4862467823992267,3,0.5453408182322199
2020-06-01,1.5256434004986728,3,0.5453408182322199
2020-06-02,1.534368011217848,4,0.23686267186301208
2020-06-03,1.4925287833761927,5,0.0
2020-06-04,1.5507676970192201,5,0.0
2020-06-05,1.5655566729827706,5,0.0
2020-06-08,1.60946355358709,5,0.0
2020-06-09,1.6002133019899605,5,0.0
2020-06-10,1.6235698666737337,5,0.0
2020-06-11,1.658547837786504,5,0.0
2020-06-12,1.6363819271180644,5,0.0
2020-06-15,1.481924231549981,4,0.21922625576587437
2020-06-16,1.532761726075721,1,1.1399614256080666
2020-06-17,1.5236175768750715,2,0.8344797456071442
2020-06-18,1.5090962381655824,2,0.8344797456071442
2020-06-19,1.523158884585173,2,0.8344797456071442
2020-06-22,1.541319265165065,2,0.8344797456071442
2020-06-23,1.5812413228433337,2,0.8344797456071442
2020-06-24,1.589923063322825,2,0.8344797456071442
2020-06-25,1.5751085115373766,2,0.8344797456071442
2020-06-26,1.569379232783338,2,0.8344797456071442
2020-06-29,1.5607526520418264,2,0.8344797456071442
2020-06-30,1.5544093672668786,2,0.8344797456071442
2020-07-01,1.5437302949936498,2,0.8344797456071442
2020-07-02,1.5831864114788867,2,0.8344797456071442
2020-07-03,1.5775572867178793,2,0.8344797456071442
2020-07-06,1.5790893721875279,4,0.19849135594407574
2020-07-07,1.5724942290616215,5,0.0
2020-07-08,1.595706181562405,5,0.0
2020-07-09,1.7004588893204409,5,0.0
2020-07-10,1.6988222654195837,5,0.0
2020-07-13,1.7139314927940654,5,0.0
2020-07-14,1.701892608894251,5,0.0
2020-07-15,1.662884942678945,4,0.18371200672209542
2020-07-16,1.606063921344704,4,0.17003310422932577
2020-07-17,1.6253592102784513,4,0.17003310422932577
2020-07-20,1.587878120557676,5,0.0
2020-07-21,1.5971997910107343,5,0.0
2020-07-22,1.5871356788960207,5,0.0
2020-07-23,1.592990874923873,4,0.2827360021945653
2020-07-24,1.564993048905996,4,0.2827360021945653
2020-07-27,1.5704815977844697,4,0.2827360021945653
2020-07-28,1.5632608905431695,5,0.0
2020-07-29,1.5473318701381686,5,0.0
2020-07-30,1.5919912201328237,5,0.10742586935403786
2020-07-31,1.6048263741895616,5,0.10742586935403786
2020-08-03,1.668218309897723,5,0.10742586935403786
2020-08-04,1.6876344177690323,5,0.10742586935403786
2020-08-05,1.7003364910181848,5,0.10742586935403786
2020-08-06,1.6996014700160043,5,0.10742586935403786
2020-08-07,1.6878502614087147,5,0.10742586935403786
2020-08-10,1.6823359260794755,5,0.10742586935403786
2020-08-11,1.7296841043596842,5,0.10742586935403786
2020-08-12,1.7005761986325285,5,0.10742586935403786
2020-08-13,1.7402142884888838,5,0.10742586935403786
2020-08-14,1.694835408415572,5,0.10742586935403786
2020-08-18,1.6339589387597582,5,0.10742586935403786
2020-08-19,1.6987567972791155,4,0.42994766818649627
2020-08-20,1.6364896132399789,3,0.5873203791470561
2020-08-21,1.641096137525027,3,0.5873203791470561
2020-08-24,1.682479854616205,2,0.897400383293723
2020-08-25,1.6720005534316484,2,0.897400383293723
2020-08-26,1.6837134080292224,2,0.897400383293723
2020-08-27,1.6788183345806478,2,0.897400383293723
2020-08-28,1.6679732155188864,2,0.897400383293723
2020-08-31,1.6764897933516751,1,1.2431141732414424
2020-09-01,1.6706333660528883,1,1.2431141732414424
2020-09-02,1.6818138181687543,1,1.2431141732414424
2020-09-03,1.6796842082419225,1,1.2431141732414424
2020-09-04,1.6931486505865685,2,0.9088810195345232
2020-09-07,1.6842467579904443,2,0.9088810195345232
2020-09-08,1.6947767865893577,2,0.9088810195345232
2020-09-09,1.6726725434665588,2,0.9088810195345232
2020-09-10,1.6788157296658544,1,1.3243458509449966
2020-09-11,1.6805618867038883,1,1.3243458509449966
2020-09-14,1.6731407192922445,1,1.3243458509449966
2020-09-15,1.6740137978112617,1,1.3243458509449966
2020-09-16,1.668009653398339,2,0.9894557835308426
2020-09-17,1.6555742549677206,2,0.9894557835308426
2020-09-18,1.6568367684205225,2,0.9894557835308426
2020-09-21,1.6693544345718434,2,0.9894557835308426
2020-09-22,1.6560930619479315,2,0.9894557835308426
2020-09-23,1.6087571587057832,0,1.6087571587057832
2020-09-24,1.6087571587057832,0,1.6087571587057832
2020-09-25,1.6087571587057832,0,1.6087571587057832
2020-09-28,1.6087571587057832,0,1.6087571587057832
2020-09-29,1.6087571587057832,0,1.6087571587057832
2020-10-05,1.6087571587057832,0,1.6087571587057832
2020-10-06,1.6087571587057832,0,1.6087571587057832
2020-10-07,1.6087571587057832,0,1.6087571587057832
2020-10-08,1.6087571587057832,0,1.6087571587057832
2020-10-12,1.6087571587057832,0,1.6087571587057832
2020-10-13,1.6201822925986307,1,1.2870057269646265
2020-10-14,1.6236438673065163,1,1.2870057269646265
2020-10-15,1.6305670167222879,1,1.2870057269646265
2020-10-16,1.6184515052446877,1,1.2870057269646265
2020-10-19,1.6097975684749732,1,1.2870057269646265
2020-10-20,1.624509260983488,1,1.2870057269646265
2020-10-21,1.6314324103992592,1,1.2870057269646265
2020-10-22,1.608745670006291,2,0.9647000557988432
2020-10-23,1.6267292935269138,2,0.9647000557988432
2020-10-26,1.6408381649179802,3,0.6341193124637485
2020-10-27,1.6272601664331525,3,0.6341193124637485
2020-10-28,1.6573266876354293,2,0.9393133524741868
2020-10-29,1.6546726144617931,2,0.9393133524741868
2020-10-30,1.6134604360007172,3,0.6135937508079735
2020-11-02,1.6272126809961298,3,0.6135937508079735
2020-11-03,1.6338494487808846,3,0.6135937508079735
2020-11-04,1.6556889304641227,3,0.6135937508079735
2020-11-05,1.7061013995505934,3,0.6135937508079735
2020-11-06,1.7105497271295707,3,0.6135937508079735
2020-11-09,1.768232489108437,3,0.6135937508079735
2020-11-10,1.7627032447251287,1,1.2441057292467046
2020-11-11,1.7877966728934396,1,1.2441057292467046
2020-11-12,1.8442568862721391,1,1.2441057292467046
2020-11-13,1.8708337923033889,2,0.8748361281894717
2020-11-16,1.8471063696689711,2,0.8748361281894717
2020-11-17,1.8276915803666136,2,0.8748361281894717
2020-11-18,1.8263337011616196,2,0.8748361281894717
2020-11-19,1.77795936989862,3,0.5169214388534733
2020-11-20,1.8004104124233105,4,0.1570013310602053
2020-11-23,1.8466448912317803,4,0.1570013310602053
2020-11-24,1.8293968373061311,4,0.1570013310602053
2020-11-25,1.786409057886968,4,0.1570013310602053
2020-11-26,1.7664327325849718,4,0.1453112627999619
2020-11-27,1.8001261241404363,5,0.0
2020-11-30,1.8078818390978306,5,0.0
2020-12-01,1.8643069912973946,5,0.0
2020-12-02,1.863562968801846,5,0.0
2020-12-03,1.865675981606557,5,0.0
2020-12-04,1.8258280860881075,4,0.13449161834444875
2020-12-07,1.7921380222866303,5,0.0
2020-12-08,1.789204822483402,4,0.33312103163305357
2020-12-09,1.8022675300604154,4,0.33312103163305357
2020-12-10,1.8806699414071775,4,0.33312103163305357
2020-12-11,1.8915119119012662,4,0.33312103163305357
2020-12-14,1.906448130725223,4,0.33312103163305357
2020-12-15,1.9904109955695453,4,0.33312103163305357
2020-12-16,2.01027448100617,4,0.33312103163305357
2020-12-17,2.036952944455104,4,0.33312103163305357
2020-12-18,1.9969379648618746,5,0.0
2020-12-21,1.966311892632958,5,0.0
2020-12-22,1.886851707182946,3,0.4557425207578285
2020-12-23,1.9310350270610326,3,0.4557425207578285
2020-12-24,1.9319170311448244,3,0.4557425207578285
2020-12-28,1.9424168958584291,3,0.4557425207578285
2020-12-29,2.009022155138313,3,0.4557425207578285
2020-12-30,2.051414874608259,3,0.4557425207578285
2021-01-04,2.221242779096264,4,0.009128375198660832
2021-01-05,2.1844620989314185,4,0.009128375198660832
2021-01-06,2.157846148178171,4,0.009128375198660832
2021-01-07,2.1825105833094147,4,0.009128375198660832
2021-01-08,2.1915290732486428,4,0.009128375198660832
2021-01-11,2.135787014014963,4,0.009128375198660832
2021-01-12,2.0959853447192964,4,0.009128375198660832
2021-01-13,2.0786072813466125,4,0.009128375198660832
2021-01-14,2.0698804617872484,3,0.42257123671872343
2021-01-15,2.0385305263136546,4,0.01469009447398123
2021-01-18,1.9894356613197208,4,0.01469009447398123
2021-01-19,2.0304752136996207,4,0.01469009447398123
2021-01-20,2.090082220885959,3,0.3922767613687426
2021-01-21,2.1555551519009164,3,0.3922767613687426
2021-01-22,2.093369170851766,4,0.0
2021-01-25,2.084712154304751,4,0.0
2021-01-26,2.0402755944997293,4,0.0
2021-01-27,2.0168839704880597,4,0.0
2021-01-28,1.9623143516652093,2,0.7378956391220306
2021-01-29,1.9042653896933368,2,0.7378956391220306
2021-02-01,1.9232650917775147,1,1.2937425886214382
2021-02-02,1.9111121477011426,1,1.2937425886214382
2021-02-03,1.9281262694080636,1,1.2937425886214382
2021-02-04,1.9232650917775147,1,1.2937425886214382
2021-02-05,1.8803289333546118,1,1.265389963090182
2021-02-08,1.8584536340171423,1,1.265389963090182
2021-02-09,1.897343055061533,1,1.265389963090182
2021-02-10,1.8894251528415962,2,0.8839768810256559
2021-02-15,1.8856379415459028,2,0.8839768810256559
2021-02-16,1.9228880839643114,2,0.8839768810256559
2021-02-17,1.9340074522631607,3,0.5015675684679108
2021-02-18,1.8562040250378942,3,0.4840476508392211
2021-02-19,1.9226829708260513,3,0.4840476508392211
2021-02-22,1.889394537754778,4,0.10422917008816523
2021-02-23,1.8751470706700688,4,0.351542389224252
2021-02-24,1.801851691993876,3,0.4480301667915288
2021-02-25,1.81069405154122,3,0.4480301667915288
2021-02-26,1.794155379810963,2,0.795870936467524
2021-03-02,1.7847691324253323,2,0.795870936467524
2021-03-03,1.778524606449413,2,0.795870936467524
2021-03-04,1.7794598109608275,2,0.795870936467524
2021-03-05,1.7646522061522028,2,0.795870936467524
2021-03-08,1.738819646050369,1,1.3887181646757785
2021-03-09,1.712120961752302,1,1.3855940125864648
2021-03-10,1.7077806225804952,2,1.0432864370035637
2021-03-11,1.7195129444984345,1,1.3602350536220613
2021-03-12,1.712171929901201,1,1.3602350536220613
2021-03-15,1.7183391224241047,2,1.016764289110447
2021-03-16,1.7339345367618821,3,0.6723201841731757
2021-03-17,1.7391347346467776,3,0.6723201841731757
2021-03-18,1.7255886936757165,3,0.6723201841731757
2021-03-19,1.7509811970409488,4,0.32309219137765594
2021-03-22,1.751596515590312,4,0.32309219137765594
2021-03-23,1.712027611400733,4,0.317960228398884
2021-03-24,1.745022856366466,4,0.317960228398884
2021-03-25,1.7275072153707312,5,0.0
2021-03-26,1.7593655298880313,5,0.0
2021-03-29,1.7122203545509411,5,0.0
2021-03-30,1.692130542982293,4,0.2990952289939706
2021-03-31,1.6773936434214858,4,0.3232898512059314
2021-04-01,1.6784111840090368,4,0.3232898512059314
2021-04-02,1.6576913545590963,4,0.2943444312858013
2021-04-05,1.6877713387776827,5,0.0
2021-04-06,1.6835793118297067,5,0.0
2021-04-07,1.6793812341768286,5,0.0
2021-04-08,1.6860765785719527,4,0.2992782080729414
2021-04-09,1.672249093210465,5,0.0
2021-04-12,1.6564040131988174,4,0.27688058824792255
2021-04-13,1.6640804923291272,5,0.0
2021-04-14,1.6765350494056013,5,0.0
2021-04-15,1.6882383448353468,5,0.0
2021-04-16,1.697815860254073,5,0.0
2021-04-19,1.6510227246536902,5,0.0
2021-04-20,1.669572362099027,5,0.036126805498393255
2021-04-21,1.686876964369326,5,0.036126805498393255
2021-04-22,1.7004773478183026,5,0.036126805498393255
2021-04-23,1.741700247547564,5,0.036126805498393255
2021-04-26,1.75224476838989,4,0.3473292816553037
2021-04-27,1.7454102234868216,5,0.0
2021-04-28,1.7117345618557795,4,0.256315891117277
2021-04-29,1.7495744111801406,2,0.9656905678720322
2021-04-30,1.765474267468053,2,0.9656905678720322
2021-05-03,1.7361345700656268,2,0.9656905678720322
2021-05-04,1.7406499369933406,2,0.9656905678720322
2021-05-06,1.83830715957806,2,0.9656905678720322
2021-05-07,1.8652132060275508,2,0.9656905678720322
2021-05-10,1.8664383204970867,2,0.9656905678720322
2021-05-11,1.9220297687315941,3,0.5801032764309714
2021-05-12,1.904258054290131,2,0.9370519192903872
2021-05-13,1.8704296217760459,2,0.9370519192903872
2021-05-14,1.8258374123318024,2,0.9370519192903872
2021-05-17,1.8373083212963839,2,0.9370519192903872
2021-05-18,1.918327433798595,3,0.5569320615168553
2021-05-20,1.9725041834768735,3,0.5569320615168553
2021-05-21,1.9295219902903673,3,0.5569320615168553
2021-05-24,1.978556101320521,3,0.5569320615168553
2021-05-25,1.9707705203886752,3,0.5569320615168553
2021-05-26,1.888425795492644,3,0.5569320615168553
2021-05-27,1.8904820763790933,3,0.5569320615168553
2021-05-28,1.9156243859732283,2,0.9497143672434297
2021-05-31,1.9260929081947813,2,0.9497143672434297
2021-06-01,1.9215974505371036,2,0.9497143672434297
2021-06-02,1.8846496668588695,5,0.0
2021-06-03,1.8542288143810208,5,0.0
2021-06-04,1.9004186647252497,5,0.0
2021-06-07,1.9994488843291958,4,0.34994819992871606
2021-06-08,1.9745802229181568,4,0.34994819992871606
2021-06-09,1.933280619606352,4,0.34994819992871606
2021-06-10,1.8980921432586446,4,0.34994819992871606
2021-06-11,1.9256616777082969,3,0.7980551241754166
2021-06-14,1.906713960777974,3,0.7980551241754166
2021-06-15,1.9045655534285448,4,0.41780769047105365
2021-06-16,1.8913194233396542,5,0.040120699966944784
2021-06-17,1.887735624898599,5,0.040120699966944784
2021-06-18,1.8872239340953818,5,0.040120699966944784
2021-06-21,1.8551692294184168,5,0.040120699966944784
2021-06-22,1.8802257984952055,5,0.040120699966944784
2021-06-23,1.8523769843846614,5,0.040120699966944784
2021-06-24,1.914255895811311,4,0.4551882557723141
2021-06-25,1.9247231730649632,5,0.06801237314000946
2021-06-28,1.9278248786984487,5,0.06801237314000946
2021-06-29,1.8665774969560829,4,0.42643161807153634
2021-06-30,1.8734980044677982,4,0.42643161807153634
2021-07-01,1.8544508935719584,4,0.42643161807153634
2021-07-02,1.8488995623180815,4,0.42643161807153634
2021-07-05,1.8318863793757392,4,0.23819873109175357
2021-07-06,1.8368417663548466,5,-2.7755575615628914e-17
2021-07-07,1.848603210190686,5,-2.7755575615628914e-17
2021-07-08,1.7980589263071172,5,-2.7755575615628914e-17
2021-07-09,1.7885324728334298,4,0.3402166937218839
2021-07-12,1.7928801145708273,4,0.3402166937218839
2021-07-13,1.7985264572647972,5,0.0
2021-07-14,1.7967518623306622,5,0.0
2021-07-15,1.8426567903581716,5,0.0
2021-07-16,1.8198439232181962,5,0.0
2021-07-19,1.8193389180295374,5,0.0
2021-07-20,1.8269712189044476,4,0.4407338303487205
2021-07-21,1.809498238273745,4,0.4407338303487205
2021-07-22,1.8032117861958097,4,0.4407338303487205
2021-07-23,1.8030194427237323,4,0.4407338303487205
2021-07-26,1.821429439351639,4,0.4407338303487205
2021-07-27,1.8186936139292202,4,0.4407338303487205
2021-07-28,1.7685983288109786,3,0.6612408742304634
2021-07-29,1.7682987234809222,3,0.6612408742304634
2021-07-30,1.7660049061018541,3,0.626419036274621
2021-08-02,1.747226473754639,3,0.626419036274621
2021-08-03,1.7461738723747993,3,0.626419036274621
2021-08-04,1.7748881856307288,3,0.626419036274621
2021-08-05,1.8924417051977964,3,0.626419036274621
2021-08-06,1.9218380051820594,3,0.626419036274621
2021-08-09,1.9223772736980402,3,0.626419036274621
2021-08-10,1.8902903330801033,3,0.626419036274621
2021-08-11,1.874762968697894,5,0.0
2021-08-12,1.884361991100959,5,0.0
2021-08-13,1.877540340245761,3,0.6692757404117258
2021-08-17,1.8061315564896456,4,0.30850998147080044
2021-08-18,1.8049627769417054,4,0.30850998147080044
2021-08-19,1.7273528196574035,4,0.30850998147080044
2021-08-20,1.693116111903859,3,0.6836057945403017
2021-08-23,1.7484820799789413,3,0.6836057945403017
2021-08-24,1.857530890556125,3,0.6836057945403017
2021-08-25,1.84546425282974,3,0.6836057945403017
2021-08-26,1.8643648786983804,4,0.311815827568129
2021-08-27,1.892161298842336,4,0.311815827568129
2021-08-30,1.912211242566074,4,0.311815827568129
2021-08-31,1.926402630713845,4,0.311815827568129
2021-09-01,2.0034579887134547,4,0.311815827568129
2021-09-02,1.9470400680521847,4,0.311815827568129
2021-09-03,1.9831870961987375,4,0.311815827568129
2021-09-06,2.080065294328621,4,0.311815827568129
2021-09-07,2.2450665521939586,4,0.311815827568129
2021-09-08,2.308236959743858,5,0.0
2021-09-09,2.1884802387093285,5,0.0
2021-09-10,2.1156004890684916,4,0.28865639232184714
2021-09-13,2.0779905136857644,4,0.28865639232184714
2021-09-14,2.0783428103970993,4,0.28865639232184714
2021-09-15,2.1213265537203703,4,0.28865639232184714
2021-09-16,2.132050490469086,4,0.28865639232184714
2021-09-17,2.1147500369810333,4,0.28865639232184714
2021-09-23,2.1684672411704202,4,0.28865639232184714
2021-09-24,2.175748234938715,4,0.28865639232184714
2021-09-27,2.168959279812857,4,0.28865639232184714
2021-09-28,2.1318984703970343,4,0.28865639232184714
2021-09-29,2.09731157242075,4,0.28865639232184714
2021-09-30,2.068116790734641,4,0.28865639232184714
2021-10-01,2.022250273919153,4,0.28865639232184714
2021-10-05,2.0471361022976984,4,0.28865639232184714
2021-10-06,1.952005295353659,4,0.28865639232184714
2021-10-07,2.0010211741270485,3,0.7189676406735177
2021-10-08,2.0012982950426257,3,0.7189676406735177
2021-10-12,2.0374633436930787,3,0.7189676406735177
2021-10-13,2.077965414443681,3,0.7189676406735177
2021-10-14,2.1181820418238306,3,0.7189676406735177
2021-10-15,2.1001625665830703,3,0.7189676406735177
2021-10-18,2.095893802238195,3,0.7189676406735177
2021-10-19,2.1032941853513965,3,0.7189676406735177
2021-10-20,2.0703534711244327,3,0.7189676406735177
2021-10-21,2.0345785985040856,3,0.7189676406735177
2021-10-22,2.0326095735956313,3,0.7189676406735177
2021-10-25,2.01362538382116,3,0.7189676406735177
2021-10-26,2.018658838579494,3,0.7189676406735177
2021-10-27,1.986497959827568,3,0.7189676406735177
2021-10-28,1.9695598560903964,3,0.7189676406735177
2021-10-29,1.9828777027245328,3,0.7189676406735177
2021-11-01,1.939965413228416,3,0.7189676406735177
2021-11-02,1.9429501764200967,2,1.1555228858094386
2021-11-03,1.9243426030361543,2,1.1555228858094386
2021-11-04,1.9166129593304033,1,1.616701769908146
2021-11-05,1.9127278749211558,0,1.9127278749211558
2021-11-08,1.9127278749211558,0,1.9127278749211558
2021-11-09,1.9127278749211558,0,1.9127278749211558
2021-11-10,1.9127278749211558,0,1.9127278749211558
2021-11-11,1.9127278749211558,0,1.9127278749211558
2021-11-12,1.9127278749211558,0,1.9127278749211558
2021-11-15,1.9127278749211558,0,1.9127278749211558
2021-11-16,1.9127278749211558,0,1.9127278749211558
2021-11-17,1.9127278749211558,0,1.9127278749211558
2021-11-18,1.9127278749211558,0,1.9127278749211558
2021-11-19,1.9127278749211558,0,1.9127278749211558
2021-11-22,1.9127278749211558,0,1.9127278749211558
2021-11-23,1.9127278749211558,0,1.9127278749211558
2021-11-24,1.9127278749211558,0,1.9127278749211558
2021-11-25,1.9127278749211558,0,1.9127278749211558
2021-11-26,1.9127278749211558,0,1.9127278749211558
2021-11-29,1.9127278749211558,0,1.9127278749211558
2021-11-30,1.9127278749211558,0,1.9127278749211558
2021-12-01,1.9127278749211558,0,1.9127278749211558
2021-12-02,1.9127278749211558,0,1.9127278749211558
2021-12-03,1.9127278749211558,0,1.9127278749211558
2021-12-06,1.9127278749211558,0,1.9127278749211558
2021-12-07,1.9127278749211558,0,1.9127278749211558
2021-12-08,1.9127278749211558,0,1.9127278749211558
2021-12-09,1.9127278749211558,0,1.9127278749211558
2021-12-10,1.9127278749211558,0,1.9127278749211558
2021-12-13,1.9127278749211558,0,1.9127278749211558
2021-12-14,1.9127278749211558,0,1.9127278749211558
2021-12-15,1.9127278749211558,0,1.9127278749211558
2021-12-16,1.9127278749211558,0,1.9127278749211558
2021-12-17,1.9127278749211558,0,1.9127278749211558
2021-12-20,1.9127278749211558,0,1.9127278749211558
2021-12-21,1.9127278749211558,0,1.9127278749211558
2021-12-22,1.9127278749211558,0,1.9127278749211558
2021-12-23,1.9127278749211558,0,1.9127278749211558
2021-12-24,1.9127278749211558,0,1.9127278749211558
2021-12-27,1.9127278749211558,0,1.9127278749211558
2021-12-28,1.9127278749211558,0,1.9127278749211558
2021-12-29,1.9127278749211558,0,1.9127278749211558
2021-12-30,1.9127278749211558,0,1.9127278749211558
2022-01-03,1.9127278749211558,0,1.9127278749211558
2022-01-04,1.9127278749211558,0,1.9127278749211558
2022-01-05,1.9127278749211558,0,1.9127278749211558
2022-01-06,1.9127278749211558,0,1.9127278749211558
2022-01-07,1.9127278749211558,0,1.9127278749211558
2022-01-10,1.9127278749211558,0,1.9127278749211558
2022-01-11,1.9127278749211558,0,1.9127278749211558
2022-01-12,1.9127278749211558,0,1.9127278749211558
2022-01-13,1.9127278749211558,0,1.9127278749211558
2022-01-14,1.9127278749211558,0,1.9127278749211558
2022-01-17,1.9127278749211558,0,1.9127278749211558
2022-01-18,1.9127278749211558,0,1.9127278749211558
2022-01-19,1.9127278749211558,0,1.9127278749211558
2022-01-20,1.9127278749211558,0,1.9127278749211558
2022-01-21,1.9127278749211558,0,1.9127278749211558
2022-01-24,1.9127278749211558,0,1.9127278749211558
2022-01-25,1.9127278749211558,0,1.9127278749211558
2022-01-26,1.9127278749211558,0,1.9127278749211558
2022-01-27,1.9127278749211558,0,1.9127278749211558
2022-01-28,1.9127278749211558,0,1.9127278749211558
2022-02-03,1.9127278749211558,0,1.9127278749211558
2022-02-04,1.9127278749211558,0,1.9127278749211558
2022-02-07,1.9127278749211558,0,1.9127278749211558
2022-02-08,1.9127278749211558,0,1.9127278749211558
2022-02-09,1.9127278749211558,0,1.9127278749211558
2022-02-10,1.9127278749211558,0,1.9127278749211558
2022-02-11,1.9127278749211558,0,1.9127278749211558
2022-02-14,1.9127278749211558,0,1.9127278749211558
2022-02-15,1.9127278749211558,0,1.9127278749211558
2022-02-16,1.9127278749211558,0,1.9127278749211558
2022-02-17,1.9127278749211558,0,1.9127278749211558
2022-02-18,1.9127278749211558,0,1.9127278749211558
2022-02-21,1.9127278749211558,0,1.9127278749211558
2022-02-22,1.9127278749211558,0,1.9127278749211558
2022-02-23,1.9127278749211558,0,1.9127278749211558
2022-02-24,1.9127278749211558,0,1.9127278749211558
2022-02-25,1.9127278749211558,0,1.9127278749211558
2022-02-28,1.9127278749211558,0,1.9127278749211558
2022-03-02,1.9127278749211558,0,1.9127278749211558
2022-03-03,1.9127278749211558,0,1.9127278749211558
2022-03-04,1.9127278749211558,0,1.9127278749211558
2022-03-07,1.9127278749211558,0,1.9127278749211558
2022-03-08,1.9127278749211558,0,1.9127278749211558
2022-03-10,1.9127278749211558,0,1.9127278749211558
2022-03-11,1.9127278749211558,0,1.9127278749211558
2022-03-14,1.9127278749211558,0,1.9127278749211558
2022-03-15,1.9127278749211558,0,1.9127278749211558
2022-03-16,1.9127278749211558,0,1.9127278749211558
2022-03-17,1.9127278749211558,0,1.9127278749211558
2022-03-18,1.9127278749211558,0,1.9127278749211558
2022-03-21,1.9127278749211558,0,1.9127278749211558
2022-03-22,1.9127278749211558,0,1.9127278749211558
2022-03-23,1.9127278749211558,0,1.9127278749211558
2022-03-24,1.9127278749211558,0,1.9127278749211558
2022-03-25,1.9127278749211558,0,1.9127278749211558
2022-03-28,1.9127278749211558,0,1.9127278749211558
2022-03-29,1.9127278749211558,0,1.9127278749211558
2022-03-30,1.9127278749211558,0,1.9127278749211558
2022-03-31,1.9127278749211558,0,1.9127278749211558
2022-04-01,1.9127278749211558,0,1.9127278749211558
2022-04-04,1.9127278749211558,0,1.9127278749211558
2022-04-05,1.9127278749211558,0,1.9127278749211558
2022-04-06,1.9127278749211558,0,1.9127278749211558
2022-04-07,1.9127278749211558,0,1.9127278749211558
2022-04-08,1.9127278749211558,0,1.9127278749211558
2022-04-11,1.9127278749211558,0,1.9127278749211558
2022-04-12,1.9127278749211558,0,1.9127278749211558
2022-04-13,1.9127278749211558,0,1.9127278749211558
2022-04-14,1.9127278749211558,0,1.9127278749211558
2022-04-15,1.9127278749211558,0,1.9127278749211558
2022-04-18,1.9127278749211558,0,1.9127278749211558
2022-04-19,1.9127278749211558,0,1.9127278749211558
2022-04-20,1.9127278749211558,0,1.9127278749211558
2022-04-21,1.9127278749211558,0,1.9127278749211558
2022-04-22,1.9127278749211558,0,1.9127278749211558
2022-04-25,1.9127278749211558,0,1.9127278749211558
2022-04-26,1.9127278749211558,0,1.9127278749211558
2022-04-27,1.9127278749211558,0,1.9127278749211558
2022-04-28,1.9127278749211558,0,1.9127278749211558
2022-04-29,1.9127278749211558,0,1.9127278749211558
2022-05-02,1.9127278749211558,0,1.9127278749211558
2022-05-03,1.9127278749211558,0,1.9127278749211558
2022-05-04,1.9127278749211558,0,1.9127278749211558
2022-05-06,1.9127278749211558,0,1.9127278749211558
2022-05-09,1.9127278749211558,0,1.9127278749211558
2022-05-10,1.9127278749211558,0,1.9127278749211558
2022-05-11,1.9127278749211558,0,1.9127278749211558
2022-05-12,1.9127278749211558,0,1.9127278749211558
2022-05-13,1.9127278749211558,0,1.9127278749211558
2022-05-16,1.9127278749211558,0,1.9127278749211558
2022-05-17,1.9127278749211558,0,1.9127278749211558
2022-05-18,1.9127278749211558,0,1.9127278749211558
2022-05-19,1.9127278749211558,0,1.9127278749211558
2022-05-20,1.9127278749211558,0,1.9127278749211558
2022-05-23,1.9127278749211558,0,1.9127278749211558
2022-05-24,1.9127278749211558,0,1.9127278749211558
2022-05-25,1.9127278749211558,0,1.9127278749211558
2022-05-26,1.9127278749211558,0,1.9127278749211558
2022-05-27,1.9127278749211558,0,1.9127278749211558
2022-05-30,1.9127278749211558,0,1.9127278749211558
2022-05-31,1.9127278749211558,0,1.9127278749211558
2022-06-02,1.9127278749211558,0,1.9127278749211558
2022-06-03,1.9127278749211558,0,1.9127278749211558
2022-06-07,1.9127278749211558,0,1.9127278749211558
2022-06-08,1.9127278749211558,0,1.9127278749211558
2022-06-09,1.9127278749211558,0,1.9127278749211558
2022-06-10,1.9127278749211558,0,1.9127278749211558
2022-06-13,1.9127278749211558,0,1.9127278749211558
2022-06-14,1.9127278749211558,0,1.9127278749211558
2022-06-15,1.9127278749211558,0,1.9127278749211558
2022-06-16,1.9127278749211558,0,1.9127278749211558
2022-06-17,1.9127278749211558,0,1.9127278749211558
2022-06-20,1.9127278749211558,0,1.9127278749211558
2022-06-21,1.9127278749211558,0,1.9127278749211558
2022-06-22,1.9127278749211558,0,1.9127278749211558
2022-06-23,1.9127278749211558,0,1.9127278749211558
2022-06-24,1.9127278749211558,0,1.9127278749211558
2022-06-27,1.9127278749211558,0,1.9127278749211558
2022-06-28,1.9127278749211558,0,1.9127278749211558
2022-06-29,1.9127278749211558,0,1.9127278749211558
2022-06-30,1.9127278749211558,0,1.9127278749211558
2022-07-01,1.9127278749211558,0,1.9127278749211558
2022-07-04,1.9127278749211558,0,1.9127278749211558
2022-07-05,1.9127278749211558,0,1.9127278749211558
2022-07-06,1.9127278749211558,0,1.9127278749211558
2022-07-07,1.9127278749211558,0,1.9127278749211558
2022-07-08,1.9127278749211558,0,1.9127278749211558
2022-07-11,1.9127278749211558,0,1.9127278749211558
2022-07-12,1.9127278749211558,0,1.9127278749211558
2022-07-13,1.9127278749211558,0,1.9127278749211558
2022-07-14,1.9127278749211558,0,1.9127278749211558
2022-07-15,1.9127278749211558,0,1.9127278749211558
2022-07-18,1.9127278749211558,0,1.9127278749211558
2022-07-19,1.9127278749211558,0,1.9127278749211558
2022-07-20,1.9127278749211558,0,1.9127278749211558
2022-07-21,1.9127278749211558,0,1.9127278749211558
2022-07-22,1.9127278749211558,0,1.9127278749211558
2022-07-25,1.9127278749211558,0,1.9127278749211558
2022-07-26,1.9127278749211558,0,1.9127278749211558
2022-07-27,1.9127278749211558,0,1.9127278749211558
2022-07-28,1.9127278749211558,0,1.9127278749211558
2022-07-29,1.9127278749211558,0,1.9127278749211558
2022-08-01,1.9127278749211558,0,1.9127278749211558
2022-08-02,1.9127278749211558,0,1.9127278749211558
2022-08-03,1.9127278749211558,0,1.9127278749211558
2022-08-04,1.9127278749211558,0,1.9127278749211558
2022-08-05,1.9127278749211558,0,1.9127278749211558
2022-08-08,1.9127278749211558,0,1.9127278749211558
2022-08-09,1.9127278749211558,0,1.9127278749211558
2022-08-10,1.9127278749211558,0,1.9127278749211558
2022-08-11,1.9127278749211558,0,1.9127278749211558
2022-08-12,1.9127278749211558,0,1.9127278749211558
2022-08-16,1.9127278749211558,0,1.9127278749211558
2022-08-17,1.9127278749211558,0,1.9127278749211558
2022-08-18,1.9127278749211558,0,1.9127278749211558
2022-08-19,1.9127278749211558,0,1.9127278749211558
2022-08-22,1.9127278749211558,0,1.9127278749211558
2022-08-23,1.9127278749211558,0,1.9127278749211558
2022-08-24,1.9127278749211558,0,1.9127278749211558
2022-08-25,1.9127278749211558,0,1.9127278749211558
2022-08-26,1.9127278749211558,0,1.9127278749211558
2022-08-29,1.9127278749211558,0,1.9127278749211558
2022-08-30,1.9127278749211558,0,1.9127278749211558
2022-08-31,1.9127278749211558,0,1.9127278749211558
2022-09-01,1.9127278749211558,0,1.9127278749211558
2022-09-02,1.9127278749211558,0,1.9127278749211558
2022-09-05,1.9127278749211558,0,1.9127278749211558
2022-09-06,1.9127278749211558,0,1.9127278749211558
2022-09-07,1.9127278749211558,0,1.9127278749211558
2022-09-08,1.9127278749211558,0,1.9127278749211558
2022-09-13,1.9127278749211558,0,1.9127278749211558
2022-09-14,1.9127278749211558,0,1.9127278749211558
2022-09-15,1.9127278749211558,0,1.9127278749211558
2022-09-16,1.9127278749211558,0,1.9127278749211558
2022-09-19,1.9127278749211558,0,1.9127278749211558
2022-09-20,1.9127278749211558,0,1.9127278749211558
2022-09-21,1.9127278749211558,0,1.9127278749211558
2022-09-22,1.9127278749211558,0,1.9127278749211558
2022-09-23,1.9127278749211558,0,1.9127278749211558
2022-09-26,1.9127278749211558,0,1.9127278749211558
2022-09-27,1.9127278749211558,0,1.9127278749211558
2022-09-28,1.9127278749211558,0,1.9127278749211558
2022-09-29,1.9127278749211558,0,1.9127278749211558
2022-09-30,1.9127278749211558,0,1.9127278749211558
2022-10-04,1.9127278749211558,0,1.9127278749211558
2022-10-05,1.9127278749211558,0,1.9127278749211558
2022-10-06,1.9127278749211558,0,1.9127278749211558
2022-10-07,1.9127278749211558,0,1.9127278749211558
2022-10-11,1.9127278749211558,0,1.9127278749211558
2022-10-12,1.9127278749211558,0,1.9127278749211558
2022-10-13,1.9127278749211558,0,1.9127278749211558
2022-10-14,1.9127278749211558,0,1.9127278749211558
2022-10-17,1.9127278749211558,0,1.9127278749211558
2022-10-18,1.9127278749211558,0,1.9127278749211558
2022-10-19,1.9127278749211558,0,1.9127278749211558
2022-10-20,1.9127278749211558,0,1.9127278749211558
2022-10-21,1.9127278749211558,0,1.9127278749211558
2022-10-24,1.9127278749211558,0,1.9127278749211558
2022-10-25,1.9127278749211558,0,1.9127278749211558
2022-10-26,1.9127278749211558,0,1.9127278749211558
2022-10-27,1.9127278749211558,0,1.9127278749211558
2022-10-28,1.9127278749211558,0,1.9127278749211558
2022-10-31,1.9127278749211558,0,1.9127278749211558
2022-11-01,1.9127278749211558,0,1.9127278749211558
2022-11-02,1.9127278749211558,0,1.9127278749211558
2022-11-03,1.9127278749211558,0,1.9127278749211558
2022-11-04,1.9127278749211558,0,1.9127278749211558
2022-11-07,1.9127278749211558,0,1.9127278749211558
2022-11-08,1.9127278749211558,0,1.9127278749211558
2022-11-09,1.9127278749211558,0,1.9127278749211558
2022-11-10,1.9127278749211558,0,1.9127278749211558
2022-11-11,1.9127278749211558,0,1.9127278749211558
2022-11-14,1.9127278749211558,0,1.9127278749211558
2022-11-15,1.9127278749211558,0,1.9127278749211558
2022-11-16,1.9127278749211558,0,1.9127278749211558
2022-11-17,1.9127278749211558,0,1.9127278749211558
2022-11-18,1.9127278749211558,0,1.9127278749211558
2022-11-21,1.9127278749211558,0,1.9127278749211558
2022-11-22,1.9127278749211558,0,1.9127278749211558
2022-11-23,1.9127278749211558,0,1.9127278749211558
2022-11-24,1.9127278749211558,0,1.9127278749211558
2022-11-25,1.9127278749211558,0,1.9127278749211558
2022-11-28,1.9127278749211558,0,1.9127278749211558
2022-11-29,1.9127278749211558,0,1.9127278749211558
2022-11-30,1.9127278749211558,0,1.9127278749211558
2022-12-01,1.9127278749211558,0,1.9127278749211558
2022-12-02,1.9127278749211558,0,1.9127278749211558
2022-12-05,1.9127278749211558,0,1.9127278749211558
2022-12-06,1.9127278749211558,0,1.9127278749211558
2022-12-07,1.9127278749211558,0,1.9127278749211558
2022-12-08,1.9127278749211558,0,1.9127278749211558
2022-12-09,1.9127278749211558,0,1.9127278749211558
2022-12-12,1.9127278749211558,0,1.9127278749211558
2022-12-13,1.9127278749211558,0,1.9127278749211558
2022-12-14,1.9127278749211558,0,1.9127278749211558
2022-12-15,1.9127278749211558,0,1.9127278749211558
2022-12-16,1.9127278749211558,0,1.9127278749211558
2022-12-19,1.9127278749211558,0,1.9127278749211558
2022-12-20,1.9127278749211558,0,1.9127278749211558
2022-12-21,1.9127278749211558,0,1.9127278749211558
2022-12-22,1.9127278749211558,0,1.9127278749211558
2022-12-23,1.9127278749211558,0,1.9127278749211558
2022-12-26,1.9127278749211558,0,1.9127278749211558
2022-12-27,1.9127278749211558,0,1.9127278749211558
2022-12-28,1.9127278749211558,0,1.9127278749211558
2022-12-29,1.9127278749211558,0,1.9127278749211558
2023-01-02,1.9127278749211558,0,1.9127278749211558
2023-01-03,1.9127278749211558,0,1.9127278749211558
2023-01-04,1.9127278749211558,0,1.9127278749211558
2023-01-05,1.9127278749211558,0,1.9127278749211558
2023-01-06,1.9127278749211558,0,1.9127278749211558
2023-01-09,1.9127278749211558,0,1.9127278749211558
2023-01-10,1.9127278749211558,0,1.9127278749211558
2023-01-11,1.9127278749211558,0,1.9127278749211558
2023-01-12,1.9127278749211558,0,1.9127278749211558
2023-01-13,1.9127278749211558,0,1.9127278749211558
2023-01-16,1.9127278749211558,0,1.9127278749211558
2023-01-17,1.9127278749211558,0,1.9127278749211558
2023-01-18,1.9127278749211558,0,1.9127278749211558
2023-01-19,1.9127278749211558,0,1.9127278749211558
2023-01-20,1.9127278749211558,0,1.9127278749211558
2023-01-25,1.9127278749211558,0,1.9127278749211558
2023-01-26,1.9127278749211558,0,1.9127278749211558
2023-01-27,1.9127278749211558,0,1.9127278749211558
2023-01-30,1.9127278749211558,0,1.9127278749211558
2023-01-31,1.9127278749211558,0,1.9127278749211558
2023-02-01,1.9127278749211558,0,1.9127278749211558
2023-02-02,1.9127278749211558,0,1.9127278749211558
2023-02-03,1.9127278749211558,0,1.9127278749211558
2023-02-06,1.9127278749211558,0,1.9127278749211558
2023-02-07,1.9127278749211558,0,1.9127278749211558
2023-02-08,1.9127278749211558,0,1.9127278749211558
2023-02-09,1.9127278749211558,0,1.9127278749211558
2023-02-10,1.9127278749211558,0,1.9127278749211558
2023-02-13,1.9127278749211558,0,1.9127278749211558
2023-02-14,1.9127278749211558,0,1.9127278749211558
2023-02-15,1.9127278749211558,0,1.9127278749211558
2023-02-16,1.9127278749211558,0,1.9127278749211558
2023-02-17,1.9127278749211558,0,1.9127278749211558
2023-02-20,1.9127278749211558,0,1.9127278749211558
2023-02-21,1.9127278749211558,0,1.9127278749211558
2023-02-22,1.9127278749211558,0,1.9127278749211558
2023-02-23,1.9127278749211558,0,1.9127278749211558
2023-02-24,1.9042133750092725,1,1.5301822999369246
2023-02-27,1.909243856240467,1,1.5301822999369246
2023-02-28,1.9000706257600535,1,1.5301822999369246
2023-03-02,1.8929185727512463,2,1.1494579891993335
2023-03-03,1.8821918428091466,2,1.1494579891993335
2023-03-06,1.8713073367998672,1,1.5020108322980552
2023-03-07,1.8721950687818425,1,1.5020108322980552
2023-03-08,1.8837355845475243,1,1.5020108322980552
2023-03-09,1.8754500860490861,1,1.5020108322980552
2023-03-10,1.873082800763818,1,1.5020108322980552
2023-03-13,1.8778173713343542,1,1.5020108322980552
2023-03-14,1.8792969246376467,1,1.5020108322980552
2023-03-15,1.8929088150279378,1,1.5020108322980552
2023-03-16,1.8935006363492548,1,1.5020108322980552
2023-03-17,1.8964597429558399,1,1.5020108322980552
2023-03-20,1.8955720109738645,1,1.5020108322980552
2023-03-21,1.8970515642771568,1,1.5020108322980552
2023-03-22,1.8970515642771568,1,1.5020108322980552
2023-03-23,1.8926129043672795,1,1.5020108322980552
2023-03-24,1.8967556536164984,1,1.5020108322980552
2023-03-27,1.9000106708837419,1,1.5020108322980552
2023-03-28,1.9006024922050588,1,1.5020108322980552
2023-03-29,1.9085920800428386,1,1.5020108322980552
2023-03-30,1.9003065815444005,1,1.5020108322980552
2023-03-31,1.9062247947575703,1,1.5020108322980552
2023-04-03,1.9104623121443747,3,0.7381005432238661
2023-04-04,1.928491921559162,3,0.7381005432238661
2023-04-05,1.9339991901166567,3,0.7381005432238661
2023-04-06,1.8907414565446903,3,0.7381005432238661
2023-04-07,1.8950582759588945,2,1.0917931453113328
2023-04-10,1.8879683036087163,2,1.0917931453113328
2023-04-11,1.8930166100983494,2,1.0917931453113328
2023-04-12,1.8912740820457865,2,1.0917931453113328
2023-04-13,1.8714237084960224,3,0.7142711956568117
2023-04-14,1.854732371479824,3,0.7142711956568117
2023-04-17,1.8782391982006121,4,0.3419040057528343
2023-04-18,1.868699535083717,3,0.6914914445613025
2023-04-19,1.9064023441608942,3,0.6914914445613025
2023-04-20,1.8966478359866474,3,0.6914914445613025
2023-04-21,1.8758501248675326,3,0.6914914445613025
2023-04-24,1.8502045168294714,2,1.0451840466487694
2023-04-25,1.8541334097503153,2,1.0451840466487694
2023-04-26,1.8477693908301513,2,1.0451840466487694
2023-04-27,1.8532204779089807,2,1.0451840466487694
2023-04-28,1.8448387114600284,2,1.0451840466487694
2023-05-02,1.835501372315048,2,1.0451840466487694
2023-05-03,1.8250837652870637,2,1.0451840466487694
2023-05-04,1.818772696365234,1,1.3899981490710631
2023-05-08,1.8273541055243308,1,1.3899981490710631
2023-05-09,1.8232113562751118,1,1.3899981490710631
2023-05-10,1.8238031775964285,1,1.3899981490710631
2023-05-11,1.8175890537226,1,1.3899981490710631
2023-05-12,1.813446304473381,1,1.3899981490710631
2023-05-15,1.8060485379569184,1,1.3899981490710631
2023-05-16,1.8131503938127225,1,1.3899981490710631
2023-05-17,1.7900693622813593,1,1.3899981490710631
2023-05-18,1.7803043104796288,1,1.3899981490710631
2023-05-19,1.7649169561253863,1,1.3899981490710631
2023-05-22,1.7637333134827524,1,1.3899981490710631
2023-05-23,1.768763794713947,1,1.3899981490710631
2023-05-24,1.7838552384075306,1,1.3899981490710631
2023-05-25,1.785730710289699,2,1.0332271013895569
2023-05-26,1.7806144004766542,2,1.0332271013895569
2023-05-30,1.7686315151785905,2,1.0332271013895569
2023-05-31,1.7819245221449322,3,0.6778608643705212
2023-06-01,1.7799528725179816,3,0.6778608643705212
2023-06-02,1.7616199852051013,5,0.0
2023-06-05,1.7611537610138492,5,0.0
2023-06-07,1.7636329012189673,5,0.0
2023-06-08,1.7857945753645719,5,0.0
2023-06-09,1.8027400851901287,5,0.0
2023-06-12,1.7944967875998767,5,0.0
2023-06-13,1.8220251132013163,5,0.0
2023-06-14,1.8136974318497538,5,0.0
2023-06-15,1.8319877449961324,5,0.0
2023-06-16,1.803848195234144,4,0.3005794354088735
2023-06-19,1.7809780548094367,4,0.3005794354088735
2023-06-20,1.8207279760969983,5,0.0
2023-06-21,1.79996075677354,5,0.0
2023-06-22,1.7855171094002666,5,0.0
2023-06-23,1.7787501307133653,5,0.0
2023-06-26,1.7902139007359457,4,0.2783382398804719
2023-06-27,1.779831462272681,4,0.2783382398804719
2023-06-28,1.7837034924270143,4,0.2783382398804719
2023-06-29,1.7459328482903222,4,0.3542393439868396
2023-06-30,1.7018545599261297,3,0.6119821122982343
2023-07-03,1.6947144168445618,4,0.27399579304767885
2023-07-04,1.718065506425409,5,0.0
2023-07-05,1.7392793765208454,5,0.0
2023-07-06,1.7018166417082488,5,0.0
2023-07-07,1.7088966052955432,5,0.0
2023-07-10,1.6570266124917596,3,0.5758055630713581
2023-07-11,1.6984931670228358,3,0.5758055630713581
2023-07-12,1.7261908441134481,3,0.5758055630713581
2023-07-13,1.717263907143784,3,0.5758055630713581
2023-07-14,1.6929214194473488,3,0.5758055630713581
2023-07-17,1.6772357190660199,3,0.5758055630713581
2023-07-18,1.6878827340762517,3,0.5758055630713581
2023-07-19,1.7063395053742707,3,0.5758055630713581
2023-07-20,1.7403260588359555,3,0.5758055630713581
2023-07-21,1.7388829085014736,3,0.5758055630713581
2023-07-24,1.7571885076109621,3,0.5758055630713581
2023-07-25,1.8453518665233124,3,0.5758055630713581
2023-07-26,1.7116802187913909,3,0.5758055630713581
2023-07-27,1.7241751078094674,2,0.9592656599243798
2023-07-28,1.807093143347217,2,0.9592656599243798
2023-07-31,1.806271212659835,2,0.9592656599243798
2023-08-01,1.7841893005830949,2,0.9592656599243798
2023-08-02,1.8158170764710204,2,0.9592656599243798
2023-08-03,1.7958682309530254,2,0.9592656599243798
2023-08-04,1.8152975481689548,2,0.9592656599243798
2023-08-07,1.8292491553534629,2,0.9592656599243798
2023-08-08,1.8412073062350578,2,0.9592656599243798
2023-08-09,1.8403004088607173,2,0.9592656599243798
2023-08-10,1.8120026841749945,2,0.9592656599243798
2023-08-11,1.806719227968279,2,0.9592656599243798
2023-08-14,1.8139669559369604,2,0.9592656599243798
2023-08-16,1.7877731132690355,2,0.9592656599243798
2023-08-17,1.7703918959248928,2,0.9592656599243798
2023-08-18,1.752345811041514,1,1.3464461374086814
2023-08-21,1.7481088624649708,1,1.3464461374086814
2023-08-22,1.7612434030522546,1,1.3464461374086814
2023-08-23,1.7557353699027485,1,1.3464461374086814
2023-08-24,1.7557353699027485,1,1.3464461374086814
2023-08-25,1.7519221161838596,1,1.3464461374086814
2023-08-28,1.7531932007568225,1,1.3464461374086814
2023-08-29,1.7527695058991684,1,1.3464461374086814
2023-08-30,1.7544642853297856,1,1.3464461374086814
2023-08-31,1.7679324615327656,2,0.992587416339144
2023-09-01,1.776931203812116,2,0.992587416339144
2023-09-04,1.7670941792821422,3,0.6377452452473249
2023-09-05,1.7750647763877667,3,0.6377452452473249
2023-09-06,1.7820622596935487,3,0.6377452452473249
2023-09-07,1.8024714909541664,3,0.6377452452473249
2023-09-08,1.7954549121302104,2,0.9663310821416958
2023-09-11,1.867106447052218,4,0.22450012322610718
2023-09-12,1.7720415973101746,4,0.22450012322610718
2023-09-13,1.7390773879546102,4,0.22450012322610718
2023-09-14,1.7425000422108794,4,0.22450012322610718
2023-09-15,1.7405342884761654,3,0.5679699336483275
2023-09-18,1.7449667407170828,3,0.5679699336483275
2023-09-19,1.7252628562277377,3,0.5420544549670725
2023-09-20,1.7184604007614246,2,0.9102728774449069
2023-09-21,1.7189918931264605,2,0.9102728774449069
2023-09-22,1.7210527210751052,2,0.9102728774449069
2023-09-25,1.6913690054554258,2,0.9102728774449069
2023-09-26,1.6880248614714852,1,1.3064729842289842
2023-09-27,1.67873614535884,1,1.3064729842289842
2023-10-04,1.6773071121107408,1,1.3064729842289842
2023-10-05,1.6701619458702444,1,1.3064729842289842
2023-10-06,1.6780216287347904,1,1.3064729842289842
2023-10-10,1.6815942118550384,1,1.3064729842289842
2023-10-11,1.6744490456145422,1,1.3064729842289842
2023-10-12,1.6751635622385919,1,1.3064729842289842
2023-10-13,1.6751635622385919,1,1.3064729842289842
2023-10-16,1.67873614535884,1,1.3064729842289842
2023-10-17,1.6737345289904926,1,1.3064729842289842
2023-10-18,1.686595828223386,1,1.3064729842289842
2023-10-19,1.6794506619828895,1,1.3064729842289842
2023-10-20,1.6780216287347904,1,1.3064729842289842
2023-10-23,1.6715909791183436,1,1.3064729842289842
2023-10-24,1.6658748461259467,1,1.3064729842289842
2023-10-25,1.6773071121107406,1,1.3064729842289842
2023-10-26,1.6758780788626415,1,1.3064729842289842
2023-10-27,1.665160329501897,1,1.3064729842289842
2023-10-30,1.667303879374046,1,1.3064729842289842
2023-10-31,1.6758780788626415,1,1.3064729842289842
2023-11-01,1.6780216287347902,1,1.3064729842289842
2023-11-02,1.6687329126221453,1,1.3064729842289842
2023-11-03,1.6499427946512044,0,1.6499427946512044
2023-11-06,1.6499427946512044,0,1.6499427946512044
2023-11-07,1.6499427946512044,0,1.6499427946512044
2023-11-08,1.6499427946512044,0,1.6499427946512044
2023-11-09,1.6499427946512044,0,1.6499427946512044
2023-11-10,1.6499427946512044,0,1.6499427946512044
2023-11-13,1.6499427946512044,0,1.6499427946512044
2023-11-14,1.6499427946512044,0,1.6499427946512044
2023-11-15,1.6499427946512044,0,1.6499427946512044
2023-11-16,1.6499427946512044,0,1.6499427946512044
2023-11-17,1.6499427946512044,0,1.6499427946512044
2023-11-20,1.6499427946512044,0,1.6499427946512044
2023-11-21,1.6499427946512044,0,1.6499427946512044
2023-11-22,1.6499427946512044,0,1.6499427946512044
2023-11-23,1.6499427946512044,0,1.6499427946512044
2023-11-24,1.6499427946512044,0,1.6499427946512044
2023-11-27,1.6499427946512044,0,1.6499427946512044
2023-11-28,1.6499427946512044,0,1.6499427946512044
2023-11-29,1.6499427946512044,0,1.6499427946512044
2023-11-30,1.6499427946512044,0,1.6499427946512044
2023-12-01,1.6499427946512044,0,1.6499427946512044
2023-12-04,1.6499427946512044,0,1.6499427946512044
2023-12-05,1.6499427946512044,0,1.6499427946512044
2023-12-06,1.6499427946512044,0,1.6499427946512044
2023-12-07,1.6499427946512044,0,1.6499427946512044
2023-12-08,1.6499427946512044,0,1.6499427946512044
2023-12-11,1.6499427946512044,0,1.6499427946512044
2023-12-12,1.6499427946512044,0,1.6499427946512044
2023-12-13,1.6499427946512044,0,1.6499427946512044
2023-12-14,1.6499427946512044,0,1.6499427946512044
2023-12-15,1.6499427946512044,0,1.6499427946512044
2023-12-18,1.646626580344756,1,1.3199542357209635
2023-12-19,1.6449964788246771,1,1.3199542357209635
2023-12-20,1.6531469864250712,1,1.3199542357209635
2023-12-21,1.650538823992945,1,1.3199542357209635
2023-12-22,1.6420622960885354,1,1.3199542357209635
2023-12-26,1.6449964788246771,1,1.3199542357209635
2023-12-27,1.6589961237080741,2,0.990107287165587
2023-12-28,1.6673267396953695,2,0.990107287165587
2024-01-02,1.6623611989133975,2,0.990107287165587
2024-01-03,1.6434679806301018,2,0.990107287165587
2024-01-04,1.6301786621577405,2,0.990107287165587
2024-01-05,1.6273425132898587,2,0.990107287165587
2024-01-08,1.6098922007815633,1,1.2956086277103696
2024-01-09,1.618042708381957,1,1.2956086277103696
2024-01-10,1.6092401601735316,1,1.2956086277103696
2024-01-11,1.6134784241257365,1,1.2956086277103696
2024-01-12,1.6115223023016418,1,1.2956086277103696
2024-01-15,1.6134784241257365,1,1.2956086277103696
2024-01-16,1.6066319977414056,1,1.2956086277103696
2024-01-17,1.6012411265379425,0,1.6012411265379425
2024-01-18,1.6012411265379425,0,1.6012411265379425
2024-01-19,1.6012411265379425,0,1.6012411265379425
2024-01-22,1.6012411265379425,0,1.6012411265379425
2024-01-23,1.6012411265379425,0,1.6012411265379425
2024-01-24,1.6012411265379425,0,1.6012411265379425
2024-01-25,1.6012411265379425,0,1.6012411265379425
2024-01-26,1.6012411265379425,0,1.6012411265379425
2024-01-29,1.6012411265379425,0,1.6012411265379425
2024-01-30,1.6012411265379425,0,1.6012411265379425
2024-01-31,1.6012411265379425,0,1.6012411265379425
2024-02-01,1.6012411265379425,0,1.6012411265379425
2024-02-02,1.6012411265379425,0,1.6012411265379425
2024-02-05,1.6012411265379425,0,1.6012411265379425
2024-02-06,1.6012411265379425,0,1.6012411265379425
2024-02-07,1.6012411265379425,0,1.6012411265379425
2024-02-08,1.6012411265379425,0,1.6012411265379425
2024-02-13,1.6012411265379425,0,1.6012411265379425
2024-02-14,1.6012411265379425,0,1.6012411265379425
2024-02-15,1.6012411265379425,0,1.6012411265379425
2024-02-16,1.6012411265379425,0,1.6012411265379425
2024-02-19,1.6012411265379425,0,1.6012411265379425
2024-02-20,1.6012411265379425,0,1.6012411265379425
2024-02-21,1.6012411265379425,0,1.6012411265379425
2024-02-22,1.6012411265379425,0,1.6012411265379425
2024-02-23,1.6012411265379425,0,1.6012411265379425
2024-02-26,1.6012411265379425,0,1.6012411265379425
2024-02-27,1.6012411265379425,0,1.6012411265379425
2024-02-28,1.6012411265379425,0,1.6012411265379425
2024-02-29,1.6012411265379425,0,1.6012411265379425
2024-03-04,1.6012411265379425,0,1.6012411265379425
2024-03-05,1.6012411265379425,0,1.6012411265379425
2024-03-06,1.6012411265379425,0,1.6012411265379425
2024-03-07,1.6012411265379425,0,1.6012411265379425
2024-03-08,1.6012411265379425,0,1.6012411265379425
2024-03-11,1.6012411265379425,0,1.6012411265379425
2024-03-12,1.6012411265379425,0,1.6012411265379425
2024-03-13,1.6012411265379425,0,1.6012411265379425
2024-03-14,1.6012411265379425,0,1.6012411265379425
2024-03-15,1.5997639593484632,1,1.280992901230354
2024-03-18,1.58988877167442,1,1.280992901230354
2024-03-19,1.5875187266326498,1,1.280992901230354
2024-03-20,1.5910737941953053,1,1.280992901230354
2024-03-21,1.5978979301971585,3,0.6404553054798299
2024-03-22,1.6444390006483423,4,0.3139660102887623
2024-03-25,1.6153482702295736,5,0.0
2024-03-26,1.6452536038606642,5,0.0
2024-03-27,1.621675842233714,4,0.29079255530117726
2024-03-28,1.5925848901286241,4,0.29079255530117726
2024-03-29,1.5923362460074855,3,0.5874036428587466
2024-04-01,1.5965625193768986,3,0.5874036428587466
2024-04-02,1.5650987850798497,2,0.8697515873228225
2024-04-03,1.575955834410814,2,0.8697515873228225
2024-04-04,1.5739690127025634,2,0.8697515873228225
2024-04-05,1.5416109111158693,3,0.5595507871029657
2024-04-08,1.5203194845826382,3,0.5595507871029657
2024-04-09,1.5615045345204663,3,0.5595507871029657
2024-04-11,1.5767292278709626,2,0.8528511889110506
2024-04-12,1.6233918504989224,2,0.8528511889110506
2024-04-15,1.58797320400516,2,0.8528511889110506
2024-04-16,1.5721089535317623,2,0.8528511889110506
2024-04-17,1.5864928284500635,2,0.8528511889110506
2024-04-18,1.6014341456917438,2,0.8528511889110506
2024-04-19,1.59028334117476,2,0.8528511889110506
2024-04-22,1.5841998864918028,2,0.8528511889110506
2024-04-23,1.5931509206677394,2,0.8528511889110506
2024-04-24,1.5985249802155694,2,0.8528511889110506
2024-04-25,1.594263001224191,2,0.8528511889110506
2024-04-26,1.6264629684376681,2,0.8528511889110506
2024-04-29,1.6698037405173058,2,0.8528511889110506
2024-04-30,1.6743236476787766,2,0.8528511889110506
2024-05-02,1.7206223667782998,2,0.8528511889110506
2024-05-03,1.740910548705647,2,0.8528511889110506
2024-05-07,1.7678324320788155,2,0.8528511889110506
2024-05-08,1.748869868804509,2,0.8528511889110506
2024-05-09,1.8773714402155375,2,0.8528511889110506
2024-05-10,2.0626503346209324,2,0.8528511889110506
2024-05-13,2.103482761309998,3,0.4347831100462981
2024-05-14,2.1151821986128674,3,0.4347831100462981
2024-05-16,2.187649850024622,3,0.4347831100462981
2024-05-17,2.1498794827341374,4,0.0054256509896115634
2024-05-20,2.1690912988127096,4,0.0054256509896115634
2024-05-21,2.1905990308821464,3,0.39263662593280224
2024-05-22,2.1128063779209505,3,0.39263662593280224
2024-05-23,2.1379795571499027,2,0.7786083502888907
2024-05-24,2.201576159672926,3,0.3375752218163094
2024-05-27,2.2803414101678827,3,0.3375752218163094
2024-05-28,2.3592546104248204,3,0.3375752218163094
2024-05-29,2.3654046463250364,3,0.3375752218163094
2024-05-30,2.3481154331093457,3,0.3375752218163094
2024-05-31,2.29569011652533,3,0.3375752218163094
2024-06-03,2.464936645064596,3,0.3375752218163094
2024-06-04,2.4294544318473372,2,0.7352423213277604
2024-06-05,2.4048767834922113,2,0.7352423213277604
2024-06-07,2.5101517080768483,2,0.7352423213277604
2024-06-10,2.55018986634704,2,0.7352423213277604
2024-06-11,2.608023995958699,2,0.7352423213277604
2024-06-12,2.7260494316738675,3,0.1921692413696351
2024-06-13,2.7344895805908056,3,0.1921692413696351
2024-06-14,2.7338334491424865,3,0.1921692413696351
2024-06-17,2.6554636508591924,2,0.695158748071521
2024-06-18,2.7481846572345097,2,0.695158748071521
2024-06-19,2.728011171351565,2,0.695158748071521
2024-06-20,2.7158557273643136,2,0.695158748071521
2024-06-21,2.7920104618847317,2,0.695158748071521
2024-06-24,2.7108737692173226,2,0.695158748071521
2024-06-25,2.644893216566259,2,0.695158748071521
2024-06-26,2.707266555189277,2,0.695158748071521
2024-06-27,2.6522526892547265,2,0.695158748071521
2024-06-28,2.6237988446924434,2,0.695158748071521
2024-07-01,2.4862375908684227,3,0.19330306796671415
2024-07-02,2.5029577059987744,3,0.17903560015907205
2024-07-03,2.5228180429916645,4,0.0
2024-07-04,2.490017766764227,4,0.0
2024-07-05,2.4540953627030824,4,0.0
2024-07-08,2.5116074454497728,4,0.0
2024-07-09,2.5185156098407475,3,0.46481431374009596
2024-07-10,2.5363015753512506,4,0.0
2024-07-11,2.6149072963669777,4,0.0
2024-07-12,2.398972660755171,3,0.4299473538923633
2024-07-15,2.431526907696556,2,0.9455243962479265
2024-07-16,2.3427745992347626,2,0.9455243962479265
2024-07-17,2.428517129964177,3,0.46498891026948636
2024-07-18,2.4146729594629353,3,0.46498891026948636
2024-07-19,2.436356733446528,3,0.46498891026948636
2024-07-22,2.4812127179860113,3,0.46498891026948636
2024-07-23,2.5814325907726636,3,0.46498891026948636
2024-07-24,2.555297466153856,3,0.46498891026948636
2024-07-25,2.420246360507636,3,0.46498891026948636
2024-07-26,2.460650992669901,3,0.46498891026948636
2024-07-29,2.5802565638340385,3,0.46498891026948636
2024-07-30,2.5378605114987245,3,0.46498891026948636
2024-07-31,2.5206290486354512,3,0.46498891026948636
2024-08-01,2.571004280539747,3,0.46498891026948636
2024-08-02,2.4242831026515117,3,0.46498891026948636
2024-08-05,2.1591769094968036,1,1.0734381038307352
2024-08-06,2.2130672624907115,0,2.2130672624907115
2024-08-07,2.2130672624907115,0,2.2130672624907115
2024-08-08,2.2130672624907115,0,2.2130672624907115
2024-08-09,2.2130672624907115,0,2.2130672624907115
2024-08-12,2.2130672624907115,0,2.2130672624907115
2024-08-13,2.2130672624907115,0,2.2130672624907115
2024-08-14,2.2130672624907115,0,2.2130672624907115
2024-08-16,2.2130672624907115,0,2.2130672624907115
2024-08-19,2.2130672624907115,0,2.2130672624907115
2024-08-20,2.2130672624907115,0,2.2130672624907115
2024-08-21,2.2130672624907115,0,2.2130672624907115
2024-08-22,2.2130672624907115,0,2.2130672624907115
2024-08-23,2.2130672624907115,0,2.2130672624907115
2024-08-26,2.2130672624907115,0,2.2130672624907115
2024-08-27,2.2130672624907115,0,2.2130672624907115
2024-08-28,2.2130672624907115,0,2.2130672624907115
2024-08-29,2.2130672624907115,0,2.2130672624907115
2024-08-30,2.2130672624907115,0,2.2130672624907115
2024-09-02,2.2130672624907115,0,2.2130672624907115
2024-09-03,2.2130672624907115,0,2.2130672624907115
2024-09-04,2.2130672624907115,0,2.2130672624907115
2024-09-05,2.2130672624907115,0,2.2130672624907115
2024-09-06,2.2130672624907115,0,2.2130672624907115
2024-09-09,2.2130672624907115,0,2.2130672624907115
2024-09-10,2.2130672624907115,0,2.2130672624907115
2024-09-11,2.2130672624907115,0,2.2130672624907115
2024-09-12,2.2130672624907115,0,2.2130672624907115
2024-09-13,2.2130672624907115,0,2.2130672624907115
2024-09-19,2.2130672624907115,0,2.2130672624907115
2024-09-20,2.2130672624907115,0,2.2130672624907115
2024-09-23,2.2130672624907115,0,2.2130672624907115
2024-09-24,2.2130672624907115,0,2.2130672624907115
2024-09-25,2.2130672624907115,0,2.2130672624907115
2024-09-26,2.2130672624907115,0,2.2130672624907115
2024-09-27,2.2130672624907115,0,2.2130672624907115
2024-09-30,2.2130672624907115,0,2.2130672624907115
2024-10-02,2.2130672624907115,0,2.2130672624907115
2024-10-04,2.2130672624907115,0,2.2130672624907115
2024-10-07,2.2130672624907115,0,2.2130672624907115
2024-10-08,2.2130672624907115,0,2.2130672624907115
2024-10-10,2.2130672624907115,0,2.2130672624907115
2024-10-11,2.2130672624907115,0,2.2130672624907115
2024-10-14,2.2130672624907115,0,2.2130672624907115
2024-10-15,2.2130672624907115,0,2.2130672624907115
2024-10-16,2.2130672624907115,0,2.2130672624907115
2024-10-17,2.2130672624907115,0,2.2130672624907115
2024-10-18,2.2130672624907115,0,2.2130672624907115
2024-10-21,2.2130672624907115,0,2.2130672624907115
2024-10-22,2.2130672624907115,0,2.2130672624907115
2024-10-23,2.2130672624907115,0,2.2130672624907115
2024-10-24,2.2130672624907115,0,2.2130672624907115
2024-10-25,2.2130672624907115,0,2.2130672624907115
2024-10-28,2.2130672624907115,0,2.2130672624907115
2024-10-29,2.2130672624907115,0,2.2130672624907115
2024-10-30,2.2130672624907115,0,2.2130672624907115
2024-10-31,2.2130672624907115,0,2.2130672624907115
2024-11-01,2.2130672624907115,0,2.2130672624907115
2024-11-04,2.2130672624907115,0,2.2130672624907115
2024-11-05,2.2130672624907115,0,2.2130672624907115
2024-11-06,2.2130672624907115,0,2.2130672624907115
2024-11-07,2.2130672624907115,0,2.2130672624907115
2024-11-08,2.2130672624907115,0,2.2130672624907115
2024-11-11,2.2130672624907115,0,2.2130672624907115
2024-11-12,2.2130672624907115,0,2.2130672624907115
2024-11-13,2.2130672624907115,0,2.2130672624907115
2024-11-14,2.2130672624907115,0,2.2130672624907115
2024-11-15,2.2130672624907115,0,2.2130672624907115
2024-11-18,2.2130672624907115,0,2.2130672624907115
2024-11-19,2.2130672624907115,0,2.2130672624907115
2024-11-20,2.2130672624907115,0,2.2130672624907115
2024-11-21,2.2130672624907115,0,2.2130672624907115
2024-11-22,2.2130672624907115,0,2.2130672624907115
2024-11-25,2.2130672624907115,0,2.2130672624907115
2024-11-26,2.2130672624907115,0,2.2130672624907115
2024-11-27,2.2130672624907115,0,2.2130672624907115
2024-11-28,2.2130672624907115,0,2.2130672624907115
2024-11-29,2.2130672624907115,0,2.2130672624907115
2024-12-02,2.2130672624907115,0,2.2130672624907115
2024-12-03,2.2130672624907115,0,2.2130672624907115
2024-12-04,2.2130672624907115,0,2.2130672624907115
2024-12-05,2.2130672624907115,0,2.2130672624907115
2024-12-06,2.2130672624907115,0,2.2130672624907115
2024-12-09,2.2130672624907115,0,2.2130672624907115
2024-12-10,2.2130672624907115,0,2.2130672624907115
2024-12-11,2.2130672624907115,0,2.2130672624907115
2024-12-12,2.2130672624907115,0,2.2130672624907115
2024-12-13,2.2130672624907115,0,2.2130672624907115
2024-12-16,2.2130672624907115,0,2.2130672624907115
2024-12-17,2.2130672624907115,0,2.2130672624907115
2024-12-18,2.2130672624907115,0,2.2130672624907115
2024-12-19,2.2130672624907115,0,2.2130672624907115
2024-12-20,2.2130672624907115,0,2.2130672624907115
2024-12-23,2.2130672624907115,0,2.2130672624907115
2024-12-24,2.2130672624907115,0,2.2130672624907115
2024-12-26,2.2130672624907115,0,2.2130672624907115
2024-12-27,2.2130672624907115,0,2.2130672624907115
2024-12-30,2.2130672624907115,0,2.2130672624907115
2025-01-02,2.2130672624907115,0,2.2130672624907115
2025-01-03,2.2130672624907115,0,2.2130672624907115
2025-01-06,2.2130672624907115,0,2.2130672624907115
2025-01-07,2.2130672624907115,0,2.2130672624907115
2025-01-08,2.2130672624907115,0,2.2130672624907115
2025-01-09,2.2130672624907115,0,2.2130672624907115
2025-01-10,2.2130672624907115,0,2.2130672624907115
2025-01-13,2.2130672624907115,0,2.2130672624907115
2025-01-14,2.2130672624907115,0,2.2130672624907115
2025-01-15,2.2130672624907115,0,2.2130672624907115
2025-01-16,2.2130672624907115,0,2.2130672624907115
2025-01-17,2.2130672624907115,0,2.2130672624907115
2025-01-20,2.2130672624907115,0,2.2130672624907115
2025-01-21,2.2130672624907115,0,2.2130672624907115
2025-01-22,2.2130672624907115,0,2.2130672624907115
2025-01-23,2.2130672624907115,0,2.2130672624907115
2025-01-24,2.2130672624907115,0,2.2130672624907115
2025-01-31,2.2130672624907115,0,2.2130672624907115
2025-02-03,2.2130672624907115,0,2.2130672624907115
2025-02-04,2.2130672624907115,0,2.2130672624907115
2025-02-05,2.2130672624907115,0,2.2130672624907115
2025-02-06,2.2130672624907115,0,2.2130672624907115
2025-02-07,2.2130672624907115,0,2.2130672624907115
2025-02-10,2.2130672624907115,0,2.2130672624907115
2025-02-11,2.2130672624907115,0,2.2130672624907115
2025-02-12,2.2130672624907115,0,2.2130672624907115
2025-02-13,2.2130672624907115,0,2.2130672624907115
2025-02-14,2.2130672624907115,0,2.2130672624907115
2025-02-17,2.2130672624907115,0,2.2130672624907115
2025-02-18,2.2130672624907115,0,2.2130672624907115
2025-02-19,2.2130672624907115,0,2.2130672624907115
2025-02-20,2.2130672624907115,0,2.2130672624907115
2025-02-21,2.2130672624907115,0,2.2130672624907115
2025-02-24,2.2130672624907115,0,2.2130672624907115
2025-02-25,2.2130672624907115,0,2.2130672624907115
2025-02-26,2.2130672624907115,0,2.2130672624907115
2025-02-27,2.2130672624907115,0,2.2130672624907115
2025-02-28,2.2130672624907115,0,2.2130672624907115
2025-03-04,2.2130672624907115,0,2.2130672624907115
2025-03-05,2.2130672624907115,0,2.2130672624907115
2025-03-06,2.2130672624907115,0,2.2130672624907115
2025-03-07,2.2130672624907115,0,2.2130672624907115
2025-03-10,2.2130672624907115,0,2.2130672624907115
2025-03-11,2.2130672624907115,0,2.2130672624907115
2025-03-12,2.2130672624907115,0,2.2130672624907115
2025-03-13,2.2130672624907115,0,2.2130672624907115
2025-03-14,2.2130672624907115,0,2.2130672624907115
2025-03-17,2.2130672624907115,0,2.2130672624907115
2025-03-18,2.2130672624907115,0,2.2130672624907115
2025-03-19,2.2130672624907115,0,2.2130672624907115
2025-03-20,2.2130672624907115,0,2.2130672624907115
2025-03-21,2.2130672624907115,0,2.2130672624907115
2025-03-24,2.2130672624907115,0,2.2130672624907115
2025-03-25,2.2130672624907115,0,2.2130672624907115
2025-03-26,2.2130672624907115,0,2.2130672624907115
2025-03-27,2.2130672624907115,0,2.2130672624907115
2025-03-28,2.2130672624907115,0,2.2130672624907115
2025-03-31,2.2130672624907115,0,2.2130672624907115
2025-04-01,2.2130672624907115,0,2.2130672624907115
2025-04-02,2.2130672624907115,0,2.2130672624907115
2025-04-03,2.2130672624907115,0,2.2130672624907115
2025-04-04,2.2130672624907115,0,2.2130672624907115
2025-04-07,2.2130672624907115,0,2.2130672624907115
2025-04-08,2.2130672624907115,0,2.2130672624907115
2025-04-09,2.2130672624907115,0,2.2130672624907115
2025-04-10,2.2130672624907115,0,2.2130672624907115
2025-04-11,2.2130672624907115,0,2.2130672624907115
2025-04-14,2.2130672624907115,0,2.2130672624907115
2025-04-15,2.2130672624907115,0,2.2130672624907115
2025-04-16,2.2130672624907115,0,2.2130672624907115
2025-04-17,2.2130672624907115,0,2.2130672624907115
2025-04-18,2.2130672624907115,0,2.2130672624907115
2025-04-21,2.2130672624907115,0,2.2130672624907115
2025-04-22,2.2130672624907115,0,2.2130672624907115
2025-04-23,2.2130672624907115,0,2.2130672624907115
2025-04-24,2.2130672624907115,0,2.2130672624907115
2025-04-25,2.2130672624907115,0,2.2130672624907115
2025-04-28,2.2130672624907115,0,2.2130672624907115
2025-04-29,2.2130672624907115,0,2.2130672624907115
2025-04-30,2.2130672624907115,0,2.2130672624907115
2025-05-02,2.2130672624907115,0,2.2130672624907115
2025-05-07,2.2130672624907115,0,2.2130672624907115
2025-05-08,2.2130672624907115,0,2.2130672624907115
2025-05-09,2.2130672624907115,0,2.2130672624907115
2025-05-12,2.1479761728010374,0,2.1479761728010374
2025-05-13,2.1479761728010374,0,2.1479761728010374
2025-05-14,2.1479761728010374,0,2.1479761728010374
2025-05-15,2.1479761728010374,0,2.1479761728010374
2025-05-16,2.1479761728010374,0,2.1479761728010374
2025-05-19,2.1479761728010374,0,2.1479761728010374
2025-05-20,2.1479761728010374,0,2.1479761728010374
2025-05-21,2.1479761728010374,0,2.1479761728010374
2025-05-22,2.1479761728010374,0,2.1479761728010374
2025-05-23,2.1479761728010374,0,2.1479761728010374
2025-05-26,2.1479761728010374,0,2.1479761728010374
2025-05-27,2.1479761728010374,0,2.1479761728010374
2025-05-28,2.1479761728010374,0,2.1479761728010374
2025-05-29,2.1552849266582994,1,1.71838093824083
2025-05-30,2.143625008600062,1,1.71838093824083
2025-06-02,2.1594001918553243,1,1.71838093824083
2025-06-04,2.1640748139248083,2,1.2837573897384154
2025-06-05,2.1663437855054797,2,1.2837573897384154
2025-06-09,2.1803535318027123,2,1.2837573897384154
2025-06-10,2.219802922198066,2,1.2837573897384154
2025-06-11,2.203677551158395,2,1.2837573897384154
2025-06-12,2.208114008067866,2,1.2837573897384154
2025-06-13,2.1769428254137146,2,1.2837573897384154
2025-06-16,2.2189968771381676,2,1.2837573897384154
2025-06-17,2.2210041755132237,3,0.8369065841914541
2025-06-18,2.262622101634639,3,0.8369065841914541
2025-06-19,2.2956807395205803,3,0.8369065841914541
2025-06-20,2.3246465925497435,3,0.8369065841914541
2025-06-23,2.3287590922942805,3,0.8369065841914541
2025-06-24,2.338818376882834,3,0.8369065841914541
2025-06-25,2.3347077766708253,3,0.8369065841914541
2025-06-26,2.363108076720811,3,0.8369065841914541
2025-06-27,2.3480445198720545,3,0.8369065841914541
2025-06-30,2.4106739127548904,3,0.8369065841914541
2025-07-01,2.3877606329676047,3,0.8369065841914541
2025-07-02,2.352581775704798,3,0.801792943697651
2025-07-03,2.3003146108077517,3,0.801792943697651
2025-07-04,2.287285546109728,3,0.801792943697651
2025-07-07,2.329998968814163,3,0.801792943697651
2025-07-08,2.403206160689984,3,0.801792943697651
2025-07-09,2.4753037253362633,3,0.801792943697651
2025-07-10,2.479722918757265,3,0.801792943697651
2025-07-11,2.4186520093922312,4,0.3188878854866916
2025-07-14,2.4145442617003385,5,0.0
2025-07-15,2.4356065648147354,5,0.0
2025-07-16,2.3868708677072816,5,0.0
2025-07-17,2.391501382303944,5,0.0
2025-07-18,2.3568118067215416,5,0.0
2025-07-21,2.4452168041137203,4,0.44739685542340524
2025-07-22,2.5607310466848836,5,0.0
2025-07-23,2.4358521081369933,4,0.2954399312525713
2025-07-24,2.4039695959222476,4,0.2954399312525713
2025-07-25,2.396029310763962,5,0.0
2025-07-28,2.338184651971835,5,0.0
2025-07-29,2.347605913712446,5,0.0
2025-07-30,2.2818643310162323,4,0.4144995850412251
2025-07-31,2.338133718871886,4,0.4144995850412251
2025-08-01,2.0966035627931583,4,0.34221406234115
2025-08-04,2.1849484366979444,3,0.8606603316776671
2025-08-05,2.22695185664971,4,0.41712389370430614
2025-08-06,2.2558481674501616,4,0.41712389370430614
2025-08-07,2.3533527234223044,5,0.0
2025-08-08,2.398306032521014,5,0.0
2025-08-11,2.3792857244170245,5,0.0
2025-08-12,2.320821135416601,3,0.7973756319861105
2025-08-13,2.253136733954724,3,0.7973756319861105
2025-08-14,2.2582006787054576,3,0.7973756319861105
2025-08-18,2.197364846682047,4,0.3540948686914657
2025-08-19,2.2066323566404105,5,0.0
2025-08-20,2.1672959884953054,3,0.7387442816678702
2025-08-21,2.149556300924659,3,0.7387442816678702
2025-08-22,2.165023888717011,3,0.7387442816678702
2025-08-25,2.1755699787235487,3,0.7387442816678702
2025-08-26,2.1779472643737288,3,0.7387442816678702
2025-08-27,2.1252714622829263,3,0.7387442816678702
2025-08-28,2.130997696556482,4,0.308929149613523
2025-08-29,2.1215525070542127,5,0.0
2025-09-01,2.1197322989031133,4,0.2737161145062275
2025-09-02,2.0930137332193053,3,0.559929579732217
2025-09-03,2.064892548572312,3,0.559929579732217
2025-09-04,2.070044497356467,2,1.0362905522722696
2025-09-05,2.070723527704853,3,0.6203180129548543
2025-09-08,2.060542560066072,4,0.20883998698430323
2025-09-09,2.057796224991765,4,0.20883998698430323
2025-09-10,2.066054631781631,4,0.4051413021274682
2025-09-11,2.0648404686831405,5,0.0
2025-09-12,2.0662034725726715,4,0.37535109954219853
2025-09-15,2.1024545419948315,4,0.37535109954219853
2025-09-16,2.119046977065317,4,0.37535109954219853
2025-09-17,2.1099449561446795,5,0.0
2025-09-18,2.1398948970833596,5,0.0
2025-09-19,2.147346177933799,5,0.0
2025-09-22,2.166643134238468,5,0.0
2025-09-23,2.1390996280551535,5,0.0
2025-09-24,2.1241660208889197,4,0.3812218815372866
2025-09-25,2.112674644884911,4,0.3812218815372866
2025-09-26,2.032421428629901,4,0.3812218815372866
2025-09-29,2.0622152823447553,4,0.3812218815372866
2025-09-30,2.0775708607033208,3,0.766607793050766
2025-10-01,2.0950086852392564,3,0.766607793050766
2025-10-02,2.118576285279109,3,0.766607793050766
2025-10-10,2.2083519403610783,3,0.766607793050766
2025-10-13,2.1500036817549435,3,0.766607793050766
2025-10-14,2.083106265532451,2,1.1143591755627622
2025-10-15,2.110564246801429,2,1.1143591755627622
2025-10-16,2.1212977600747864,2,1.1143591755627622
2025-10-17,2.1182022411757937,2,1.1143591755627622
2025-10-20,2.140737958041109,2,1.1143591755627622
2025-10-21,2.127335968699146,2,1.1143591755627622
2025-10-22,2.1155337651071884,2,1.1143591755627622
2025-10-23,2.197503209792152,2,1.1143591755627622
2025-10-24,2.199105162027421,2,1.1143591755627622
2025-10-27,2.2320004588788462,2,1.1143591755627622
2025-10-28,2.236219944124846,2,1.1143591755627622
2025-10-29,2.2674580127125963,2,1.1143591755627622
2025-10-30,2.2381936631620976,2,1.1143591755627622
2025-10-31,2.298005657239523,2,1.1143591755627622
2025-11-03,2.3237431120901118,2,1.1143591755627622
2025-11-04,2.3071350517923452,2,1.1143591755627622
2025-11-05,2.345685958039823,2,1.1143591755627622
2025-11-06,2.3747888124756367,2,1.1143591755627622
2025-11-07,2.3140186801364204,2,1.1143591755627622
2025-11-10,2.3984419962321635,2,1.1143591755627622
2025-11-11,2.4258897888895667,2,1.1143591755627622
2025-11-12,2.484414155020035,2,1.1143591755627622
2025-11-13,2.427810398383678,2,1.1143591755627622
2025-11-14,2.37033744700624,1,1.6142159919591506
2025-11-17,2.434415536417011,1,1.6142159919591506
2025-11-18,2.4280077274759337,1,1.6142159919591506
2025-11-19,2.4520370110049727,1,1.6142159919591506
2025-11-20,2.4376194408875493,1,1.6142159919591506
2025-11-21,2.372740375359144,1,1.6142159919591506
2025-11-24,2.3887598977118367,1,1.6142159919591506
2025-11-25,2.461648724416588,1,1.6142159919591506
2025-11-26,2.424803823005395,1,1.6142159919591506
2025-11-27,2.4029699609539503,2,1.1311775700403948
2025-11-28,2.3769348796751957,2,1.1311775700403948
2025-12-01,2.3655679549569877,2,1.1311775700403948
2025-12-02,2.3486848098758797,2,1.1311775700403948
2025-12-03,2.42879796401358,3,0.6452094302181229
2025-12-04,2.3607100145142845,3,0.6452094302181229
2025-12-05,2.4053411454575726,4,0.1655066040951655
2025-12-08,2.388160049667116,4,0.1655066040951655
2025-12-09,2.3869094593576845,4,0.1655066040951655
2025-12-10,2.3885011145470094,4,0.1655066040951655
2025-12-11,2.389847774850012,4,0.1655066040951655
2025-12-12,2.393374297975225,5,0.0
2025-12-15,2.3669392874818582,5,0.0
2025-12-16,2.3324192884152195,5,0.0
2025-12-17,2.3694004667295725,5,0.0
2025-12-18,2.4032272296465336,4,0.15333683705511253
2025-12-19,2.4458370322646106,4,0.15333683705511253
2025-12-22,2.4500725061156503,5,0.0
2025-12-23,2.3948911983898595,5,0.0
2025-12-24,2.398385240695009,5,0.0
2025-12-26,2.4037071191954467,4,0.14206191787094335
2025-12-29,2.4876115371300407,4,0.14206191787094335
2025-12-30,2.4762446431805323,4,0.14206191787094335
2026-01-02,2.4805734226824936,4,0.14206191787094335
2026-01-05,2.497183668564916,4,0.14206191787094335
2026-01-06,2.4491643145042326,4,0.14206191787094335
2026-01-07,2.4748437002464807,4,0.14206191787094335
2026-01-08,2.4929068197627444,3,0.8360222123920065
2026-01-09,2.4793167553234876,4,0.34010439772570916
2026-01-12,2.455800316565275,5,0.0
2026-01-13,2.440069429372192,4,0.31493857625293564
2026-01-14,2.4418886603172387,4,0.31493857625293564
2026-01-15,2.4683407760019214,3,0.8916597353055088
2026-01-16,2.470023741937057,3,0.8916597353055088
2026-01-19,2.45517278233681,3,0.8916597353055088
2026-01-20,2.4836078930527754,3,0.8916597353055088
2026-01-21,2.484961567251966,3,0.8916597353055088
2026-01-22,2.461092064451555,3,0.8916597353055088
2026-01-23,2.4913530179168952,3,0.8916597353055088
2026-01-26,2.4764025190695835,3,0.8916597353055088
2026-01-27,2.491649146174124,3,0.8916597353055088
2026-01-28,2.51035845709207,4,0.3931814541765027
2026-01-29,2.5258195651656754,4,0.3931814541765027
2026-01-30,2.538488478346081,3,0.8524041267849042
2026-02-02,2.4660690208974025,3,0.8524041267849042
2026-02-03,2.582581790107142,3,0.8524041267849042
2026-02-04,2.594095036636218,3,0.8524041267849042
2026-02-05,2.534571360381472,3,0.8524041267849042
2026-02-06,2.5085302160986838,3,0.8524041267849042
2026-02-09,2.612816060935808,2,1.480257116758926
2026-02-10,2.6239268007351018,2,1.480257116758926
2026-02-11,2.6523850282184753,2,1.480257116758926
2026-02-12,2.6769686359674862,3,0.9419173552449764
2026-02-13,2.7471944106078574,3,0.9419173552449764
2026-02-19,2.7692661993195338,3,0.9419173552449764
2026-02-20,2.895706726024946,3,0.9419173552449764
2026-02-23,2.8777613111457043,3,0.9419173552449764
2026-02-24,2.8652931474739405,3,0.9419173552449764
2026-02-25,2.849272867528964,3,0.9419173552449764
2026-02-26,2.847448208566685,3,0.9419173552449764
2026-02-27,2.7877871345193403,3,0.9419173552449764
2026-03-03,2.62755175951372,3,0.9024484352703941
2026-03-04,2.444508732596602,2,1.4717798620188374
2026-03-05,2.5543525765061643,0,2.5543525765061643
2026-03-06,2.5543525765061643,0,2.5543525765061643
2026-03-09,2.5543525765061643,0,2.5543525765061643
2026-03-10,2.5543525765061643,0,2.5543525765061643
2026-03-11,2.5543525765061643,0,2.5543525765061643
2026-03-12,2.5543525765061643,0,2.5543525765061643
2026-03-13,2.5543525765061643,0,2.5543525765061643
2026-03-16,2.5543525765061643,0,2.5543525765061643
2026-03-17,2.5543525765061643,0,2.5543525765061643
2026-03-18,2.5543525765061643,0,2.5543525765061643
2026-03-19,2.5543525765061643,0,2.5543525765061643
2026-03-20,2.5543525765061643,0,2.5543525765061643
2026-03-23,2.5543525765061643,0,2.5543525765061643
2026-03-24,2.5543525765061643,0,2.5543525765061643
2026-03-25,2.575313952609841,1,2.0434820612049314
2026-03-26,2.5966691371082318,2,1.5191060854878542
2026-03-27,2.5707250175809726,2,1.4915623118985855
2026-03-30,2.468549155485805,1,1.9653103765220195
2026-03-31,2.438379333625986,0,2.438379333625986
2026-04-01,2.438379333625986,0,2.438379333625986
2026-04-02,2.438379333625986,0,2.438379333625986
2026-04-03,2.438379333625986,0,2.438379333625986
2026-04-06,2.438379333625986,0,2.438379333625986
2026-04-07,2.438379333625986,0,2.438379333625986
2026-04-08,2.438379333625986,0,2.438379333625986
2026-04-09,2.438379333625986,0,2.438379333625986
2026-04-10,2.438379333625986,0,2.438379333625986
2026-04-13,2.438379333625986,0,2.438379333625986
2026-04-14,2.438379333625986,0,2.438379333625986
2026-04-15,2.438379333625986,0,2.438379333625986
2026-04-16,2.438379333625986,0,2.438379333625986
2026-04-17,2.441786282153487,1,1.9507034669007886
2026-04-20,2.437737784088749,1,1.9507034669007886
2026-04-21,2.428021388733378,1,1.9507034669007886
2026-04-22,2.4312601871851687,1,1.9507034669007886
2026-04-23,2.443810531185856,1,1.9507034669007886
2026-04-24,2.4789146642064415,3,0.9550419830964207
2026-04-27,2.5081100928753535,3,0.9550419830964207
2026-04-28,2.5022345014367953,3,0.9550419830964207
2026-04-29,2.532476422534577,4,0.44869160114447415
2026-04-30,2.4672641140154035,4,0.46888328831809645
2026-05-04,2.5776971380350586,4,0.46888328831809645
2026-05-06,2.658543154458819,3,0.884374222825377
2026-05-07,2.6994203604387157,4,0.3157572466892907
2026-05-08,2.757983759033989,5,0.0
2026-05-11,2.877419047038738,5,0.0
2026-05-12,2.820351002195885,4,0.2923929780939585
2026-05-13,2.904742518285813,4,0.2923929780939585
2026-05-14,3.089232181041531,4,0.2923929780939585
2026-05-15,3.1868859061161876,4,0.2923929780939585
2026-05-18,3.4919453552327697,4,0.2923929780939585
2026-05-19,3.2743966025033258,4,0.2923929780939585
2026-05-20,3.1588854625379286,4,0.2923929780939585
2026-05-21,3.3489223500257808,4,0.2923929780939585
2026-05-22,3.4718988905663526,4,0.2923929780939585
2026-05-26,3.6604037787409727,4,0.2923929780939585
2026-05-27,3.6505341376064937,4,0.2923929780939585
2026-05-28,3.515878604345306,4,0.2923929780939585
2026-05-29,3.5093173172754764,4,0.2923929780939585
2026-06-01,3.468511172723509,3,0.8673154239138844
2026-06-02,3.6151287572764415,3,0.8673154239138844
2026-06-04,3.7722627741273014,3,0.8673154239138844
2026-06-05,3.4689020055063136,3,0.8673154239138844
2026-06-08,3.29615435628825,3,0.8673154239138844
2026-06-09,3.3981779694944327,3,0.8673154239138844
2026-06-10,3.286933099598173,3,0.8673154239138844
2026-06-11,3.2816873543833505,3,0.8673154239138844
2026-06-12,3.3474374586746287,3,0.8673154239138844
2026-06-15,3.4965104545071655,3,0.8673154239138844
2026-06-16,3.493003388385717,3,0.8673154239138844
2026-06-17,3.59857734350494,3,0.8673154239138844
2026-06-18,3.621458423268783,3,0.8673154239138844
2026-06-19,3.6851449824537075,3,0.8673154239138844
2026-06-22,3.658723517550305,3,0.8673154239138844
2026-06-23,3.4181517179593417,3,0.8673154239138844
2026-06-24,3.3940379276781028,3,0.8673154239138844
2026-06-25,3.6070722360067977,3,0.8673154239138844
2026-06-26,3.460532545971754,3,0.8673154239138844
2026-06-29,3.3822993836757784,3,0.8673154239138844
2026-06-30,3.4960412985029867,3,0.8673154239138844
2026-07-01,3.33592061546478,3,0.8673154239138844
2026-07-02,3.082357158618472,3,0.8673154239138844
2026-07-03,3.1402215078273867,2,1.5904556261134826
2026-07-06,3.130292178047797,2,1.5904556261134826
2026-07-07,3.030200064972858,2,1.5904556261134826
2026-07-08,2.951634068525572,2,1.5904556261134826
2026-07-09,2.9908942995269747,1,2.227606748987876
2026-07-10,3.0497049796504787,1,2.227606748987876
2026-07-13,2.957109440732621,1,2.227606748987876
2026-07-14,2.944116312710788,0,2.944116312710788
2026-07-15,2.944116312710788,0,2.944116312710788
2026-07-16,2.944116312710788,0,2.944116312710788
2026-07-20,2.944116312710788,0,2.944116312710788
2026-07-21,2.944116312710788,0,2.944116312710788
2026-07-22,2.944116312710788,0,2.944116312710788
2026-07-23,2.944116312710788,0,2.944116312710788
2026-07-24,2.944116312710788,0,2.944116312710788
2026-07-27,2.944116312710788,0,2.944116312710788
2026-07-28,2.944116312710788,0,2.944116312710788
2026-07-29,2.944116312710788,0,2.944116312710788
2026-07-30,2.944116312710788,0,2.944116312710788
2026-07-31,2.944116312710788,0,2.944116312710788
2026-08-03,2.944116312710788,0,2.944116312710788
2026-08-04,2.944116312710788,0,2.944116312710788
2026-08-05,2.944116312710788,0,2.944116312710788
2026-08-06,2.944116312710788,0,2.944116312710788
2026-08-07,2.944116312710788,0,2.944116312710788
2026-08-10,2.944116312710788,0,2.944116312710788
2026-08-11,2.944116312710788,0,2.944116312710788
2026-08-12,2.944116312710788,0,2.944116312710788
2026-08-13,2.944116312710788,0,2.944116312710788
2026-08-14,2.944116312710788,0,2.944116312710788
2026-08-18,2.944116312710788,0,2.944116312710788
2026-08-19,2.944116312710788,0,2.944116312710788
2026-08-20,2.944116312710788,0,2.944116312710788
2026-08-21,2.944116312710788,0,2.944116312710788
2026-08-24,2.944116312710788,0,2.944116312710788
2026-08-25,2.944116312710788,0,2.944116312710788
2026-08-26,2.944116312710788,0,2.944116312710788
2026-08-27,2.944116312710788,0,2.944116312710788
2026-08-28,2.944116312710788,0,2.944116312710788
2026-08-31,2.944116312710788,0,2.944116312710788
2026-09-01,2.944116312710788,0,2.944116312710788
2026-09-02,2.944116312710788,0,2.944116312710788
2026-09-03,2.944116312710788,0,2.944116312710788
2026-09-04,2.9026193816336034,2,1.766469787626473
2026-09-07,2.9406139683170593,2,1.766469787626473
2026-09-08,2.9281484544515255,2,1.766469787626473
2026-09-09,2.9029074665886467,2,1.766469787626473
2026-09-10,2.9021036834361786,0,2.9021036834361786
